apoLogs-01-of-52,53616/apoLogs.53616.md5sum-ppd.tar.gz
apoLogs-01-of-52,53617/apoLogs.53617.mcptpm-murmur-ppd.tar.gz
apoLogs-01-of-52,53618/apoLogs.53618.mcptpm-murmur-ppd.tar.gz
apoLogs-01-of-52,53619/apoLogs.53619.mcptpm-murmur-ppd.tar.gz
apoLogs-01-of-52,53619/apoLogs.53619.murmur-ppd.tar.gz-No-mcptpm
apoLogs-01-of-52,53620/apoLogs.53620.mcptpm-murmur-ppd.tar.gz
apoLogs-01-of-52,53621/apoLogs.53621.mcptpm-murmur-ppd.tar.gz
apoLogs-01-of-52,53622/apoLogs.53622.mcptpm-md5sum-murmur-ppd.tar.gz
apoLogs-01-of-52,53623/apoLogs.53623.mcptpm-md5sum-murmur-ppd.tar.gz
apoLogs-01-of-52,53624/apoLogs.53624.mcptpm-murmur-ppd.tar.gz
apoLogs-01-of-52,53625/apoLogs.53625.mcptpm-md5sum-murmur-ppd.tar.gz
apoLogs-01-of-52,53626/apoLogs.53626.mcptpm-md5sum-murmur-ppd.tar.gz
apoLogs-01-of-52,53627/apoLogs.53627.mcptpm-md5sum-murmur-ppd.tar.gz
apoLogs-01-of-52,53628/apoLogs.53628.mcptpm-md5sum-murmur-ppd.tar.gz
apoLogs-01-of-52,53629/apoLogs.53629.mcptpm-md5sum.tar.gz
apoLogs-01-of-52,53630/apoLogs.53630.mcptpm-murmur.tar.gz
apoLogs-01-of-52,53631/apoLogs.53631.mcptpm.tar.gz
apoLogs-01-of-52,53632/apoLogs.53632.mcptpm.tar.gz
apoLogs-01-of-52,53633/apoLogs.53633.mcptpm.tar.gz
apoLogs-01-of-52,53634/apoLogs.53634.mcptpm-md5sum-murmur-ppd.tar.gz
apoLogs-01-of-52,53635/apoLogs.53635.mcptpm-md5sum-murmur-ppd.tar.gz
apoLogs-01-of-52,53636/apoLogs.53636.mcptpm-md5sum-murmur-ppd.tar.gz
apoLogs-01-of-52,53637/apoLogs.53637.mcptpm-md5sum-murmur-ppd.tar.gz
apoLogs-01-of-52,53638/apoLogs.53638.mcptpm-md5sum-murmur-ppd.tar.gz
apoLogs-01-of-52,53639/apoLogs.53639.mcptpm-md5sum-murmur-ppd.tar.gz
apoLogs-01-of-52,53640/apoLogs.53640.mcptpm-md5sum-murmur-ppd.tar.gz
apoLogs-01-of-52,53641/apoLogs.53641.mcptpm-md5sum-murmur-ppd.tar.gz
apoLogs-01-of-52,53642/apoLogs.53642.mcptpm-md5sum-murmur-ppd.tar.gz
apoLogs-01-of-52,53643/apoLogs.53643.mcptpm-md5sum-murmur-ppd.tar.gz
apoLogs-01-of-52,53644/apoLogs.53644.mcptpm-md5sum-murmur-ppd.tar.gz
apoLogs-01-of-52,53645/apoLogs.53645.mcptpm-md5sum-murmur-ppd.tar.gz
apoLogs-01-of-52,53646/apoLogs.53646.mcptpm-md5sum-murmur-ppd.tar.gz
apoLogs-01-of-52,53647/apoLogs.53647.mcptpm-md5sum-murmur-ppd.tar.gz
apoLogs-01-of-52,53648/apoLogs.53648.mcptpm-md5sum-murmur-ppd.tar.gz
apoLogs-01-of-52,53649/apoLogs.53649.mcptpm-md5sum-murmur-ppd.tar.gz
apoLogs-01-of-52,53650/apoLogs.53650.mcptpm-md5sum-murmur-ppd.tar.gz
apoLogs-01-of-52,53651/apoLogs.53651.mcptpm-md5sum-murmur-ppd.tar.gz
apoLogs-01-of-52,53652/apoLogs.53652.mcptpm-md5sum-murmur-ppd.tar.gz
apoLogs-01-of-52,53653/apoLogs.53653.mcptpm-md5sum-murmur-ppd.tar.gz
apoLogs-01-of-52,53654/apoLogs.53654.mcptpm-md5sum-murmur-ppd.tar.gz
apoLogs-01-of-52,53655/apoLogs.53655.mcptpm-md5sum-murmur-ppd.tar.gz
apoLogs-02-of-52,53656/apoLogs.53656.mcptpm-md5sum-murmur-ppd.tar.gz
apoLogs-02-of-52,53657/apoLogs.53657.mcptpm-md5sum-murmur-ppd.tar.gz
apoLogs-02-of-52,53658/apoLogs.53658.mcptpm-md5sum.tar.gz
apoLogs-02-of-52,53659/apoLogs.53659.mcptpm.tar.gz
apoLogs-02-of-52,53660/apoLogs.53660.mcptpm.tar.gz
apoLogs-02-of-52,53661/apoLogs.53661.mcptpm-md5sum-murmur-ppd.tar.gz
apoLogs-02-of-52,53662/apoLogs.53662.mcptpm-md5sum.tar.gz
apoLogs-02-of-52,53663/apoLogs.53663.mcptpm-md5sum-murmur-ppd.tar.gz
apoLogs-02-of-52,53664/apoLogs.53664.mcptpm-md5sum-murmur-ppd.tar.gz
apoLogs-02-of-52,53665/apoLogs.53665.mcptpm-md5sum-murmur-ppd.tar.gz
apoLogs-02-of-52,53666/apoLogs.53666.mcptpm-md5sum-murmur-ppd.tar.gz
apoLogs-02-of-52,53667/apoLogs.53667.mcptpm-md5sum-murmur-ppd.tar.gz
apoLogs-02-of-52,53668/apoLogs.53668.mcptpm-md5sum-murmur-ppd.tar.gz
apoLogs-02-of-52,53669/apoLogs.53669.mcptpm-md5sum-murmur-ppd.tar.gz
apoLogs-02-of-52,53670/apoLogs.53670.mcptpm-md5sum-murmur-ppd.tar.gz
apoLogs-02-of-52,53671/apoLogs.53671.mcptpm-md5sum-murmur-ppd.tar.gz
apoLogs-02-of-52,53672/apoLogs.53672.mcptpm-md5sum-murmur-ppd.tar.gz
apoLogs-02-of-52,53673/apoLogs.53673.mcptpm-md5sum-murmur-ppd.tar.gz
apoLogs-02-of-52,53674/apoLogs.53674.mcptpm-md5sum-murmur-ppd.tar.gz
apoLogs-02-of-52,53675/apoLogs.53675.mcptpm-md5sum-murmur-ppd.tar.gz
apoLogs-02-of-52,53676/apoLogs.53676.mcptpm-md5sum-murmur-ppd.tar.gz
apoLogs-02-of-52,53677/apoLogs.53677.mcptpm-md5sum-murmur-ppd.tar.gz
apoLogs-02-of-52,53678/apoLogs.53678.mcptpm-md5sum-murmur-ppd.tar.gz
apoLogs-02-of-52,53679/apoLogs.53679.mcptpm-md5sum-murmur-ppd.tar.gz
apoLogs-02-of-52,53680/apoLogs.53680.mcptpm-md5sum-murmur-ppd.tar.gz
apoLogs-02-of-52,53681/apoLogs.53681.mcptpm-md5sum-murmur-ppd.tar.gz
apoLogs-02-of-52,53682/apoLogs.53682.mcptpm-md5sum-murmur-ppd.tar.gz
apoLogs-02-of-52,53683/apoLogs.53683.mcptpm-md5sum-murmur-ppd.tar.gz
apoLogs-02-of-52,53684/apoLogs.53684.mcptpm-md5sum-murmur-ppd.tar.gz
apoLogs-02-of-52,53685/apoLogs.53685.mcptpm-md5sum-murmur-ppd.tar.gz
apoLogs-02-of-52,53686/apoLogs.53686.mcptpm-md5sum-murmur-ppd.tar.gz
apoLogs-02-of-52,53687/apoLogs.53687.mcptpm-md5sum-murmur-ppd.tar.gz
apoLogs-02-of-52,53688/apoLogs.53688.mcptpm.tar.gz
apoLogs-02-of-52,53689/apoLogs.53689.mcptpm-md5sum-murmur.tar.gz
apoLogs-02-of-52,53690/apoLogs.53690.mcptpm.tar.gz
apoLogs-02-of-52,53691/apoLogs.53691.mcptpm.tar.gz
apoLogs-02-of-52,53692/apoLogs.53692.mcptpm-md5sum-murmur.tar.gz
apoLogs-02-of-52,53693/apoLogs.53693.mcptpm-md5sum-murmur-ppd.tar.gz
apoLogs-02-of-52,53694/apoLogs.53694.mcptpm-md5sum-murmur-ppd.tar.gz
apoLogs-03-of-52,53695/apoLogs.53695.mcptpm-md5sum-murmur-ppd.tar.gz
apoLogs-03-of-52,53696/apoLogs.53696.mcptpm-md5sum-murmur-ppd.tar.gz
apoLogs-03-of-52,53697/apoLogs.53697.mcptpm-md5sum-murmur-ppd.tar.gz
apoLogs-03-of-52,53698/apoLogs.53698.mcptpm-md5sum-murmur-ppd.tar.gz
apoLogs-03-of-52,53699/apoLogs.53699.mcptpm-md5sum-murmur-ppd.tar.gz
apoLogs-03-of-52,53700/apoLogs.53700.mcptpm-md5sum-murmur-ppd.tar.gz
apoLogs-03-of-52,53701/apoLogs.53701.mcptpm-md5sum-murmur-ppd.tar.gz
apoLogs-03-of-52,53702/apoLogs.53702.mcptpm-md5sum-murmur-ppd.tar.gz
apoLogs-03-of-52,53703/apoLogs.53703.mcptpm-md5sum-murmur-ppd.tar.gz
apoLogs-03-of-52,53704/apoLogs.53704.mcptpm-md5sum-murmur-ppd.tar.gz
apoLogs-03-of-52,53705/apoLogs.53705.mcptpm-md5sum-murmur-ppd.tar.gz
apoLogs-03-of-52,53706/apoLogs.53706.mcptpm-md5sum-murmur-ppd.tar.gz
apoLogs-03-of-52,53707/apoLogs.53707.mcptpm-md5sum-murmur-ppd.tar.gz
apoLogs-03-of-52,53708/apoLogs.53708.mcptpm-md5sum-murmur-ppd.tar.gz
apoLogs-03-of-52,53709/apoLogs.53709.mcptpm-md5sum-murmur-ppd.tar.gz
apoLogs-03-of-52,53710/apoLogs.53710.mcptpm-md5sum-murmur-ppd.tar.gz
apoLogs-03-of-52,53711/apoLogs.53711.mcptpm-md5sum-murmur-ppd.tar.gz
apoLogs-03-of-52,53712/apoLogs.53712.mcptpm-md5sum-murmur-ppd.tar.gz
apoLogs-03-of-52,53713/apoLogs.53713.mcptpm-md5sum-murmur-ppd.tar.gz
apoLogs-03-of-52,53714/apoLogs.53714.mcptpm-md5sum-murmur-ppd.tar.gz
apoLogs-03-of-52,53715/apoLogs.53715.mcptpm-md5sum-murmur-ppd.tar.gz
apoLogs-03-of-52,53716/apoLogs.53716.mcptpm.tar.gz
apoLogs-03-of-52,53717/apoLogs.53717.mcptpm-murmur.tar.gz
apoLogs-03-of-52,53718/apoLogs.53718.mcptpm-murmur.tar.gz
apoLogs-03-of-52,53719/apoLogs.53719.mcptpm.tar.gz
apoLogs-03-of-52,53720/apoLogs.53720.mcptpm-murmur.tar.gz
apoLogs-03-of-52,53721/apoLogs.53721.mcptpm.tar.gz
apoLogs-03-of-52,53722/apoLogs.53722.mcptpm.tar.gz
apoLogs-03-of-52,53723/apoLogs.53723.mcptpm-md5sum-murmur-ppd.tar.gz
apoLogs-03-of-52,53724/apoLogs.53724.mcptpm-md5sum-murmur-ppd.tar.gz
apoLogs-03-of-52,53725/apoLogs.53725.mcptpm-md5sum-murmur-ppd.tar.gz
apoLogs-03-of-52,53726/apoLogs.53726.mcptpm-md5sum-murmur-ppd.tar.gz
apoLogs-03-of-52,53727/apoLogs.53727.mcptpm-md5sum-murmur-ppd.tar.gz
apoLogs-04-of-52,53728/apoLogs.53728.mcptpm-md5sum-murmur-ppd.tar.gz
apoLogs-04-of-52,53729/apoLogs.53729.mcptpm-md5sum-murmur-ppd.tar.gz
apoLogs-04-of-52,53730/apoLogs.53730.mcptpm-md5sum-murmur-ppd.tar.gz
apoLogs-04-of-52,53731/apoLogs.53731.mcptpm-md5sum-murmur-ppd.tar.gz
apoLogs-04-of-52,53732/apoLogs.53732.mcptpm-md5sum-murmur-ppd.tar.gz
apoLogs-04-of-52,53733/apoLogs.53733.mcptpm-md5sum-murmur-ppd.tar.gz
apoLogs-04-of-52,53734/apoLogs.53734.mcptpm-md5sum-murmur-ppd.tar.gz
apoLogs-04-of-52,53735/apoLogs.53735.mcptpm-md5sum-murmur-ppd.tar.gz
apoLogs-04-of-52,53736/apoLogs.53736.mcptpm-md5sum-murmur-ppd.tar.gz
apoLogs-04-of-52,53737/apoLogs.53737.mcptpm-md5sum-murmur-ppd.tar.gz
apoLogs-04-of-52,53738/apoLogs.53738.mcptpm-md5sum-murmur-ppd.tar.gz
apoLogs-04-of-52,53739/apoLogs.53739.mcptpm-md5sum-murmur-ppd.tar.gz
apoLogs-04-of-52,53740/apoLogs.53740.mcptpm-md5sum-murmur-ppd.tar.gz
apoLogs-04-of-52,53741/apoLogs.53741.mcptpm-md5sum-murmur-ppd.tar.gz
apoLogs-04-of-52,53742/apoLogs.53742.mcptpm-md5sum-murmur-ppd.tar.gz
apoLogs-04-of-52,53743/apoLogs.53743.mcptpm-md5sum-murmur-ppd.tar.gz
apoLogs-04-of-52,53744/apoLogs.53744.mcptpm-md5sum-murmur-ppd.tar.gz
apoLogs-04-of-52,53745/apoLogs.53745.mcptpm.tar.gz
apoLogs-04-of-52,53746/apoLogs.53746.mcptpm.tar.gz
apoLogs-04-of-52,53747/apoLogs.53747.mcptpm.tar.gz
apoLogs-04-of-52,53748/apoLogs.53748.mcptpm.tar.gz
apoLogs-04-of-52,53749/apoLogs.53749.mcptpm-murmur.tar.gz
apoLogs-04-of-52,53750/apoLogs.53750.mcptpm-murmur.tar.gz
apoLogs-04-of-52,53751/apoLogs.53751.mcptpm.tar.gz
apoLogs-04-of-52,53752/apoLogs.53752.mcptpm.tar.gz
apoLogs-04-of-52,53753/apoLogs.53753.mcptpm-md5sum-murmur-ppd.tar.gz
apoLogs-04-of-52,53754/apoLogs.53754.mcptpm-md5sum-murmur-ppd.tar.gz
apoLogs-04-of-52,53755/apoLogs.53755.mcptpm-md5sum-murmur-ppd.tar.gz
apoLogs-04-of-52,53756/apoLogs.53756.mcptpm-md5sum-murmur-ppd.tar.gz
apoLogs-04-of-52,53757/apoLogs.53757.mcptpm-md5sum-murmur-ppd.tar.gz
apoLogs-04-of-52,53758/apoLogs.53758.mcptpm-md5sum-murmur-ppd.tar.gz
apoLogs-04-of-52,53759/apoLogs.53759.mcptpm-md5sum-murmur-ppd.tar.gz
apoLogs-04-of-52,53760/apoLogs.53760.mcptpm-md5sum-murmur-ppd.tar.gz
apoLogs-04-of-52,53761/apoLogs.53761.mcptpm-md5sum-murmur-ppd.tar.gz
apoLogs-04-of-52,53762/apoLogs.53762.mcptpm-md5sum-murmur-ppd.tar.gz
apoLogs-04-of-52,53763/apoLogs.53763.mcptpm-md5sum-murmur-ppd.tar.gz
apoLogs-04-of-52,53764/apoLogs.53764.mcptpm-md5sum-murmur-ppd.tar.gz
apoLogs-04-of-52,53765/apoLogs.53765.mcptpm-md5sum-murmur-ppd.tar.gz
apoLogs-05-of-52,53766/apoLogs.53766.mcptpm-md5sum-murmur-ppd.tar.gz
apoLogs-05-of-52,53767/apoLogs.53767.mcptpm-md5sum-murmur-ppd.tar.gz
apoLogs-05-of-52,53768/apoLogs.53768.mcptpm-md5sum-murmur-ppd.tar.gz
apoLogs-05-of-52,53769/apoLogs.53769.mcptpm-md5sum-murmur-ppd.tar.gz
apoLogs-05-of-52,53770/apoLogs.53770.mcptpm-md5sum-murmur-ppd.tar.gz
apoLogs-05-of-52,53771/apoLogs.53771.mcptpm-md5sum-murmur-ppd.tar.gz
apoLogs-05-of-52,53772/apoLogs.53772.mcptpm-md5sum-murmur-ppd.tar.gz
apoLogs-05-of-52,53773/apoLogs.53773.mcptpm-murmur-ppd.tar.gz
apoLogs-05-of-52,53774/apoLogs.53774.mcptpm-murmur-ppd.tar.gz
apoLogs-05-of-52,53775/apoLogs.53775.mcptpm-murmur-ppd.tar.gz
apoLogs-05-of-52,53776/apoLogs.53776.mcptpm-murmur-ppd.tar.gz
apoLogs-05-of-52,53777/apoLogs.53777.mcptpm-murmur-ppd.tar.gz
apoLogs-05-of-52,53778/apoLogs.53778.mcptpm-murmur-ppd.tar.gz
apoLogs-05-of-52,53779/apoLogs.53779.mcptpm-murmur-ppd.tar.gz
apoLogs-05-of-52,53780/apoLogs.53780.mcptpm-md5sum-murmur-ppd.tar.gz
apoLogs-05-of-52,53781/apoLogs.53781.mcptpm-murmur-ppd.tar.gz
apoLogs-05-of-52,53782/apoLogs.53782.mcptpm-md5sum-murmur-ppd.tar.gz
apoLogs-05-of-52,53783/apoLogs.53783.mcptpm-md5sum-murmur-ppd.tar.gz
apoLogs-05-of-52,53784/apoLogs.53784.mcptpm-md5sum-murmur-ppd.tar.gz
apoLogs-05-of-52,53785/apoLogs.53785.mcptpm-md5sum-murmur-ppd.tar.gz
apoLogs-05-of-52,53786/apoLogs.53786.mcptpm-md5sum-murmur-ppd.tar.gz
apoLogs-05-of-52,53787/apoLogs.53787.mcptpm-md5sum-murmur-ppd.tar.gz
apoLogs-05-of-52,53788/apoLogs.53788.mcptpm-md5sum-murmur-ppd.tar.gz
apoLogs-05-of-52,53789/apoLogs.53789.mcptpm-md5sum-murmur-ppd.tar.gz
apoLogs-05-of-52,53790/apoLogs.53790.mcptpm-md5sum-murmur-ppd.tar.gz
apoLogs-05-of-52,53791/apoLogs.53791.mcptpm-md5sum-murmur-ppd.tar.gz
apoLogs-05-of-52,53792/apoLogs.53792.mcptpm-md5sum-murmur-ppd.tar.gz
apoLogs-05-of-52,53793/apoLogs.53793.mcptpm-md5sum-murmur-ppd.tar.gz
apoLogs-05-of-52,53794/apoLogs.53794.mcptpm-md5sum-murmur-ppd.tar.gz
apoLogs-05-of-52,53795/apoLogs.53795.mcptpm-md5sum-murmur-ppd.tar.gz
apoLogs-05-of-52,53796/apoLogs.53796.mcptpm-md5sum-murmur-ppd.tar.gz
apoLogs-05-of-52,53797/apoLogs.53797.mcptpm-md5sum-murmur-ppd.tar.gz
apoLogs-05-of-52,53798/apoLogs.53798.mcptpm-md5sum-murmur-ppd.tar.gz
apoLogs-05-of-52,53799/apoLogs.53799.mcptpm-md5sum-murmur-ppd.tar.gz
apoLogs-05-of-52,53800/apoLogs.53800.mcptpm-md5sum-murmur-ppd.tar.gz
apoLogs-05-of-52,53801/apoLogs.53801.mcptpm-md5sum-murmur-ppd.tar.gz
apoLogs-05-of-52,53802/apoLogs.53802.mcptpm-murmur.tar.gz
apoLogs-05-of-52,53803/apoLogs.53803.mcptpm-murmur-ppd.tar.gz
apoLogs-05-of-52,53804/apoLogs.53804.mcptpm-murmur-ppd.tar.gz
apoLogs-06-of-52,53805/apoLogs.53805.mcptpm-murmur-ppd.tar.gz
apoLogs-06-of-52,53806/apoLogs.53806.mcptpm-md5sum-murmur-ppd.tar.gz
apoLogs-06-of-52,53807/apoLogs.53807.mcptpm-md5sum-murmur-ppd.tar.gz
apoLogs-06-of-52,53808/apoLogs.53808.mcptpm-md5sum-murmur-ppd.tar.gz
apoLogs-06-of-52,53809/apoLogs.53809.mcptpm-md5sum-murmur-ppd.tar.gz
apoLogs-06-of-52,53810/apoLogs.53810.mcptpm-murmur-ppd.tar.gz
apoLogs-06-of-52,53811/apoLogs.53811.mcptpm-murmur-ppd.tar.gz
apoLogs-06-of-52,53812/apoLogs.53812.mcptpm-murmur.tar.gz
apoLogs-06-of-52,53813/apoLogs.53813.mcptpm-md5sum-murmur-ppd.tar.gz
apoLogs-06-of-52,53814/apoLogs.53814.mcptpm-md5sum-murmur-ppd.tar.gz
apoLogs-06-of-52,53815/apoLogs.53815.mcptpm-md5sum-murmur-ppd.tar.gz
apoLogs-06-of-52,53816/apoLogs.53816.mcptpm-md5sum-murmur-ppd.tar.gz
apoLogs-06-of-52,53817/apoLogs.53817.mcptpm-md5sum-murmur-ppd.tar.gz
apoLogs-06-of-52,53818/apoLogs.53818.mcptpm-md5sum-murmur-ppd.tar.gz
apoLogs-06-of-52,53819/apoLogs.53819.mcptpm-md5sum-murmur-ppd.tar.gz
apoLogs-06-of-52,53820/apoLogs.53820.mcptpm-md5sum-murmur-ppd.tar.gz
apoLogs-06-of-52,53821/apoLogs.53821.mcptpm-md5sum-murmur-ppd.tar.gz
apoLogs-06-of-52,53822/apoLogs.53822.mcptpm-murmur-ppd.tar.gz
apoLogs-06-of-52,53823/apoLogs.53823.mcptpm-md5sum-murmur-ppd.tar.gz
apoLogs-06-of-52,53824/apoLogs.53824.mcptpm-md5sum-murmur-ppd.tar.gz
apoLogs-06-of-52,53825/apoLogs.53825.mcptpm-md5sum-murmur-ppd.tar.gz
apoLogs-06-of-52,53826/apoLogs.53826.mcptpm-md5sum-murmur-ppd.tar.gz
apoLogs-06-of-52,53827/apoLogs.53827.mcptpm-md5sum-murmur-ppd.tar.gz
apoLogs-06-of-52,53828/apoLogs.53828.mcptpm-md5sum-murmur-ppd.tar.gz
apoLogs-06-of-52,53829/apoLogs.53829.mcptpm-md5sum-murmur-ppd.tar.gz
apoLogs-06-of-52,53830/apoLogs.53830.mcptpm-md5sum-murmur-ppd.tar.gz
apoLogs-06-of-52,53831/apoLogs.53831.mcptpm-murmur.tar.gz
apoLogs-06-of-52,53832/apoLogs.53832.mcptpm-murmur-ppd.tar.gz
apoLogs-06-of-52,53833/apoLogs.53833.mcptpm-murmur-ppd.tar.gz
apoLogs-06-of-52,53834/apoLogs.53834.mcptpm-murmur-ppd.tar.gz
apoLogs-06-of-52,53835/apoLogs.53835.mcptpm-murmur-ppd.tar.gz
apoLogs-06-of-52,53836/apoLogs.53836.mcptpm-murmur-ppd.tar.gz
apoLogs-06-of-52,53837/apoLogs.53837.mcptpm-murmur-ppd.tar.gz
apoLogs-06-of-52,53838/apoLogs.53838.mcptpm-murmur-ppd.tar.gz
apoLogs-06-of-52,53839/apoLogs.53839.mcptpm-murmur-ppd.tar.gz
apoLogs-06-of-52,53840/apoLogs.53840.mcptpm-murmur-ppd.tar.gz
apoLogs-06-of-52,53841/apoLogs.53841.mcptpm-md5sum-murmur-ppd.tar.gz
apoLogs-06-of-52,53842/apoLogs.53842.mcptpm-md5sum-murmur-ppd.tar.gz
apoLogs-06-of-52,53843/apoLogs.53843.mcptpm-md5sum-murmur-ppd.tar.gz
apoLogs-07-of-52,53844/apoLogs.53844.mcptpm-md5sum-murmur-ppd.tar.gz
apoLogs-07-of-52,53845/apoLogs.53845.mcptpm-md5sum-murmur-ppd.tar.gz
apoLogs-07-of-52,53846/apoLogs.53846.mcptpm-md5sum-murmur-ppd.tar.gz
apoLogs-07-of-52,53847/apoLogs.53847.mcptpm-md5sum-murmur-ppd.tar.gz
apoLogs-07-of-52,53848/apoLogs.53848.mcptpm-md5sum-murmur-ppd.tar.gz
apoLogs-07-of-52,53849/apoLogs.53849.mcptpm-md5sum-murmur-ppd.tar.gz
apoLogs-07-of-52,53850/apoLogs.53850.mcptpm-md5sum-murmur-ppd.tar.gz
apoLogs-07-of-52,53851/apoLogs.53851.mcptpm-md5sum-murmur-ppd.tar.gz
apoLogs-07-of-52,53852/apoLogs.53852.mcptpm-md5sum-murmur-ppd.tar.gz
apoLogs-07-of-52,53853/apoLogs.53853.mcptpm-md5sum-murmur-ppd.tar.gz
apoLogs-07-of-52,53854/apoLogs.53854.mcptpm-md5sum-murmur-ppd.tar.gz
apoLogs-07-of-52,53855/apoLogs.53855.mcptpm-md5sum-murmur-ppd.tar.gz
apoLogs-07-of-52,53856/apoLogs.53856.mcptpm-md5sum-murmur-ppd.tar.gz
apoLogs-07-of-52,53857/apoLogs.53857.mcptpm-md5sum-murmur-ppd.tar.gz
apoLogs-07-of-52,53858/apoLogs.53858.mcptpm-md5sum-murmur-ppd.tar.gz
apoLogs-07-of-52,53859/apoLogs.53859.mcptpm-md5sum-murmur-ppd.tar.gz
apoLogs-07-of-52,53860/apoLogs.53860.mcptpm-murmur-ppd.tar.gz
apoLogs-07-of-52,53861/apoLogs.53861.mcptpm-murmur-ppd.tar.gz
apoLogs-07-of-52,53862/apoLogs.53862.mcptpm-murmur-ppd.tar.gz
apoLogs-07-of-52,53863/apoLogs.53863.mcptpm-murmur-ppd.tar.gz
apoLogs-07-of-52,53864/apoLogs.53864.mcptpm-murmur-ppd.tar.gz
apoLogs-07-of-52,53865/apoLogs.53865.mcptpm-murmur-ppd.tar.gz
apoLogs-07-of-52,53866/apoLogs.53866.mcptpm-md5sum-murmur-ppd.tar.gz
apoLogs-07-of-52,53867/apoLogs.53867.mcptpm-md5sum-murmur-ppd.tar.gz
apoLogs-07-of-52,53868/apoLogs.53868.mcptpm-murmur-ppd.tar.gz
apoLogs-07-of-52,53869/apoLogs.53869.mcptpm-murmur-ppd.tar.gz
apoLogs-07-of-52,53870/apoLogs.53870.mcptpm-murmur-ppd.tar.gz
apoLogs-07-of-52,53871/apoLogs.53871.mcptpm-md5sum-murmur-ppd.tar.gz
apoLogs-07-of-52,53872/apoLogs.53872.mcptpm-md5sum-murmur-ppd.tar.gz
apoLogs-07-of-52,53873/apoLogs.53873.mcptpm-md5sum-murmur-ppd.tar.gz
apoLogs-07-of-52,53874/apoLogs.53874.mcptpm-md5sum-murmur-ppd.tar.gz
apoLogs-07-of-52,53875/apoLogs.53875.mcptpm-md5sum-murmur-ppd.tar.gz
apoLogs-07-of-52,53876/apoLogs.53876.mcptpm-md5sum-murmur-ppd.tar.gz
apoLogs-07-of-52,53877/apoLogs.53877.mcptpm-md5sum-murmur-ppd.tar.gz
apoLogs-07-of-52,53878/apoLogs.53878.mcptpm-md5sum-murmur-ppd.tar.gz
apoLogs-07-of-52,53879/apoLogs.53879.mcptpm-md5sum-murmur-ppd.tar.gz
apoLogs-08-of-52,53880/apoLogs.53880.mcptpm-md5sum-murmur-ppd.tar.gz
apoLogs-08-of-52,53881/apoLogs.53881.mcptpm-md5sum-murmur-ppd.tar.gz
apoLogs-08-of-52,53882/apoLogs.53882.mcptpm-md5sum-murmur-ppd.tar.gz
apoLogs-08-of-52,53883/apoLogs.53883.mcptpm-md5sum-murmur-ppd.tar.gz
apoLogs-08-of-52,53884/apoLogs.53884.mcptpm-md5sum-murmur-ppd.tar.gz
apoLogs-08-of-52,53885/apoLogs.53885.mcptpm-md5sum-murmur-ppd.tar.gz
apoLogs-08-of-52,53886/apoLogs.53886.mcptpm-md5sum-murmur-ppd.tar.gz
apoLogs-08-of-52,53887/apoLogs.53887.mcptpm-md5sum-murmur-ppd.tar.gz
apoLogs-08-of-52,53888/apoLogs.53888.mcptpm-md5sum-murmur-ppd.tar.gz
apoLogs-08-of-52,53889/apoLogs.53889.mcptpm-md5sum-murmur-ppd.tar.gz
apoLogs-08-of-52,53890/apoLogs.53890.mcptpm-murmur-ppd.tar.gz
apoLogs-08-of-52,53891/apoLogs.53891.mcptpm-murmur-ppd.tar.gz
apoLogs-08-of-52,53892/apoLogs.53892.mcptpm-murmur-ppd.tar.gz
apoLogs-08-of-52,53893/apoLogs.53893.mcptpm-md5sum-murmur-ppd.tar.gz
apoLogs-08-of-52,53894/apoLogs.53894.mcptpm-md5sum-murmur-ppd.tar.gz
apoLogs-08-of-52,53895/apoLogs.53895.mcptpm-md5sum-murmur-ppd.tar.gz
apoLogs-08-of-52,53896/apoLogs.53896.mcptpm-murmur-ppd.tar.gz
apoLogs-08-of-52,53897/apoLogs.53897.mcptpm-murmur-ppd.tar.gz
apoLogs-08-of-52,53898/apoLogs.53898.mcptpm-murmur-ppd.tar.gz
apoLogs-08-of-52,53899/apoLogs.53899.mcptpm-murmur-ppd.tar.gz
apoLogs-08-of-52,53900/apoLogs.53900.mcptpm-murmur-ppd.tar.gz
apoLogs-08-of-52,53901/apoLogs.53901.mcptpm-murmur-ppd.tar.gz
apoLogs-08-of-52,53902/apoLogs.53902.mcptpm-md5sum-murmur-ppd.tar.gz
apoLogs-08-of-52,53903/apoLogs.53903.mcptpm-md5sum-murmur-ppd.tar.gz
apoLogs-08-of-52,53904/apoLogs.53904.mcptpm-md5sum-murmur-ppd.tar.gz
apoLogs-08-of-52,53905/apoLogs.53905.mcptpm-md5sum-murmur-ppd.tar.gz
apoLogs-08-of-52,53906/apoLogs.53906.mcptpm-md5sum-murmur-ppd.tar.gz
apoLogs-08-of-52,53907/apoLogs.53907.mcptpm-md5sum-murmur-ppd.tar.gz
apoLogs-08-of-52,53908/apoLogs.53908.mcptpm-md5sum-murmur-ppd.tar.gz
apoLogs-08-of-52,53909/apoLogs.53909.mcptpm-md5sum-murmur-ppd.tar.gz
apoLogs-08-of-52,53910/apoLogs.53910.mcptpm-md5sum-murmur-ppd.tar.gz
apoLogs-08-of-52,53911/apoLogs.53911.mcptpm-md5sum-murmur-ppd.tar.gz
apoLogs-08-of-52,53912/apoLogs.53912.mcptpm-md5sum-murmur-ppd.tar.gz
apoLogs-08-of-52,53913/apoLogs.53913.mcptpm-md5sum-murmur-ppd.tar.gz
apoLogs-08-of-52,53914/apoLogs.53914.mcptpm-md5sum-murmur-ppd.tar.gz
apoLogs-08-of-52,53915/apoLogs.53915.mcptpm-md5sum-murmur-ppd.tar.gz
apoLogs-08-of-52,53916/apoLogs.53916.mcptpm-md5sum-murmur-ppd.tar.gz
apoLogs-09-of-52,53917/apoLogs.53917.mcptpm-md5sum-murmur-ppd.tar.gz
apoLogs-09-of-52,53918/apoLogs.53918.mcptpm-md5sum-murmur-ppd.tar.gz
apoLogs-09-of-52,53919/apoLogs.53919.mcptpm-md5sum-murmur-ppd.tar.gz
apoLogs-09-of-52,53920/apoLogs.53920.mcptpm-murmur-ppd.tar.gz
apoLogs-09-of-52,53921/apoLogs.53921.mcptpm-murmur-ppd.tar.gz
apoLogs-09-of-52,53922/apoLogs.53922.mcptpm-murmur-ppd.tar.gz
apoLogs-09-of-52,53923/apoLogs.53923.mcptpm-murmur.tar.gz
apoLogs-09-of-52,53924/apoLogs.53924.mcptpm-md5sum-murmur.tar.gz
apoLogs-09-of-52,53925/apoLogs.53925.mcptpm-md5sum-murmur.tar.gz
apoLogs-09-of-52,53926/apoLogs.53926.mcptpm-md5sum-murmur.tar.gz
apoLogs-09-of-52,53927/apoLogs.53927.mcptpm-md5sum-murmur.tar.gz
apoLogs-09-of-52,53928/apoLogs.53928.mcptpm-md5sum-murmur.tar.gz
apoLogs-09-of-52,53929/apoLogs.53929.mcptpm-murmur.tar.gz
apoLogs-09-of-52,53930/apoLogs.53930.mcptpm-murmur.tar.gz
apoLogs-09-of-52,53931/apoLogs.53931.mcptpm-murmur.tar.gz
apoLogs-09-of-52,53932/apoLogs.53932.mcptpm-murmur.tar.gz
apoLogs-09-of-52,53933/apoLogs.53933.mcptpm-murmur.tar.gz
apoLogs-09-of-52,53934/apoLogs.53934.mcptpm-murmur.tar.gz
apoLogs-09-of-52,53935/apoLogs.53935.mcptpm-murmur.tar.gz
apoLogs-09-of-52,53936/apoLogs.53936.mcptpm-murmur.tar.gz
apoLogs-09-of-52,53937/apoLogs.53937.mcptpm-murmur.tar.gz
apoLogs-09-of-52,53938/apoLogs.53938.mcptpm-murmur.tar.gz
apoLogs-09-of-52,53939/apoLogs.53939.mcptpm-murmur.tar.gz
apoLogs-09-of-52,53940/apoLogs.53940.mcptpm-murmur.tar.gz
apoLogs-09-of-52,53941/apoLogs.53941.mcptpm-murmur.tar.gz
apoLogs-09-of-52,53942/apoLogs.53942.mcptpm-murmur.tar.gz
apoLogs-09-of-52,53943/apoLogs.53943.mcptpm-murmur.tar.gz
apoLogs-09-of-52,53944/apoLogs.53944.mcptpm-murmur.tar.gz
apoLogs-09-of-52,53945/apoLogs.53945.mcptpm-murmur.tar.gz
apoLogs-09-of-52,53946/apoLogs.53946.mcptpm-murmur.tar.gz
apoLogs-09-of-52,53947/apoLogs.53947.mcptpm-murmur.tar.gz
apoLogs-09-of-52,53948/apoLogs.53948.mcptpm-murmur.tar.gz
apoLogs-09-of-52,53949/apoLogs.53949.mcptpm-murmur.tar.gz
apoLogs-09-of-52,53950/apoLogs.53950.mcptpm-murmur.tar.gz
apoLogs-09-of-52,53951/apoLogs.53951.mcptpm-murmur.tar.gz
apoLogs-09-of-52,53952/apoLogs.53952.mcptpm-murmur.tar.gz
apoLogs-09-of-52,53953/apoLogs.53953.mcptpm-murmur.tar.gz
apoLogs-09-of-52,53954/apoLogs.53954.mcptpm-murmur.tar.gz
apoLogs-09-of-52,53955/apoLogs.53955.mcptpm-murmur.tar.gz
apoLogs-09-of-52,53956/apoLogs.53956.mcptpm-murmur.tar.gz
apoLogs-09-of-52,53957/apoLogs.53957.mcptpm-murmur.tar.gz
apoLogs-09-of-52,53958/apoLogs.53958.mcptpm-murmur.tar.gz
apoLogs-09-of-52,53959/apoLogs.53959.mcptpm-md5sum-murmur.tar.gz
apoLogs-09-of-52,53960/apoLogs.53960.mcptpm-md5sum-murmur-ppd.tar.gz
apoLogs-09-of-52,53961/apoLogs.53961.mcptpm-md5sum-murmur-ppd.tar.gz
apoLogs-09-of-52,53962/apoLogs.53962.mcptpm-md5sum-murmur-ppd.tar.gz
apoLogs-09-of-52,53963/apoLogs.53963.mcptpm-md5sum-murmur-ppd.tar.gz
apoLogs-09-of-52,53964/apoLogs.53964.mcptpm-md5sum-murmur-ppd.tar.gz
apoLogs-09-of-52,53965/apoLogs.53965.mcptpm-md5sum-murmur-ppd.tar.gz
apoLogs-09-of-52,53966/apoLogs.53966.mcptpm-md5sum-murmur-ppd.tar.gz
apoLogs-09-of-52,53967/apoLogs.53967.mcptpm-md5sum-murmur-ppd.tar.gz
apoLogs-09-of-52,53968/apoLogs.53968.mcptpm-md5sum-murmur-ppd.tar.gz
apoLogs-09-of-52,53969/apoLogs.53969.mcptpm-md5sum-murmur-ppd.tar.gz
apoLogs-09-of-52,53970/apoLogs.53970.mcptpm-md5sum-murmur-ppd.tar.gz
apoLogs-09-of-52,53971/apoLogs.53971.mcptpm-md5sum-murmur-ppd.tar.gz
apoLogs-10-of-52,53972/apoLogs.53972.mcptpm-md5sum-murmur-ppd.tar.gz
apoLogs-10-of-52,53973/apoLogs.53973.mcptpm-md5sum-murmur-ppd.tar.gz
apoLogs-10-of-52,53974/apoLogs.53974.mcptpm-md5sum-murmur-ppd.tar.gz
apoLogs-10-of-52,53975/apoLogs.53975.mcptpm-md5sum-murmur-ppd.tar.gz
apoLogs-10-of-52,53976/apoLogs.53976.mcptpm-md5sum-murmur-ppd.tar.gz
apoLogs-10-of-52,53977/apoLogs.53977.mcptpm-md5sum-murmur-ppd.tar.gz
apoLogs-10-of-52,53978/apoLogs.53978.mcptpm-md5sum-murmur-ppd.tar.gz
apoLogs-10-of-52,53979/apoLogs.53979.mcptpm-md5sum-murmur-ppd.tar.gz
apoLogs-10-of-52,53980/apoLogs.53980.mcptpm-md5sum-murmur-ppd.tar.gz
apoLogs-10-of-52,53981/apoLogs.53981.mcptpm-md5sum-murmur-ppd.tar.gz
apoLogs-10-of-52,53982/apoLogs.53982.mcptpm-md5sum-murmur-ppd.tar.gz
apoLogs-10-of-52,53983/apoLogs.53983.mcptpm-md5sum-murmur-ppd.tar.gz
apoLogs-10-of-52,53984/apoLogs.53984.mcptpm-murmur-ppd.tar.gz
apoLogs-10-of-52,53985/apoLogs.53985.mcptpm-md5sum-murmur-ppd.tar.gz
apoLogs-10-of-52,53986/apoLogs.53986.mcptpm-md5sum-murmur-ppd.tar.gz
apoLogs-10-of-52,53987/apoLogs.53987.mcptpm-md5sum-murmur-ppd.tar.gz
apoLogs-10-of-52,53988/apoLogs.53988.mcptpm-md5sum-murmur-ppd.tar.gz
apoLogs-10-of-52,53989/apoLogs.53989.mcptpm-md5sum-murmur-ppd.tar.gz
apoLogs-10-of-52,53990/apoLogs.53990.mcptpm-md5sum-murmur-ppd.tar-orig.gz
apoLogs-10-of-52,53990/apoLogs.53990.mcptpm-md5sum-murmur-ppd.tar.gz
apoLogs-10-of-52,53991/apoLogs.53991.mcptpm-md5sum-murmur-ppd.tar.gz
apoLogs-10-of-52,53992/apoLogs.53992.mcptpm-md5sum-murmur-ppd.tar.gz
apoLogs-10-of-52,53993/apoLogs.53993.mcptpm-md5sum-murmur-ppd.tar.gz
apoLogs-10-of-52,53994/apoLogs.53994.mcptpm-md5sum-murmur-ppd.tar.gz
apoLogs-10-of-52,53995/apoLogs.53995.mcptpm-md5sum-murmur-ppd.tar.gz
apoLogs-10-of-52,53996/apoLogs.53996.mcptpm-md5sum-murmur-ppd.B4fixMissRun-6366.tar.gz
apoLogs-10-of-52,53996/apoLogs.53996.mcptpm-md5sum-murmur-ppd.tar.gz
apoLogs-10-of-52,53997/apoLogs.53997.mcptpm-md5sum-murmur-ppd.tar.gz
apoLogs-10-of-52,53998/apoLogs.53998.mcptpm-md5sum-murmur-ppd.tar.gz
apoLogs-10-of-52,53999/apoLogs.53999.mcptpm-md5sum-murmur-ppd.tar.gz
apoLogs-10-of-52,54000/apoLogs.54000.mcptpm-md5sum-murmur-ppd.tar.gz
apoLogs-10-of-52,54001/apoLogs.54001.mcptpm-md5sum-murmur-ppd.tar.gz
apoLogs-10-of-52,54002/apoLogs.54002.mcptpm-md5sum-murmur-ppd.tar.gz
apoLogs-10-of-52,54003/apoLogs.54003.mcptpm-md5sum-murmur-ppd.tar.gz
apoLogs-10-of-52,54004/apoLogs.54004.mcptpm-md5sum-murmur-ppd.tar.gz
apoLogs-10-of-52,54005/apoLogs.54005.mcptpm-md5sum-murmur-ppd.tar.gz
apoLogs-10-of-52,54006/apoLogs.54006.mcptpm-md5sum-murmur-ppd.tar.gz
apoLogs-10-of-52,54007/apoLogs.54007.mcptpm-md5sum-murmur-ppd.tar.gz
apoLogs-10-of-52,54008/apoLogs.54008.mcptpm-md5sum-murmur-ppd.tar.gz
apoLogs-11-of-52,54009/apoLogs.54009.mcptpm-md5sum-murmur-ppd.tar.gz
apoLogs-11-of-52,54010/apoLogs.54010.mcptpm-md5sum-murmur-ppd.tar.gz
apoLogs-11-of-52,54011/apoLogs.54011.mcptpm-md5sum-murmur-ppd.tar.gz
apoLogs-11-of-52,54012/apoLogs.54012.mcptpm-md5sum-murmur-ppd.tar.gz
apoLogs-11-of-52,54013/apoLogs.54013.mcptpm-murmur-ppd.tar.gz
apoLogs-11-of-52,54014/apoLogs.54014.mcptpm-murmur-ppd.tar.gz
apoLogs-11-of-52,54015/apoLogs.54015.mcptpm-murmur-ppd.tar.gz
apoLogs-11-of-52,54016/apoLogs.54016.mcptpm-murmur-ppd.tar.gz
apoLogs-11-of-52,54017/apoLogs.54017.mcptpm-murmur-ppd.tar.gz
apoLogs-11-of-52,54018/apoLogs.54018.mcptpm-murmur-ppd.tar.gz
apoLogs-11-of-52,54019/apoLogs.54019.mcptpm-md5sum-murmur-ppd.tar.gz
apoLogs-11-of-52,54020/apoLogs.54020.mcptpm-md5sum-murmur-ppd.tar.gz
apoLogs-11-of-52,54021/apoLogs.54021.mcptpm-md5sum-murmur-ppd.tar.gz
apoLogs-11-of-52,54022/apoLogs.54022.mcptpm-md5sum-murmur-ppd.tar.gz
apoLogs-11-of-52,54023/apoLogs.54023.mcptpm-md5sum-murmur-ppd.tar.gz
apoLogs-11-of-52,54024/apoLogs.54024.mcptpm-md5sum-murmur-ppd.tar.gz
apoLogs-11-of-52,54025/apoLogs.54025.mcptpm-md5sum-murmur-ppd.tar.gz
apoLogs-11-of-52,54026/apoLogs.54026.mcptpm-md5sum-murmur-ppd.tar.gz
apoLogs-11-of-52,54027/apoLogs.54027.mcptpm-md5sum-murmur-ppd.tar.gz
apoLogs-11-of-52,54028/apoLogs.54028.mcptpm-md5sum-murmur-ppd.tar.gz
apoLogs-11-of-52,54029/apoLogs.54029.mcptpm-md5sum-murmur-ppd.MissPpdRun-6475.tar.gz
apoLogs-11-of-52,54029/apoLogs.54029.mcptpm-md5sum-murmur-ppd.tar.gz
apoLogs-11-of-52,54030/apoLogs.54030.mcptpm-md5sum-murmur-ppd.tar.gz
apoLogs-11-of-52,54031/apoLogs.54031.mcptpm-md5sum-murmur-ppd.tar.gz
apoLogs-11-of-52,54032/apoLogs.54032.mcptpm-md5sum-murmur-ppd.tar.gz
apoLogs-11-of-52,54033/apoLogs.54033.mcptpm-md5sum-murmur-ppd.tar.gz
apoLogs-11-of-52,54034/apoLogs.54034.mcptpm-md5sum-murmur-ppd.tar.gz
apoLogs-11-of-52,54035/apoLogs.54035.mcptpm-md5sum-murmur-ppd.tar.gz
apoLogs-11-of-52,54036/apoLogs.54036.mcptpm-md5sum-murmur-ppd.tar.gz
apoLogs-11-of-52,54037/apoLogs.54037.mcptpm-md5sum-murmur-ppd.B4fixMissRun-6508.tar.gz
apoLogs-11-of-52,54037/apoLogs.54037.mcptpm-md5sum-murmur-ppd.tar.gz
apoLogs-11-of-52,54038/apoLogs.54038.mcptpm-md5sum-murmur-ppd.tar.gz
apoLogs-11-of-52,54039/apoLogs.54039.mcptpm-md5sum-murmur-ppd.tar.gz
apoLogs-11-of-52,54040/apoLogs.54040.mcptpm-md5sum-murmur-ppd.tar.gz
apoLogs-11-of-52,54041/apoLogs.54041.mcptpm-md5sum-murmur-ppd.tar.gz
apoLogs-11-of-52,54042/apoLogs.54042.mcptpm-murmur-ppd.tar.gz
apoLogs-11-of-52,54043/apoLogs.54043.mcptpm-murmur-ppd.tar.gz
apoLogs-12-of-52,54044/apoLogs.54044.mcptpm-murmur-ppd.tar.gz
apoLogs-12-of-52,54045/apoLogs.54045.mcptpm-murmur-ppd.tar.gz
apoLogs-12-of-52,54046/apoLogs.54046.mcptpm-murmur-ppd.tar.gz
apoLogs-12-of-52,54047/apoLogs.54047.mcptpm-md5sum-murmur-ppd.tar.gz
apoLogs-12-of-52,54048/apoLogs.54048.mcptpm-md5sum-murmur-ppd.tar.gz
apoLogs-12-of-52,54049/apoLogs.54049.mcptpm-md5sum-murmur-ppd.tar.gz
apoLogs-12-of-52,54050/apoLogs.54050.mcptpm-md5sum-murmur-ppd.tar.gz
apoLogs-12-of-52,54051/apoLogs.54051.mcptpm-md5sum-murmur-ppd.tar.gz
apoLogs-12-of-52,54052/apoLogs.54052.mcptpm-md5sum-murmur-ppd.tar.gz
apoLogs-12-of-52,54053/apoLogs.54053.mcptpm-md5sum-murmur-ppd.tar.gz
apoLogs-12-of-52,54054/apoLogs.54054.mcptpm-md5sum-murmur-ppd.tar.gz
apoLogs-12-of-52,54055/apoLogs.54055.mcptpm-md5sum-murmur-ppd.tar.gz
apoLogs-12-of-52,54056/apoLogs.54056.mcptpm-md5sum-murmur-ppd.tar.gz
apoLogs-12-of-52,54057/apoLogs.54057.mcptpm-md5sum-murmur-ppd.tar.gz
apoLogs-12-of-52,54058/apoLogs.54058.mcptpm-md5sum-murmur-ppd.tar.gz
apoLogs-12-of-52,54059/apoLogs.54059.mcptpm-md5sum-murmur-ppd.tar.gz
apoLogs-12-of-52,54060/apoLogs.54060.mcptpm-md5sum-murmur-ppd.tar.gz
apoLogs-12-of-52,54061/apoLogs.54061.mcptpm-md5sum-murmur-ppd.tar.gz
apoLogs-12-of-52,54062/apoLogs.54062.mcptpm-md5sum-murmur-ppd.tar.gz
apoLogs-12-of-52,54063/apoLogs.54063.mcptpm-md5sum-murmur-ppd.tar.gz
apoLogs-12-of-52,54064/apoLogs.54064.mcptpm-md5sum-murmur-ppd.tar.gz
apoLogs-12-of-52,54065/apoLogs.54065.mcptpm-md5sum-murmur-ppd.tar.gz
apoLogs-12-of-52,54066/apoLogs.54066.mcptpm-md5sum-murmur-ppd.tar.gz
apoLogs-12-of-52,54067/apoLogs.54067.mcptpm-md5sum-murmur-ppd.tar.gz
apoLogs-12-of-52,54068/apoLogs.54068.mcptpm-md5sum-murmur-ppd.tar.gz
apoLogs-12-of-52,54069/apoLogs.54069.mcptpm-md5sum-murmur-ppd.tar.gz
apoLogs-12-of-52,54070/apoLogs.54070.mcptpm-murmur-ppd.tar.gz
apoLogs-12-of-52,54071/apoLogs.54071.mcptpm-murmur-ppd.tar.gz
apoLogs-12-of-52,54072/apoLogs.54072.mcptpm-murmur-ppd.tar.gz
apoLogs-12-of-52,54073/apoLogs.54073.mcptpm-murmur-ppd.tar.gz
apoLogs-12-of-52,54074/apoLogs.54074.mcptpm-murmur.tar.gz
apoLogs-12-of-52,54075/apoLogs.54075.mcptpm-murmur.tar.gz
apoLogs-12-of-52,54076/apoLogs.54076.mcptpm-murmur-ppd.tar.gz
apoLogs-12-of-52,54077/apoLogs.54077.mcptpm-murmur-ppd.tar.gz
apoLogs-12-of-52,54078/apoLogs.54078.mcptpm-md5sum-murmur-ppd.tar.gz
apoLogs-12-of-52,54079/apoLogs.54079.mcptpm-murmur-ppd.tar.gz
apoLogs-13-of-52,54080/apoLogs.54080.mcptpm-md5sum-murmur-ppd.tar.gz
apoLogs-13-of-52,54081/apoLogs.54081.mcptpm-md5sum-murmur-ppd.tar.gz
apoLogs-13-of-52,54082/apoLogs.54082.mcptpm-md5sum-murmur-ppd.tar.gz
apoLogs-13-of-52,54083/apoLogs.54083.mcptpm-md5sum-murmur-ppd.tar.gz
apoLogs-13-of-52,54084/apoLogs.54084.mcptpm-md5sum-murmur-ppd.tar.gz
apoLogs-13-of-52,54085/apoLogs.54085.mcptpm-md5sum-murmur-ppd.tar.gz
apoLogs-13-of-52,54086/apoLogs.54086.mcptpm-md5sum-murmur-ppd.tar.gz
apoLogs-13-of-52,54087/apoLogs.54087.mcptpm-md5sum-murmur-ppd.tar.gz
apoLogs-13-of-52,54088/apoLogs.54088.mcptpm-md5sum-murmur-ppd.tar.gz
apoLogs-13-of-52,54089/apoLogs.54089.mcptpm-md5sum-murmur-ppd.tar.gz
apoLogs-13-of-52,54090/apoLogs.54090.mcptpm-md5sum-murmur-ppd.tar.gz
apoLogs-13-of-52,54091/apoLogs.54091.mcptpm-md5sum-murmur-ppd.tar.gz
apoLogs-13-of-52,54092/apoLogs.54092.mcptpm-md5sum-murmur-ppd.tar.gz
apoLogs-13-of-52,54093/apoLogs.54093.mcptpm-md5sum-murmur-ppd.tar.gz
apoLogs-13-of-52,54094/apoLogs.54094.mcptpm-md5sum-murmur-ppd.tar.gz
apoLogs-13-of-52,54095/apoLogs.54095.mcptpm-md5sum-murmur-ppd.tar.gz
apoLogs-13-of-52,54096/apoLogs.54096.mcptpm-md5sum-murmur-ppd.tar.gz
apoLogs-13-of-52,54097/apoLogs.54097.mcptpm-md5sum-murmur-ppd.tar.gz
apoLogs-13-of-52,54098/apoLogs.54098.mcptpm-md5sum-murmur-ppd.tar.gz
apoLogs-13-of-52,54099/apoLogs.54099.mcptpm-md5sum-murmur-ppd.tar.gz
apoLogs-13-of-52,54100/apoLogs.54100.mcptpm-murmur-ppd.tar.gz
apoLogs-13-of-52,54101/apoLogs.54101.mcptpm-murmur-ppd.tar.gz
apoLogs-13-of-52,54102/apoLogs.54102.mcptpm-murmur-ppd.tar.gz
apoLogs-13-of-52,54103/apoLogs.54103.mcptpm-murmur.tar.gz
apoLogs-13-of-52,54104/apoLogs.54104.mcptpm-murmur.tar.gz
apoLogs-13-of-52,54105/apoLogs.54105.mcptpm-murmur-ppd.tar.gz
apoLogs-13-of-52,54106/apoLogs.54106.mcptpm-murmur-ppd.tar.gz
apoLogs-13-of-52,54107/apoLogs.54107.mcptpm-md5sum-murmur-ppd.tar.gz
apoLogs-13-of-52,54108/apoLogs.54108.mcptpm-md5sum-murmur-ppd.tar.gz
apoLogs-13-of-52,54109/apoLogs.54109.mcptpm-md5sum-murmur-ppd.tar.gz
apoLogs-13-of-52,54110/apoLogs.54110.mcptpm-md5sum-murmur-ppd.tar.gz
apoLogs-13-of-52,54111/apoLogs.54111.mcptpm-md5sum-murmur-ppd.tar.gz
apoLogs-13-of-52,54112/apoLogs.54112.mcptpm-md5sum-murmur-ppd.tar.gz
apoLogs-13-of-52,54113/apoLogs.54113.mcptpm-md5sum-murmur-ppd.tar.gz
apoLogs-13-of-52,54114/apoLogs.54114.mcptpm-md5sum-murmur-ppd.tar.gz
apoLogs-13-of-52,54115/apoLogs.54115.mcptpm-md5sum-murmur-ppd.tar.gz
apoLogs-13-of-52,54116/apoLogs.54116.mcptpm-md5sum-murmur-ppd.tar.gz
apoLogs-14-of-52,54117/apoLogs.54117.mcptpm-md5sum-murmur-ppd.tar.gz
apoLogs-14-of-52,54118/apoLogs.54118.mcptpm-md5sum-murmur-ppd.tar.gz
apoLogs-14-of-52,54119/apoLogs.54119.mcptpm-md5sum-murmur-ppd.tar.gz
apoLogs-14-of-52,54120/apoLogs.54120.mcptpm-md5sum-murmur-ppd.tar.gz
apoLogs-14-of-52,54121/apoLogs.54121.mcptpm-md5sum-murmur-ppd.tar.gz
apoLogs-14-of-52,54122/apoLogs.54122.mcptpm-md5sum-murmur-ppd.tar.gz
apoLogs-14-of-52,54123/apoLogs.54123.mcptpm-md5sum-murmur-ppd.tar.gz
apoLogs-14-of-52,54124/apoLogs.54124.mcptpm-md5sum-murmur-ppd.tar.gz
apoLogs-14-of-52,54125/apoLogs.54125.mcptpm-md5sum-murmur-ppd.tar.gz
apoLogs-14-of-52,54126/apoLogs.54126.mcptpm-md5sum-murmur-ppd.tar.gz
apoLogs-14-of-52,54127/apoLogs.54127.mcptpm-md5sum-murmur-ppd.tar.gz
apoLogs-14-of-52,54128/apoLogs.54128.mcptpm-murmur-ppd.tar.gz
apoLogs-14-of-52,54129/apoLogs.54129.mcptpm-murmur-ppd.tar.gz
apoLogs-14-of-52,54130/apoLogs.54130.mcptpm-murmur-ppd.tar.gz
apoLogs-14-of-52,54131/apoLogs.54131.mcptpm-murmur-ppd.tar.gz
apoLogs-14-of-52,54132/apoLogs.54132.mcptpm-murmur-ppd.tar.gz
apoLogs-14-of-52,54133/apoLogs.54133.mcptpm-murmur-ppd.tar.gz
apoLogs-14-of-52,54134/apoLogs.54134.mcptpm-md5sum-murmur-ppd.tar.gz
apoLogs-14-of-52,54135/apoLogs.54135.mcptpm-md5sum-murmur-ppd.tar.gz
apoLogs-14-of-52,54136/apoLogs.54136.mcptpm-murmur-ppd.tar.gz
apoLogs-14-of-52,54137/apoLogs.54137.mcptpm-md5sum-murmur-ppd.tar.gz
apoLogs-14-of-52,54138/apoLogs.54138.mcptpm-md5sum-murmur-ppd.tar.gz
apoLogs-14-of-52,54139/apoLogs.54139.mcptpm-md5sum-murmur-ppd.tar.gz
apoLogs-14-of-52,54140/apoLogs.54140.mcptpm-md5sum-murmur-ppd.tar.gz
apoLogs-14-of-52,54141/apoLogs.54141.mcptpm-md5sum-murmur-ppd.tar.gz
apoLogs-14-of-52,54142/apoLogs.54142.mcptpm-md5sum-murmur-ppd.tar.gz
apoLogs-14-of-52,54143/apoLogs.54143.mcptpm-md5sum-murmur-ppd.tar.gz
apoLogs-14-of-52,54144/apoLogs.54144.mcptpm-md5sum-murmur-ppd.tar.gz
apoLogs-14-of-52,54145/apoLogs.54145.mcptpm-md5sum-murmur-ppd.tar.gz
apoLogs-14-of-52,54146/apoLogs.54146.mcptpm-md5sum-murmur-ppd.tar.gz
apoLogs-14-of-52,54147/apoLogs.54147.mcptpm-md5sum-murmur-ppd.tar.gz
apoLogs-14-of-52,54147/apoLogs.54147.mcptpm-md5sum-murmur-ppd.tar.gz-MISSING-d2-frameCatcherLock
apoLogs-14-of-52,54148/apoLogs.54148.mcptpm-md5sum-murmur-ppd.tar.gz
apoLogs-14-of-52,54149/apoLogs.54149.mcptpm-md5sum-murmur-ppd.tar.gz
apoLogs-14-of-52,54150/apoLogs.54150.mcptpm-md5sum-murmur-ppd.tar.gz
apoLogs-14-of-52,54151/apoLogs.54151.mcptpm-md5sum-murmur-ppd.tar.gz
apoLogs-14-of-52,54152/apoLogs.54152.mcptpm-md5sum-murmur-ppd.tar.gz
apoLogs-14-of-52,54153/apoLogs.54153.mcptpm-md5sum-murmur-ppd.tar.gz
apoLogs-14-of-52,54154/apoLogs.54154.mcptpm-md5sum-murmur-ppd.tar.gz
apoLogs-14-of-52,54155/apoLogs.54155.mcptpm-md5sum-murmur-ppd.tar.gz
apoLogs-15-of-52,54156/apoLogs.54156.mcptpm-md5sum-murmur-ppd.tar.gz
apoLogs-15-of-52,54157/apoLogs.54157.mcptpm-murmur-ppd.tar.gz
apoLogs-15-of-52,54158/apoLogs.54158.mcptpm-murmur-ppd.tar.gz
apoLogs-15-of-52,54159/apoLogs.54159.mcptpm-murmur-ppd.tar.gz
apoLogs-15-of-52,54160/apoLogs.54160.mcptpm-murmur-ppd.tar.gz
apoLogs-15-of-52,54161/apoLogs.54161.mcptpm-murmur.tar.gz
apoLogs-15-of-52,54162/apoLogs.54162.mcptpm-murmur-ppd.tar.gz
apoLogs-15-of-52,54162/apoLogs.54162.mcptpm-murmur.tar.gz
apoLogs-15-of-52,54163/apoLogs.54163.mcptpm-murmur-ppd.tar.gz
apoLogs-15-of-52,54164/apoLogs.54164.mcptpm-murmur-ppd.tar.gz
apoLogs-15-of-52,54165/apoLogs.54165.mcptpm-murmur-ppd.tar.gz
apoLogs-15-of-52,54166/apoLogs.54166.mcptpm-murmur-ppd.tar.gz
apoLogs-15-of-52,54167/apoLogs.54167.mcptpm-md5sum-murmur-ppd.tar.gz
apoLogs-15-of-52,54168/apoLogs.54168.mcptpm-md5sum-murmur-ppd.tar.gz
apoLogs-15-of-52,54169/apoLogs.54169.mcptpm-md5sum-murmur-ppd.tar.gz
apoLogs-15-of-52,54170/apoLogs.54170.mcptpm-md5sum-murmur-ppd.tar.gz
apoLogs-15-of-52,54171/apoLogs.54171.mcptpm-md5sum-murmur-ppd.tar.gz
apoLogs-15-of-52,54172/apoLogs.54172.mcptpm-md5sum-murmur-ppd.tar.gz
apoLogs-15-of-52,54173/apoLogs.54173.mcptpm-md5sum-murmur-ppd.tar.gz
apoLogs-15-of-52,54174/apoLogs.54174.mcptpm-md5sum-murmur-ppd.tar.gz
apoLogs-15-of-52,54175/apoLogs.54175.mcptpm-md5sum-murmur-ppd.tar.gz
apoLogs-15-of-52,54176/apoLogs.54176.mcptpm-md5sum-murmur-ppd.tar.gz
apoLogs-15-of-52,54177/apoLogs.54177.mcptpm-md5sum-murmur-ppd.tar.gz
apoLogs-15-of-52,54178/apoLogs.54178.mcptpm-md5sum-murmur-ppd.tar.gz
apoLogs-15-of-52,54179/apoLogs.54179.mcptpm-md5sum-murmur-ppd.tar.gz
apoLogs-15-of-52,54180/apoLogs.54180.mcptpm-md5sum-murmur-ppd.tar.gz
apoLogs-15-of-52,54181/apoLogs.54181.mcptpm-md5sum-murmur-ppd.tar.gz
apoLogs-15-of-52,54182/apoLogs.54182.mcptpm-md5sum-murmur-ppd.tar.gz
apoLogs-15-of-52,54183/apoLogs.54183.mcptpm-md5sum-murmur-ppd.tar.gz
apoLogs-15-of-52,54184/apoLogs.54184.mcptpm-md5sum-murmur-ppd.tar.gz
apoLogs-15-of-52,54185/apoLogs.54185.mcptpm-murmur-ppd.tar.gz
apoLogs-15-of-52,54186/apoLogs.54186.mcptpm-murmur-ppd.tar.gz
apoLogs-15-of-52,54187/apoLogs.54187.mcptpm-murmur-ppd.tar.gz
apoLogs-15-of-52,54188/apoLogs.54188.mcptpm-murmur-ppd.tar.gz
apoLogs-15-of-52,54189/apoLogs.54189.mcptpm-murmur-ppd.tar.gz
apoLogs-15-of-52,54190/apoLogs.54190.mcptpm-murmur-ppd.tar.gz
apoLogs-16-of-52,54191/apoLogs.54191.mcptpm-murmur-ppd.tar.gz
apoLogs-16-of-52,54192/apoLogs.54192.mcptpm-murmur-ppd.tar.gz
apoLogs-16-of-52,54193/apoLogs.54193.mcptpm-murmur.tar.gz
apoLogs-16-of-52,54194/apoLogs.54194.mcptpm-murmur-ppd.tar.gz
apoLogs-16-of-52,54195/apoLogs.54195.mcptpm-murmur-ppd.tar.gz
apoLogs-16-of-52,54196/apoLogs.54196.mcptpm-md5sum-murmur-ppd.tar.gz
apoLogs-16-of-52,54197/apoLogs.54197.mcptpm-md5sum-murmur-ppd.tar.gz
apoLogs-16-of-52,54198/apoLogs.54198.mcptpm-md5sum-murmur-ppd.tar.gz
apoLogs-16-of-52,54199/apoLogs.54199.mcptpm-md5sum-murmur-ppd.tar.gz
apoLogs-16-of-52,54200/apoLogs.54200.mcptpm-md5sum-murmur-ppd.tar.gz
apoLogs-16-of-52,54201/apoLogs.54201.mcptpm-md5sum-murmur-ppd.tar.gz
apoLogs-16-of-52,54202/apoLogs.54202.mcptpm-md5sum-murmur-ppd.tar.gz
apoLogs-16-of-52,54203/apoLogs.54203.mcptpm-md5sum-murmur-ppd.tar.gz
apoLogs-16-of-52,54204/apoLogs.54204.mcptpm-md5sum-murmur-ppd.tar.gz
apoLogs-16-of-52,54205/apoLogs.54205.mcptpm-md5sum-murmur-ppd.tar.gz
apoLogs-16-of-52,54206/apoLogs.54206.mcptpm-md5sum-murmur-ppd.tar.gz
apoLogs-16-of-52,54207/apoLogs.54207.mcptpm-md5sum-murmur-ppd.tar.gz
apoLogs-16-of-52,54208/apoLogs.54208.mcptpm-md5sum-murmur-ppd.tar.gz
apoLogs-16-of-52,54209/apoLogs.54209.mcptpm-md5sum-murmur-ppd.tar.gz
apoLogs-16-of-52,54210/apoLogs.54210.mcptpm-md5sum-murmur-ppd.tar.gz
apoLogs-16-of-52,54211/apoLogs.54211.mcptpm-md5sum-murmur-ppd.tar.gz
apoLogs-16-of-52,54212/apoLogs.54212.mcptpm-md5sum-murmur-ppd.tar.gz
apoLogs-16-of-52,54213/apoLogs.54213.mcptpm-md5sum-murmur-ppd.tar.gz
apoLogs-16-of-52,54214/apoLogs.54214.mcptpm-murmur-ppd.tar.gz
apoLogs-16-of-52,54215/apoLogs.54215.mcptpm-murmur-ppd.tar.gz
apoLogs-16-of-52,54216/apoLogs.54216.mcptpm-murmur-ppd.tar.gz
apoLogs-16-of-52,54217/apoLogs.54217.mcptpm-murmur-ppd.tar.gz
apoLogs-16-of-52,54218/apoLogs.54218.mcptpm-murmur-ppd.tar.gz
apoLogs-16-of-52,54219/apoLogs.54219.mcptpm-murmur-ppd.tar.gz
apoLogs-16-of-52,54220/apoLogs.54220.mcptpm-murmur-ppd.tar.gz
apoLogs-16-of-52,54221/apoLogs.54221.mcptpm-murmur-ppd.tar.gz
apoLogs-16-of-52,54222/apoLogs.54222.mcptpm-murmur.tar.gz
apoLogs-16-of-52,54223/apoLogs.54223.mcptpm-murmur-ppd.tar.gz
apoLogs-16-of-52,54224/apoLogs.54224.mcptpm-murmur-ppd.tar.gz
apoLogs-16-of-52,54225/apoLogs.54225.mcptpm-murmur-ppd.tar.gz
apoLogs-16-of-52,54226/apoLogs.54226.mcptpm-murmur-ppd.tar.gz
apoLogs-16-of-52,54227/apoLogs.54227.mcptpm-md5sum-murmur-ppd.tar.gz
apoLogs-16-of-52,54228/apoLogs.54228.mcptpm-md5sum-murmur-ppd.tar.gz
apoLogs-17-of-52,54229/apoLogs.54229.mcptpm-md5sum-murmur-ppd.tar.gz
apoLogs-17-of-52,54230/apoLogs.54230.mcptpm-md5sum-murmur-ppd.tar.gz
apoLogs-17-of-52,54231/apoLogs.54231.mcptpm-md5sum-murmur-ppd.tar.gz
apoLogs-17-of-52,54232/apoLogs.54232.mcptpm-md5sum-murmur-ppd.tar.gz
apoLogs-17-of-52,54233/apoLogs.54233.mcptpm-md5sum-murmur-ppd.tar.gz
apoLogs-17-of-52,54234/apoLogs.54234.mcptpm-md5sum-murmur-ppd.tar.gz
apoLogs-17-of-52,54235/apoLogs.54235.mcptpm-md5sum-murmur-ppd.tar.gz
apoLogs-17-of-52,54236/apoLogs.54236.mcptpm-md5sum-murmur-ppd.tar.gz
apoLogs-17-of-52,54237/apoLogs.54237.mcptpm-md5sum-murmur-ppd.tar.gz
apoLogs-17-of-52,54238/apoLogs.54238.mcptpm-md5sum-murmur-ppd.tar.gz
apoLogs-17-of-52,54239/apoLogs.54239.mcptpm-md5sum-murmur-ppd.tar.gz
apoLogs-17-of-52,54240/apoLogs.54240.mcptpm-md5sum-murmur-ppd.tar.gz
apoLogs-17-of-52,54241/apoLogs.54241.mcptpm-md5sum-murmur-ppd.tar.gz
apoLogs-17-of-52,54242/apoLogs.54242.mcptpm-md5sum-murmur-ppd.tar.gz
apoLogs-17-of-52,54243/apoLogs.54243.mcptpm-md5sum-murmur-ppd.tar.gz
apoLogs-17-of-52,54244/apoLogs.54244.mcptpm-murmur-ppd.tar.gz
apoLogs-17-of-52,54245/apoLogs.54245.mcptpm-murmur-ppd.tar.gz
apoLogs-17-of-52,54246/apoLogs.54246.mcptpm-md5sum-murmur-ppd.tar.gz
apoLogs-17-of-52,54247/apoLogs.54247.mcptpm-murmur-ppd.tar.gz
apoLogs-17-of-52,54248/apoLogs.54248.mcptpm-murmur-ppd.tar.gz
apoLogs-17-of-52,54249/apoLogs.54249.mcptpm-murmur-ppd.tar.gz
apoLogs-17-of-52,54250/apoLogs.54250.mcptpm-murmur-ppd.tar.gz
apoLogs-17-of-52,54251/apoLogs.54251.mcptpm-murmur-ppd.tar.gz
apoLogs-17-of-52,54252/apoLogs.54252.mcptpm-murmur-ppd.tar.gz
apoLogs-17-of-52,54253/apoLogs.54253.mcptpm-md5sum-murmur-ppd.tar.gz
apoLogs-17-of-52,54254/apoLogs.54254.mcptpm-murmur-ppd.tar.gz
apoLogs-17-of-52,54255/apoLogs.54255.mcptpm-murmur-ppd.tar.gz
apoLogs-17-of-52,54256/apoLogs.54256.mcptpm-md5sum-murmur-ppd.tar.gz
apoLogs-17-of-52,54257/apoLogs.54257.mcptpm-md5sum-murmur-ppd.tar.gz
apoLogs-17-of-52,54258/apoLogs.54258.mcptpm-md5sum-murmur-ppd.tar.gz
apoLogs-17-of-52,54259/apoLogs.54259.mcptpm-md5sum-murmur-ppd.tar.gz
apoLogs-17-of-52,54260/apoLogs.54260.mcptpm-md5sum-murmur-ppd.tar.gz
apoLogs-17-of-52,54261/apoLogs.54261.mcptpm-md5sum-murmur-ppd.tar.gz
apoLogs-17-of-52,54262/apoLogs.54262.mcptpm-md5sum-murmur-ppd.tar.gz
apoLogs-17-of-52,54263/apoLogs.54263.mcptpm-md5sum-murmur-ppd.tar.gz
apoLogs-17-of-52,54264/apoLogs.54264.mcptpm-md5sum-murmur-ppd.tar.gz
apoLogs-17-of-52,54265/apoLogs.54265.mcptpm-md5sum-murmur-ppd.tar.gz
apoLogs-17-of-52,54266/apoLogs.54266.mcptpm-md5sum-murmur-ppd.tar.gz
apoLogs-17-of-52,54267/apoLogs.54267.mcptpm-md5sum-murmur-ppd.tar.gz
apoLogs-17-of-52,54268/apoLogs.54268.mcptpm-md5sum-murmur-ppd.tar.gz
apoLogs-18-of-52,54269/apoLogs.54269.mcptpm-md5sum-murmur-ppd.tar.gz
apoLogs-18-of-52,54270/apoLogs.54270.mcptpm-md5sum-murmur-ppd.tar.gz
apoLogs-18-of-52,54271/apoLogs.54271.mcptpm-md5sum-murmur-ppd.tar.gz
apoLogs-18-of-52,54272/apoLogs.54272.mcptpm-md5sum-murmur-ppd.tar.gz
apoLogs-18-of-52,54273/apoLogs.54273.mcptpm-md5sum-murmur-ppd.tar.gz
apoLogs-18-of-52,54274/apoLogs.54274.mcptpm-md5sum-murmur-ppd.tar.gz
apoLogs-18-of-52,54275/apoLogs.54275.mcptpm-md5sum-murmur-ppd.tar.gz
apoLogs-18-of-52,54276/apoLogs.54276.mcptpm-murmur-ppd.tar.gz
apoLogs-18-of-52,54277/apoLogs.54277.mcptpm-murmur-ppd.tar.gz
apoLogs-18-of-52,54278/apoLogs.54278.mcptpm-md5sum-murmur-ppd.tar.gz
apoLogs-18-of-52,54279/apoLogs.54279.mcptpm-md5sum-murmur-ppd.tar.gz
apoLogs-18-of-52,54280/apoLogs.54280.mcptpm-murmur-ppd.tar.gz
apoLogs-18-of-52,54281/apoLogs.54281.mcptpm-md5sum-murmur-ppd.tar.gz
apoLogs-18-of-52,54282/apoLogs.54282.mcptpm-murmur-ppd.tar.gz
apoLogs-18-of-52,54283/apoLogs.54283.mcptpm-murmur-ppd.tar.gz
apoLogs-18-of-52,54284/apoLogs.54284.mcptpm-murmur-ppd.tar.gz
apoLogs-18-of-52,54285/apoLogs.54285.mcptpm-md5sum-murmur-ppd.tar.gz
apoLogs-18-of-52,54286/apoLogs.54286.mcptpm-murmur-ppd.tar.gz
apoLogs-18-of-52,54287/apoLogs.54287.mcptpm-murmur-ppd.tar.gz
apoLogs-18-of-52,54288/apoLogs.54288.mcptpm-murmur-ppd.tar.gz
apoLogs-18-of-52,54289/apoLogs.54289.mcptpm-murmur-ppd.tar.gz
apoLogs-18-of-52,54290/apoLogs.54290.mcptpm-murmur.tar.gz
apoLogs-18-of-52,54291/apoLogs.54291.mcptpm-murmur.tar.gz
apoLogs-18-of-52,54292/apoLogs.54292.mcptpm-md5sum-murmur-ppd.tar.gz
apoLogs-18-of-52,54293/apoLogs.54293.mcptpm-md5sum-murmur-ppd.tar.gz
apoLogs-18-of-52,54294/apoLogs.54294.mcptpm-md5sum-murmur-ppd.tar.gz
apoLogs-18-of-52,54295/apoLogs.54295.mcptpm-murmur.tar.gz
apoLogs-18-of-52,54296/apoLogs.54296.mcptpm-murmur.tar.gz
apoLogs-18-of-52,54297/apoLogs.54297.mcptpm-murmur.tar.gz
apoLogs-18-of-52,54298/apoLogs.54298.mcptpm-md5sum-murmur-ppd.tar.gz
apoLogs-18-of-52,54299/apoLogs.54299.mcptpm-murmur.tar.gz
apoLogs-18-of-52,54300/apoLogs.54300.mcptpm-murmur.tar.gz
apoLogs-18-of-52,54301/apoLogs.54301.mcptpm-murmur.tar.gz
apoLogs-18-of-52,54302/apoLogs.54302.mcptpm-murmur.tar.gz
apoLogs-18-of-52,54303/apoLogs.54303.mcptpm-murmur.tar.gz
apoLogs-18-of-52,54304/apoLogs.54304.mcptpm-murmur.tar.gz
apoLogs-18-of-52,54305/apoLogs.54305.mcptpm-murmur.tar.gz
apoLogs-18-of-52,54306/apoLogs.54306.mcptpm-murmur-ppd.tar.gz
apoLogs-18-of-52,54307/apoLogs.54307.mcptpm-murmur.tar.gz
apoLogs-18-of-52,54308/apoLogs.54308.mcptpm-murmur.tar.gz
apoLogs-18-of-52,54309/apoLogs.54309.mcptpm-murmur.tar.gz
apoLogs-18-of-52,54310/apoLogs.54310.mcptpm-murmur.tar.gz
apoLogs-18-of-52,54311/apoLogs.54311.mcptpm-murmur.tar.gz
apoLogs-18-of-52,54312/apoLogs.54312.mcptpm-murmur.tar.gz
apoLogs-18-of-52,54313/apoLogs.54313.mcptpm-murmur.tar.gz
apoLogs-18-of-52,54314/apoLogs.54314.mcptpm-murmur.tar.gz
apoLogs-18-of-52,54315/apoLogs.54315.mcptpm-murmur.tar.gz
apoLogs-18-of-52,54316/apoLogs.54316.mcptpm-murmur.tar.gz
apoLogs-18-of-52,54317/apoLogs.54317.mcptpm-murmur.tar.gz
apoLogs-18-of-52,54318/apoLogs.54318.mcptpm-murmur-ppd.tar.gz
apoLogs-18-of-52,54319/apoLogs.54319.mcptpm-md5sum-murmur-ppd.tar.gz
apoLogs-18-of-52,54320/apoLogs.54320.mcptpm-md5sum-murmur-ppd.tar.gz
apoLogs-18-of-52,54321/apoLogs.54321.mcptpm-md5sum-murmur-ppd.tar.gz
apoLogs-19-of-52,54322/apoLogs.54322.mcptpm-md5sum-murmur-ppd.tar.gz
apoLogs-19-of-52,54323/apoLogs.54323.mcptpm-md5sum-murmur-ppd.tar.gz
apoLogs-19-of-52,54324/apoLogs.54324.mcptpm-md5sum-murmur-ppd.tar.gz
apoLogs-19-of-52,54325/apoLogs.54325.mcptpm-murmur-ppd.tar.gz
apoLogs-19-of-52,54326/apoLogs.54326.mcptpm-md5sum-murmur-ppd.tar.gz
apoLogs-19-of-52,54327/apoLogs.54327.mcptpm-md5sum-murmur-ppd.tar.gz
apoLogs-19-of-52,54328/apoLogs.54328.mcptpm-md5sum-murmur-ppd.tar.gz
apoLogs-19-of-52,54329/apoLogs.54329.mcptpm-md5sum-murmur-ppd.tar.gz
apoLogs-19-of-52,54330/apoLogs.54330.mcptpm-md5sum-murmur-ppd.tar.gz
apoLogs-19-of-52,54331/apoLogs.54331.mcptpm-md5sum-murmur-ppd.tar.gz
apoLogs-19-of-52,54332/apoLogs.54332.mcptpm-md5sum-murmur-ppd.tar.gz
apoLogs-19-of-52,54333/apoLogs.54333.mcptpm-md5sum-murmur-ppd.tar.gz
apoLogs-19-of-52,54334/apoLogs.54334.mcptpm-md5sum-murmur-ppd.tar.gz
apoLogs-19-of-52,54335/apoLogs.54335.mcptpm-md5sum-murmur-ppd.tar.gz
apoLogs-19-of-52,54336/apoLogs.54336.mcptpm-md5sum-murmur-ppd.tar.gz
apoLogs-19-of-52,54337/apoLogs.54337.mcptpm-md5sum-murmur-ppd.tar.gz
apoLogs-19-of-52,54338/apoLogs.54338.mcptpm-md5sum-murmur-ppd.tar.gz
apoLogs-19-of-52,54339/apoLogs.54339.mcptpm-md5sum-murmur-ppd.tar.gz
apoLogs-19-of-52,54340/apoLogs.54340.mcptpm-murmur.tar.gz
apoLogs-19-of-52,54341/apoLogs.54341.mcptpm-murmur.tar.gz
apoLogs-19-of-52,54342/apoLogs.54342.mcptpm-md5sum-murmur-ppd.tar.gz
apoLogs-19-of-52,54343/apoLogs.54343.mcptpm-md5sum-murmur-ppd.tar.gz
apoLogs-19-of-52,54344/apoLogs.54344.mcptpm-md5sum-murmur-ppd.tar.gz
apoLogs-19-of-52,54345/apoLogs.54345.mcptpm-md5sum-murmur-ppd.tar.gz
apoLogs-19-of-52,54346/apoLogs.54346.mcptpm-md5sum-murmur-ppd.tar.gz
apoLogs-19-of-52,54347/apoLogs.54347.mcptpm-md5sum-murmur-ppd.tar.gz
apoLogs-19-of-52,54348/apoLogs.54348.mcptpm-md5sum-murmur-ppd.tar.gz
apoLogs-19-of-52,54349/apoLogs.54349.mcptpm-md5sum-murmur-ppd.tar.gz
apoLogs-19-of-52,54350/apoLogs.54350.mcptpm-md5sum-murmur-ppd.tar.gz
apoLogs-19-of-52,54351/apoLogs.54351.mcptpm-md5sum-murmur-ppd.tar.gz
apoLogs-19-of-52,54352/apoLogs.54352.mcptpm-md5sum-murmur-ppd.tar.gz
apoLogs-19-of-52,54353/apoLogs.54353.mcptpm-md5sum-murmur-ppd.tar.gz
apoLogs-19-of-52,54354/apoLogs.54354.mcptpm-md5sum-murmur-ppd.tar.gz
apoLogs-19-of-52,54355/apoLogs.54355.mcptpm-md5sum-murmur-ppd.tar.gz
apoLogs-19-of-52,54356/apoLogs.54356.mcptpm-md5sum-murmur-ppd.tar.gz
apoLogs-19-of-52,54357/apoLogs.54357.mcptpm-md5sum-murmur-ppd.tar.gz
apoLogs-19-of-52,54358/apoLogs.54358.mcptpm-md5sum-murmur-ppd.tar.gz
apoLogs-19-of-52,54359/apoLogs.54359.mcptpm-md5sum-murmur-ppd.tar.gz
apoLogs-19-of-52,54360/apoLogs.54360.mcptpm-md5sum-murmur-ppd.tar.gz
apoLogs-19-of-52,54361/apoLogs.54361.mcptpm-md5sum-murmur-ppd.tar.gz
apoLogs-19-of-52,54362/apoLogs.54362.mcptpm-md5sum-murmur-ppd.tar.gz
apoLogs-19-of-52,54363/apoLogs.54363.mcptpm-md5sum-murmur-ppd.tar.gz
apoLogs-19-of-52,54364/apoLogs.54364.mcptpm-md5sum-murmur-ppd.tar.gz
apoLogs-19-of-52,54365/apoLogs.54365.mcptpm-md5sum-murmur-ppd.tar.gz
apoLogs-19-of-52,54366/apoLogs.54366.mcptpm-md5sum-murmur-ppd.ORIG.tar.gz
apoLogs-20-of-52,54366/apoLogs.54366.mcptpm-md5sum-murmur-ppd.tar.gz
apoLogs-20-of-52,54367/apoLogs.54367.mcptpm-md5sum-murmur-ppd.tar.gz
apoLogs-20-of-52,54368/apoLogs.54368.mcptpm-md5sum-murmur-ppd.tar.gz
apoLogs-20-of-52,54369/apoLogs.54369.mcptpm-murmur-ppd.tar.gz
apoLogs-20-of-52,54370/apoLogs.54370.mcptpm-murmur-ppd.tar.gz
apoLogs-20-of-52,54371/apoLogs.54371.mcptpm-md5sum-murmur-ppd.tar.gz
apoLogs-20-of-52,54372/apoLogs.54372.mcptpm-md5sum-murmur-ppd.tar.gz
apoLogs-20-of-52,54373/apoLogs.54373.mcptpm-md5sum-murmur-ppd.tar.gz
apoLogs-20-of-52,54374/apoLogs.54374.mcptpm-md5sum-murmur-ppd.tar.gz
apoLogs-20-of-52,54375/apoLogs.54375.mcptpm-md5sum-murmur-ppd.tar.gz
apoLogs-20-of-52,54376/apoLogs.54376.mcptpm-md5sum-murmur-ppd.tar.gz
apoLogs-20-of-52,54377/apoLogs.54377.mcptpm-md5sum-murmur-ppd.tar.gz
apoLogs-20-of-52,54378/apoLogs.54378.mcptpm-md5sum-murmur-ppd.tar.gz
apoLogs-20-of-52,54379/apoLogs.54379.mcptpm-md5sum-murmur-ppd.tar.gz
apoLogs-20-of-52,54380/apoLogs.54380.mcptpm-md5sum-murmur-ppd.tar.gz
apoLogs-20-of-52,54381/apoLogs.54381.mcptpm-md5sum-murmur-ppd.tar.gz
apoLogs-20-of-52,54382/apoLogs.54382.mcptpm-md5sum-murmur-ppd.tar.gz
apoLogs-20-of-52,54383/apoLogs.54383.mcptpm-md5sum-murmur-ppd.tar.gz
apoLogs-20-of-52,54384/apoLogs.54384.mcptpm-md5sum-murmur-ppd.tar.gz
apoLogs-20-of-52,54385/apoLogs.54385.mcptpm-md5sum-murmur-ppd.tar.gz
apoLogs-20-of-52,54386/apoLogs.54386.mcptpm-md5sum-murmur-ppd.tar.gz
apoLogs-20-of-52,54387/apoLogs.54387.mcptpm-md5sum-murmur-ppd.tar.gz
apoLogs-20-of-52,54388/apoLogs.54388.mcptpm-md5sum-murmur-ppd.tar.gz
apoLogs-20-of-52,54389/apoLogs.54389.mcptpm-md5sum-murmur-ppd.tar.gz
apoLogs-20-of-52,54390/apoLogs.54390.mcptpm-md5sum-murmur-ppd.tar.gz
apoLogs-20-of-52,54391/apoLogs.54391.mcptpm-md5sum-murmur-ppd.tar.gz
apoLogs-20-of-52,54392/apoLogs.54392.mcptpm-md5sum-murmur-ppd.tar.gz
apoLogs-20-of-52,54393/apoLogs.54393.mcptpm-md5sum-murmur-ppd.tar.gz
apoLogs-20-of-52,54394/apoLogs.54394.mcptpm-md5sum-murmur-ppd.tar.gz
apoLogs-20-of-52,54395/apoLogs.54395.mcptpm-md5sum-murmur-ppd.tar.gz
apoLogs-20-of-52,54396/apoLogs.54396.mcptpm-md5sum-murmur-ppd.tar.gz
apoLogs-20-of-52,54397/apoLogs.54397.mcptpm-md5sum-murmur-ppd.tar.gz
apoLogs-20-of-52,54398/apoLogs.54398.mcptpm-murmur.tar.gz
apoLogs-20-of-52,54399/apoLogs.54399.mcptpm-md5sum-murmur.tar.gz
apoLogs-20-of-52,54400/apoLogs.54400.mcptpm-murmur-ppd.tar.gz
apoLogs-20-of-52,54401/apoLogs.54401.mcptpm-md5sum-murmur-ppd.tar.gz
apoLogs-20-of-52,54402/apoLogs.54402.mcptpm-md5sum-murmur-ppd.tar.gz
apoLogs-20-of-52,54403/apoLogs.54403.mcptpm-md5sum-murmur-ppd.tar.gz
apoLogs-20-of-52,54404/apoLogs.54404.mcptpm-md5sum-murmur-ppd.tar.gz
apoLogs-20-of-52,54405/apoLogs.54405.mcptpm-md5sum-murmur-ppd.tar.gz
apoLogs-20-of-52,54406/apoLogs.54406.mcptpm-md5sum-murmur-ppd.tar.gz
apoLogs-21-of-52,54407/apoLogs.54407.mcptpm-md5sum-murmur-ppd.tar.gz
apoLogs-21-of-52,54408/apoLogs.54408.mcptpm-md5sum-murmur-ppd.tar.gz
apoLogs-21-of-52,54409/apoLogs.54409.mcptpm-md5sum-murmur-ppd.tar.gz
apoLogs-21-of-52,54410/apoLogs.54410.mcptpm-md5sum-murmur-ppd.tar.gz
apoLogs-21-of-52,54411/apoLogs.54411.mcptpm-md5sum-murmur-ppd.tar.gz
apoLogs-21-of-52,54412/apoLogs.54412.mcptpm-md5sum-murmur-ppd.tar.gz
apoLogs-21-of-52,54413/apoLogs.54413.mcptpm-md5sum-murmur-ppd.tar.gz
apoLogs-21-of-52,54414/apoLogs.54414.mcptpm-md5sum-murmur-ppd.tar.gz
apoLogs-21-of-52,54415/apoLogs.54415.mcptpm-md5sum-murmur-ppd.tar.gz
apoLogs-21-of-52,54416/apoLogs.54416.mcptpm-md5sum-murmur-ppd.tar.gz
apoLogs-21-of-52,54417/apoLogs.54417.mcptpm-md5sum-murmur-ppd.tar.gz
apoLogs-21-of-52,54418/apoLogs.54418.mcptpm-md5sum-murmur-ppd.tar.gz
apoLogs-21-of-52,54419/apoLogs.54419.mcptpm-md5sum-murmur-ppd.tar.gz
apoLogs-21-of-52,54420/apoLogs.54420.mcptpm-md5sum-murmur-ppd.tar.gz
apoLogs-21-of-52,54421/apoLogs.54421.mcptpm-md5sum-murmur-ppd.tar.gz
apoLogs-21-of-52,54422/apoLogs.54422.mcptpm-md5sum-murmur-ppd.tar.gz
apoLogs-21-of-52,54423/apoLogs.54423.mcptpm-md5sum-murmur-ppd.tar.gz
apoLogs-21-of-52,54424/apoLogs.54424.mcptpm-md5sum-murmur-ppd.tar.gz
apoLogs-21-of-52,54425/apoLogs.54425.mcptpm-md5sum-murmur-ppd.tar.gz
apoLogs-21-of-52,54426/apoLogs.54426.mcptpm-md5sum-murmur-ppd.tar.gz
apoLogs-21-of-52,54427/apoLogs.54427.mcptpm-md5sum-murmur-ppd.tar.gz
apoLogs-21-of-52,54428/apoLogs.54428.mcptpm-murmur.tar.gz
apoLogs-21-of-52,54429/apoLogs.54429.mcptpm-murmur.tar.gz
apoLogs-21-of-52,54430/apoLogs.54430.mcptpm-md5sum-murmur-ppd.tar.gz
apoLogs-21-of-52,54431/apoLogs.54431.mcptpm-md5sum-murmur-ppd.tar.gz
apoLogs-21-of-52,54432/apoLogs.54432.mcptpm-md5sum-murmur-ppd.tar.gz
apoLogs-21-of-52,54433/apoLogs.54433.mcptpm-md5sum-murmur-ppd.tar.gz
apoLogs-21-of-52,54434/apoLogs.54434.mcptpm-md5sum-murmur-ppd.tar.gz
apoLogs-21-of-52,54435/apoLogs.54435.mcptpm-md5sum-murmur-ppd.tar.gz
apoLogs-21-of-52,54436/apoLogs.54436.mcptpm-md5sum-murmur-ppd.tar.gz
apoLogs-21-of-52,54437/apoLogs.54437.mcptpm-md5sum-murmur-ppd.tar.gz
apoLogs-21-of-52,54438/apoLogs.54438.mcptpm-md5sum-murmur-ppd.tar.gz
apoLogs-21-of-52,54439/apoLogs.54439.mcptpm-md5sum-murmur-ppd.tar.gz
apoLogs-21-of-52,54440/apoLogs.54440.mcptpm-md5sum-murmur-ppd.tar.gz
apoLogs-21-of-52,54441/apoLogs.54441.mcptpm-md5sum-murmur-ppd.tar.gz
apoLogs-21-of-52,54442/apoLogs.54442.mcptpm-md5sum-murmur-ppd.tar.gz
apoLogs-21-of-52,54443/apoLogs.54443.mcptpm-md5sum-murmur-ppd.tar.gz
apoLogs-21-of-52,54444/apoLogs.54444.mcptpm-md5sum-murmur-ppd.tar.gz
apoLogs-21-of-52,54445/apoLogs.54445.mcptpm-md5sum-murmur-ppd.tar.gz
apoLogs-21-of-52,54446/apoLogs.54446.mcptpm-md5sum-murmur-ppd.tar.gz
apoLogs-21-of-52,54447/apoLogs.54447.mcptpm-md5sum-murmur-ppd.tar.gz
apoLogs-22-of-52,54448/apoLogs.54448.mcptpm-md5sum-murmur-ppd.tar.gz
apoLogs-22-of-52,54449/apoLogs.54449.mcptpm-md5sum-murmur-ppd.tar.gz
apoLogs-22-of-52,54450/apoLogs.54450.mcptpm-md5sum-murmur-ppd.tar.gz
apoLogs-22-of-52,54451/apoLogs.54451.mcptpm-md5sum-murmur-ppd.tar.gz
apoLogs-22-of-52,54452/apoLogs.54452.mcptpm-md5sum-murmur-ppd.tar.gz
apoLogs-22-of-52,54453/apoLogs.54453.mcptpm-md5sum-murmur-ppd.tar.gz
apoLogs-22-of-52,54454/apoLogs.54454.mcptpm-md5sum-murmur-ppd.tar.gz
apoLogs-22-of-52,54455/apoLogs.54455.mcptpm-md5sum-murmur-ppd.tar.gz
apoLogs-22-of-52,54456/apoLogs.54456.mcptpm-md5sum-murmur-ppd.tar.gz
apoLogs-22-of-52,54457/apoLogs.54457.mcptpm-murmur.tar.gz
apoLogs-22-of-52,54458/apoLogs.54458.mcptpm-murmur.tar.gz
apoLogs-22-of-52,54459/apoLogs.54459.mcptpm-md5sum-murmur-ppd.tar.gz
apoLogs-22-of-52,54460/apoLogs.54460.mcptpm-md5sum-murmur-ppd.tar.gz
apoLogs-22-of-52,54461/apoLogs.54461.mcptpm-md5sum-murmur-ppd.tar.gz
apoLogs-22-of-52,54462/apoLogs.54462.mcptpm-md5sum-murmur-ppd.tar.gz
apoLogs-22-of-52,54463/apoLogs.54463.mcptpm-md5sum-murmur-ppd.tar.gz
apoLogs-22-of-52,54464/apoLogs.54464.mcptpm-md5sum-murmur-ppd.tar.gz
apoLogs-22-of-52,54465/apoLogs.54465.mcptpm-md5sum-murmur-ppd.tar.gz
apoLogs-22-of-52,54466/apoLogs.54466.mcptpm-md5sum-murmur-ppd.tar.gz
apoLogs-22-of-52,54467/apoLogs.54467.mcptpm-md5sum-murmur-ppd.tar.gz
apoLogs-22-of-52,54468/apoLogs.54468.mcptpm-md5sum-murmur-ppd.tar.gz
apoLogs-22-of-52,54469/apoLogs.54469.mcptpm-md5sum-murmur-ppd.tar.gz
apoLogs-22-of-52,54470/apoLogs.54470.mcptpm-md5sum-murmur-ppd.tar.gz
apoLogs-22-of-52,54471/apoLogs.54471.mcptpm-md5sum-murmur-ppd.tar.gz
apoLogs-22-of-52,54472/apoLogs.54472.mcptpm-md5sum-murmur-ppd.tar.gz
apoLogs-22-of-52,54473/apoLogs.54473.mcptpm-md5sum-murmur-ppd.tar.gz
apoLogs-22-of-52,54474/apoLogs.54474.mcptpm-md5sum-murmur-ppd.tar.gz
apoLogs-22-of-52,54475/apoLogs.54475.mcptpm-md5sum-murmur-ppd.tar.gz
apoLogs-22-of-52,54476/apoLogs.54476.mcptpm-md5sum-murmur-ppd.tar.gz
apoLogs-22-of-52,54477/apoLogs.54477.mcptpm-md5sum-murmur-ppd.tar.gz
apoLogs-22-of-52,54478/apoLogs.54478.mcptpm-md5sum-murmur-ppd.tar.gz
apoLogs-22-of-52,54479/apoLogs.54479.mcptpm-md5sum-murmur-ppd.tar.gz
apoLogs-22-of-52,54480/apoLogs.54480.mcptpm-md5sum-murmur-ppd.tar.gz
apoLogs-22-of-52,54481/apoLogs.54481.mcptpm-md5sum-murmur-ppd.tar.gz
apoLogs-23-of-52,54482/apoLogs.54482.mcptpm-md5sum-murmur-ppd.tar.gz
apoLogs-23-of-52,54483/apoLogs.54483.mcptpm-md5sum-murmur-ppd.tar.gz
apoLogs-23-of-52,54484/apoLogs.54484.mcptpm-md5sum-murmur-ppd.tar.gz
apoLogs-23-of-52,54485/apoLogs.54485.mcptpm-md5sum-murmur-ppd.tar.gz
apoLogs-23-of-52,54486/apoLogs.54486.mcptpm-murmur.tar.gz
apoLogs-23-of-52,54487/apoLogs.54487.mcptpm-murmur.tar.gz
apoLogs-23-of-52,54488/apoLogs.54488.mcptpm-md5sum-murmur-ppd.tar.gz
apoLogs-23-of-52,54489/apoLogs.54489.mcptpm-md5sum-murmur-ppd.tar.gz
apoLogs-23-of-52,54490/apoLogs.54490.mcptpm-md5sum-murmur-ppd.tar.gz
apoLogs-23-of-52,54491/apoLogs.54491.mcptpm-md5sum-murmur-ppd.tar.gz
apoLogs-23-of-52,54492/apoLogs.54492.mcptpm-md5sum-murmur-ppd.tar.gz
apoLogs-23-of-52,54493/apoLogs.54493.mcptpm-md5sum-murmur-ppd.tar.gz
apoLogs-23-of-52,54494/apoLogs.54494.mcptpm-md5sum-murmur-ppd.tar.gz
apoLogs-23-of-52,54495/apoLogs.54495.mcptpm-md5sum-murmur-ppd.tar.gz
apoLogs-23-of-52,54496/apoLogs.54496.mcptpm-md5sum-murmur-ppd.tar.gz
apoLogs-23-of-52,54496/apoLogs.54496.mcptpm-md5sum-murmur-ppd.tar.gz-woLastFix
apoLogs-23-of-52,54497/apoLogs.54497.mcptpm-md5sum-murmur-ppd.tar.gz
apoLogs-23-of-52,54498/apoLogs.54498.mcptpm-md5sum-murmur-ppd.tar.gz
apoLogs-23-of-52,54499/apoLogs.54499.mcptpm-md5sum-murmur-ppd.tar.gz
apoLogs-23-of-52,54500/apoLogs.54500.mcptpm-md5sum-murmur-ppd.tar.gz
apoLogs-23-of-52,54501/apoLogs.54501.mcptpm-md5sum-murmur-ppd.tar.gz
apoLogs-23-of-52,54502/apoLogs.54502.mcptpm-md5sum-murmur-ppd.tar.gz
apoLogs-23-of-52,54503/apoLogs.54503.mcptpm-md5sum-murmur-ppd.tar.gz
apoLogs-23-of-52,54504/apoLogs.54504.mcptpm-md5sum-murmur-ppd.tar.gz
apoLogs-23-of-52,54505/apoLogs.54505.mcptpm-md5sum-murmur-ppd.tar.gz
apoLogs-23-of-52,54506/apoLogs.54506.mcptpm-md5sum-murmur-ppd.tar.gz
apoLogs-23-of-52,54507/apoLogs.54507.mcptpm-md5sum-murmur-ppd.tar.gz
apoLogs-23-of-52,54508/apoLogs.54508.mcptpm-md5sum-murmur-ppd.tar.gz
apoLogs-23-of-52,54509/apoLogs.54509.mcptpm-md5sum-murmur-ppd.tar.gz
apoLogs-23-of-52,54510/apoLogs.54510.mcptpm-md5sum-murmur-ppd.tar.gz
apoLogs-23-of-52,54511/apoLogs.54511.mcptpm-md5sum-murmur-ppd.tar.gz
apoLogs-23-of-52,54512/apoLogs.54512.mcptpm-md5sum-murmur-ppd.tar.gz
apoLogs-23-of-52,54513/apoLogs.54513.mcptpm-md5sum-murmur-ppd.tar.gz
apoLogs-23-of-52,54514/apoLogs.54514.mcptpm-md5sum-murmur-ppd.tar.gz
apoLogs-23-of-52,54515/apoLogs.54515.mcptpm-md5sum-murmur-ppd.tar.gz
apoLogs-23-of-52,54516/apoLogs.54516.mcptpm-murmur.tar.gz
apoLogs-24-of-52,54517/apoLogs.54517.mcptpm-murmur-ppd.tar.gz
apoLogs-24-of-52,54518/apoLogs.54518.mcptpm-md5sum-murmur-ppd.tar.gz
apoLogs-24-of-52,54519/apoLogs.54519.mcptpm-md5sum-murmur-ppd.tar.gz
apoLogs-24-of-52,54520/apoLogs.54520.mcptpm-md5sum-murmur-ppd.tar.gz
apoLogs-24-of-52,54521/apoLogs.54521.mcptpm-md5sum-murmur-ppd.tar.gz
apoLogs-24-of-52,54522/apoLogs.54522.mcptpm-md5sum-murmur-ppd.tar.gz
apoLogs-24-of-52,54523/apoLogs.54523.mcptpm-md5sum-murmur-ppd.tar.gz
apoLogs-24-of-52,54524/apoLogs.54524.mcptpm-md5sum-murmur-ppd.tar.gz
apoLogs-24-of-52,54525/apoLogs.54525.mcptpm-md5sum-murmur-ppd.tar.gz
apoLogs-24-of-52,54526/apoLogs.54526.mcptpm-md5sum-murmur-ppd.tar.gz
apoLogs-24-of-52,54527/apoLogs.54527.mcptpm-md5sum-murmur-ppd.tar.gz
apoLogs-24-of-52,54528/apoLogs.54528.mcptpm-md5sum-murmur-ppd.tar.gz
apoLogs-24-of-52,54529/apoLogs.54529.mcptpm-md5sum-murmur-ppd.tar.gz
apoLogs-24-of-52,54530/apoLogs.54530.mcptpm-md5sum-murmur-ppd.tar.gz
apoLogs-24-of-52,54531/apoLogs.54531.mcptpm-md5sum-murmur-ppd.tar.gz
apoLogs-24-of-52,54532/apoLogs.54532.mcptpm-md5sum-murmur-ppd.tar.gz
apoLogs-24-of-52,54533/apoLogs.54533.mcptpm-md5sum-murmur-ppd.tar.gz
apoLogs-24-of-52,54534/apoLogs.54534.mcptpm-md5sum-murmur-ppd.tar.gz
apoLogs-24-of-52,54535/apoLogs.54535.mcptpm-md5sum-murmur-ppd.tar.gz
apoLogs-24-of-52,54536/apoLogs.54536.mcptpm-md5sum-murmur-ppd.tar.gz
apoLogs-24-of-52,54537/apoLogs.54537.mcptpm-md5sum-murmur-ppd.tar.gz
apoLogs-24-of-52,54538/apoLogs.54538.mcptpm-md5sum-murmur-ppd.tar.gz
apoLogs-24-of-52,54539/apoLogs.54539.mcptpm-md5sum-murmur-ppd.tar.gz
apoLogs-24-of-52,54540/apoLogs.54540.mcptpm-md5sum-murmur-ppd.tar.gz
apoLogs-24-of-52,54541/apoLogs.54541.mcptpm-md5sum-murmur-ppd.tar.gz
apoLogs-24-of-52,54542/apoLogs.54542.mcptpm-md5sum-murmur-ppd.tar.gz
apoLogs-24-of-52,54543/apoLogs.54543.mcptpm-md5sum-murmur-ppd.tar.gz
apoLogs-24-of-52,54544/apoLogs.54544.mcptpm-md5sum-murmur-ppd.tar.gz
apoLogs-24-of-52,54545/apoLogs.54545.mcptpm-md5sum-murmur-ppd.tar.gz
apoLogs-24-of-52,54546/apoLogs.54546.mcptpm-md5sum-murmur-ppd.tar.gz
apoLogs-24-of-52,54547/apoLogs.54547.mcptpm-murmur.tar.gz
apoLogs-24-of-52,54548/apoLogs.54548.mcptpm-md5sum-murmur-ppd.tar.gz
apoLogs-24-of-52,54549/apoLogs.54549.mcptpm-md5sum-murmur-ppd.tar.gz
apoLogs-24-of-52,54550/apoLogs.54550.mcptpm-md5sum-murmur-ppd.tar.gz
apoLogs-24-of-52,54551/apoLogs.54551.mcptpm-md5sum-murmur-ppd.tar.gz
apoLogs-25-of-52,54552/apoLogs.54552.mcptpm-md5sum-murmur-ppd.tar.gz
apoLogs-25-of-52,54553/apoLogs.54553.mcptpm-md5sum-murmur-ppd.tar.gz
apoLogs-25-of-52,54554/apoLogs.54554.mcptpm-md5sum-murmur-ppd.tar.gz
apoLogs-25-of-52,54555/apoLogs.54555.mcptpm-md5sum-murmur-ppd.tar.gz
apoLogs-25-of-52,54556/apoLogs.54556.mcptpm-md5sum-murmur-ppd.tar.gz
apoLogs-25-of-52,54557/apoLogs.54557.mcptpm-md5sum-murmur-ppd.tar.gz
apoLogs-25-of-52,54558/apoLogs.54558.mcptpm-md5sum-murmur-ppd.tar.gz
apoLogs-25-of-52,54559/apoLogs.54559.mcptpm-md5sum-murmur-ppd.tar.gz
apoLogs-25-of-52,54560/apoLogs.54560.mcptpm-md5sum-murmur-ppd.tar.gz
apoLogs-25-of-52,54561/apoLogs.54561.mcptpm-md5sum-murmur-ppd.tar.gz
apoLogs-25-of-52,54562/apoLogs.54562.mcptpm-md5sum-murmur-ppd.tar.gz
apoLogs-25-of-52,54563/apoLogs.54563.mcptpm-md5sum-murmur-ppd.tar.gz
apoLogs-25-of-52,54564/apoLogs.54564.mcptpm-md5sum-murmur-ppd.tar.gz
apoLogs-25-of-52,54565/apoLogs.54565.mcptpm-md5sum-murmur-ppd.tar.gz
apoLogs-25-of-52,54566/apoLogs.54566.mcptpm-md5sum-murmur-ppd.tar.gz
apoLogs-25-of-52,54567/apoLogs.54567.mcptpm-md5sum-murmur-ppd.tar.gz
apoLogs-25-of-52,54568/apoLogs.54568.mcptpm-md5sum-murmur-ppd.tar.gz
apoLogs-25-of-52,54569/apoLogs.54569.mcptpm-md5sum-murmur-ppd.tar.gz
apoLogs-25-of-52,54570/apoLogs.54570.mcptpm-md5sum-murmur-ppd.tar.gz
apoLogs-25-of-52,54571/apoLogs.54571.mcptpm-md5sum-murmur-ppd.tar.gz
apoLogs-25-of-52,54572/apoLogs.54572.mcptpm-md5sum-murmur-ppd.tar.gz
apoLogs-25-of-52,54573/apoLogs.54573.mcptpm-md5sum-murmur-ppd.tar.gz
apoLogs-25-of-52,54574/apoLogs.54574.mcptpm-md5sum-murmur-ppd.tar.gz
apoLogs-25-of-52,54575/apoLogs.54575.mcptpm-murmur-ppd.tar.gz
apoLogs-25-of-52,54576/apoLogs.54576.mcptpm-murmur-ppd.tar.gz
apoLogs-25-of-52,54577/apoLogs.54577.mcptpm-md5sum-murmur-ppd.tar.gz
apoLogs-25-of-52,54578/apoLogs.54578.mcptpm-md5sum-murmur-ppd.tar.gz
apoLogs-25-of-52,54579/apoLogs.54579.mcptpm-md5sum-murmur-ppd.tar.gz
apoLogs-25-of-52,54580/apoLogs.54580.mcptpm-md5sum-murmur-ppd.tar.gz
apoLogs-25-of-52,54581/apoLogs.54581.mcptpm-md5sum-murmur-ppd.tar.gz
apoLogs-25-of-52,54582/apoLogs.54582.mcptpm-md5sum-murmur-ppd.tar.gz
apoLogs-25-of-52,54583/apoLogs.54583.mcptpm-md5sum-murmur-ppd.tar.gz
apoLogs-25-of-52,54584/apoLogs.54584.mcptpm-md5sum-murmur-ppd.tar.gz
apoLogs-25-of-52,54585/apoLogs.54585.mcptpm-md5sum-murmur-ppd.tar.gz
apoLogs-26-of-52,54586/apoLogs.54586.mcptpm-md5sum-murmur-ppd.tar.gz
apoLogs-26-of-52,54587/apoLogs.54587.mcptpm-md5sum-murmur-ppd.tar.gz
apoLogs-26-of-52,54588/apoLogs.54588.mcptpm-md5sum-murmur-ppd.tar.gz
apoLogs-26-of-52,54589/apoLogs.54589.mcptpm-md5sum-murmur-ppd.tar.gz
apoLogs-26-of-52,54590/apoLogs.54590.mcptpm-md5sum-murmur-ppd.tar.gz
apoLogs-26-of-52,54591/apoLogs.54591.mcptpm-md5sum-murmur-ppd.tar.gz
apoLogs-26-of-52,54592/apoLogs.54592.mcptpm-md5sum-murmur-ppd.tar.gz
apoLogs-26-of-52,54593/apoLogs.54593.mcptpm-md5sum-murmur-ppd.tar.gz
apoLogs-26-of-52,54594/apoLogs.54594.mcptpm-md5sum-murmur-ppd.tar.gz
apoLogs-26-of-52,54595/apoLogs.54595.mcptpm-md5sum-murmur-ppd.tar.gz
apoLogs-26-of-52,54596/apoLogs.54596.mcptpm-md5sum-murmur-ppd.tar.gz
apoLogs-26-of-52,54597/apoLogs.54597.mcptpm-md5sum-murmur-ppd.tar.gz
apoLogs-26-of-52,54598/apoLogs.54598.mcptpm-md5sum-murmur-ppd.tar.gz
apoLogs-26-of-52,54599/apoLogs.54599.mcptpm-md5sum-murmur-ppd.tar.gz
apoLogs-26-of-52,54600/apoLogs.54600.mcptpm-md5sum-murmur-ppd.tar.gz
apoLogs-26-of-52,54601/apoLogs.54601.mcptpm-md5sum-murmur-ppd.tar.gz
apoLogs-26-of-52,54602/apoLogs.54602.mcptpm-md5sum-murmur-ppd.tar.gz
apoLogs-26-of-52,54603/apoLogs.54603.mcptpm-md5sum-murmur-ppd.tar.gz
apoLogs-26-of-52,54604/apoLogs.54604.mcptpm-murmur.tar.gz
apoLogs-26-of-52,54605/apoLogs.54605.mcptpm-murmur.tar.gz
apoLogs-26-of-52,54606/apoLogs.54606.mcptpm-murmur.tar.gz
apoLogs-26-of-52,54607/apoLogs.54607.mcptpm-md5sum-murmur-ppd.tar.gz
apoLogs-26-of-52,54608/apoLogs.54608.mcptpm-md5sum-murmur-ppd.tar.gz
apoLogs-26-of-52,54609/apoLogs.54609.mcptpm-md5sum-murmur-ppd.tar.gz
apoLogs-26-of-52,54610/apoLogs.54610.mcptpm-md5sum-murmur-ppd.tar.gz
apoLogs-26-of-52,54611/apoLogs.54611.mcptpm-md5sum-murmur-ppd.tar.gz
apoLogs-26-of-52,54612/apoLogs.54612.mcptpm-md5sum-murmur-ppd.tar.gz
apoLogs-26-of-52,54613/apoLogs.54613.mcptpm-md5sum-murmur-ppd.tar.gz
apoLogs-26-of-52,54614/apoLogs.54614.mcptpm-md5sum-murmur-ppd.tar.gz
apoLogs-26-of-52,54615/apoLogs.54615.mcptpm-md5sum-murmur-ppd.tar.gz
apoLogs-26-of-52,54616/apoLogs.54616.mcptpm-md5sum-murmur-ppd.tar.gz
apoLogs-26-of-52,54617/apoLogs.54617.mcptpm-md5sum-murmur-ppd.tar.gz
apoLogs-26-of-52,54618/apoLogs.54618.mcptpm-md5sum-murmur-ppd.tar.gz
apoLogs-26-of-52,54619/apoLogs.54619.mcptpm-md5sum-murmur-ppd.tar.gz
apoLogs-26-of-52,54620/apoLogs.54620.mcptpm-md5sum-murmur-ppd.tar.gz
apoLogs-26-of-52,54621/apoLogs.54621.mcptpm-md5sum-murmur-ppd.tar.gz
apoLogs-26-of-52,54622/apoLogs.54622.mcptpm-md5sum-murmur-ppd.tar.gz
apoLogs-26-of-52,54623/apoLogs.54623.mcptpm-md5sum-murmur-ppd.tar.gz
apoLogs-27-of-52,54624/apoLogs.54624.mcptpm-md5sum-murmur-ppd.tar.gz
apoLogs-27-of-52,54625/apoLogs.54625.mcptpm-md5sum-murmur-ppd.tar.gz
apoLogs-27-of-52,54626/apoLogs.54626.mcptpm-md5sum-murmur-ppd.tar.gz
apoLogs-27-of-52,54627/apoLogs.54627.mcptpm-md5sum-murmur-ppd.tar.gz
apoLogs-27-of-52,54628/apoLogs.54628.mcptpm-md5sum-murmur-ppd.tar.gz
apoLogs-27-of-52,54629/apoLogs.54629.mcptpm-md5sum-murmur-ppd.tar.gz
apoLogs-27-of-52,54630/apoLogs.54630.mcptpm-md5sum-murmur-ppd.tar.gz
apoLogs-27-of-52,54631/apoLogs.54631.mcptpm-md5sum-murmur-ppd.tar.gz
apoLogs-27-of-52,54632/apoLogs.54632.mcptpm-md5sum-murmur-ppd.tar.gz
apoLogs-27-of-52,54633/apoLogs.54633.mcptpm-md5sum-murmur-ppd.tar.gz
apoLogs-27-of-52,54634/apoLogs.54634.mcptpm-murmur.tar.gz
apoLogs-27-of-52,54635/apoLogs.54635.mcptpm-murmur.tar.gz
apoLogs-27-of-52,54636/apoLogs.54636.mcptpm-md5sum-murmur-ppd.tar.gz
apoLogs-27-of-52,54637/apoLogs.54637.mcptpm-md5sum-murmur-ppd.tar.gz
apoLogs-27-of-52,54638/apoLogs.54638.mcptpm-md5sum-murmur-ppd.tar.gz
apoLogs-27-of-52,54639/apoLogs.54639.mcptpm-md5sum-murmur-ppd.tar.gz
apoLogs-27-of-52,54640/apoLogs.54640.mcptpm-murmur-ppd.tar.gz
apoLogs-27-of-52,54641/apoLogs.54641.mcptpm-murmur-ppd.tar.gz
apoLogs-27-of-52,54642/apoLogs.54642.mcptpm-murmur-ppd.tar.gz
apoLogs-27-of-52,54643/apoLogs.54643.mcptpm-murmur-ppd.tar.gz
apoLogs-27-of-52,54644/apoLogs.54644.mcptpm-md5sum-murmur-ppd.tar.gz
apoLogs-27-of-52,54645/apoLogs.54645.mcptpm-md5sum-murmur-ppd.tar.gz
apoLogs-27-of-52,54646/apoLogs.54646.mcptpm-md5sum-murmur-ppd.tar.gz
apoLogs-27-of-52,54647/apoLogs.54647.mcptpm-md5sum-murmur-ppd.tar.gz
apoLogs-27-of-52,54648/apoLogs.54648.mcptpm-md5sum-murmur-ppd.tar.gz
apoLogs-27-of-52,54649/apoLogs.54649.mcptpm-md5sum-murmur-ppd.tar.gz
apoLogs-27-of-52,54650/apoLogs.54650.mcptpm-md5sum-murmur-ppd.tar.gz
apoLogs-27-of-52,54651/apoLogs.54651.mcptpm-md5sum-murmur-ppd.tar.gz
apoLogs-27-of-52,54652/apoLogs.54652.mcptpm-md5sum-murmur-ppd.tar.gz
apoLogs-27-of-52,54653/apoLogs.54653.mcptpm-md5sum-murmur-ppd.tar.gz
apoLogs-27-of-52,54654/apoLogs.54654.mcptpm-md5sum-murmur-ppd.tar.gz
apoLogs-27-of-52,54655/apoLogs.54655.mcptpm-md5sum-murmur-ppd.tar.gz
apoLogs-27-of-52,54656/apoLogs.54656.mcptpm-md5sum-murmur-ppd.tar.gz
apoLogs-27-of-52,54657/apoLogs.54657.mcptpm-md5sum-murmur-ppd.tar.gz
apoLogs-28-of-52,54658/apoLogs.54658.mcptpm-md5sum-murmur-ppd.tar.gz
apoLogs-28-of-52,54659/apoLogs.54659.mcptpm-md5sum-murmur-ppd.tar.gz
apoLogs-28-of-52,54660/apoLogs.54660.mcptpm-md5sum-murmur-ppd.tar.gz
apoLogs-28-of-52,54661/apoLogs.54661.mcptpm-md5sum-murmur-ppd.tar.gz
apoLogs-28-of-52,54662/apoLogs.54662.mcptpm-murmur-ppd.tar.gz
apoLogs-28-of-52,54663/apoLogs.54663.mcptpm-md5sum-murmur-ppd.tar.gz
apoLogs-28-of-52,54664/apoLogs.54664.mcptpm-md5sum-murmur-ppd.tar.gz
apoLogs-28-of-52,54665/apoLogs.54665.mcptpm-md5sum-murmur-ppd.tar.gz
apoLogs-28-of-52,54666/apoLogs.54666.mcptpm-md5sum-murmur-ppd.tar.gz
apoLogs-28-of-52,54667/apoLogs.54667.mcptpm-md5sum-murmur-ppd.tar.gz
apoLogs-28-of-52,54668/apoLogs.54668.mcptpm-md5sum-murmur-ppd.tar.gz
apoLogs-28-of-52,54669/apoLogs.54669.mcptpm-md5sum-murmur-ppd.tar.gz
apoLogs-28-of-52,54670/apoLogs.54670.mcptpm-md5sum-murmur-ppd.tar.gz
apoLogs-29-of-52,fspeclog.51433-54670.andOtherData.SDSS-I.and.II.FINAL.20080826.tgz
apoLogs-29-of-52,golden.FINAL.20080826.Part.1-of-2.MJDs.50991-53109.tgz
apoLogs-29-of-52,golden.FINAL.20080826.Part.2-of-2.MJDs.53110-54670.AndMisc.tgz
apoLogs-30-of-52,ppd.FINAL.20080826.Part.1-of-2.MJDs.50991-53463.tgz
apoLogs-30-of-52,ppd.FINAL.20080826.Part.2-of-2.MJDs.53464-54670.CVS.skent.tgz
apoLogs-31-of-52,preGAP.fullMoon/apoLogs.MJD.51075-53069.20040308.1032.tar
apoLogs-31-of-52,preGAP.fullMoon/apoLogs.MJD.51578-51917.20020401.1733.tar
apoLogs-31-of-52,preGAP.fullMoon/apoLogs.MJD.51578-52393.20020530.2111.tar
apoLogs-31-of-52,preGAP.fullMoon/apoLogs.MJD.51918-51930.20020401.1733.tar
apoLogs-32-of-52,preGAP.fullMoon/apoLogs.MJD.51931-51942.20020401.1733.tar
apoLogs-32-of-52,preGAP.fullMoon/apoLogs.MJD.51943-51962.20020401.1733.tar
apoLogs-32-of-52,preGAP.fullMoon/apoLogs.MJD.51963-51984.20020401.1733.tar
apoLogs-33-of-52,preGAP.fullMoon/apoLogs.MJD.51985-52000.20020401.1733.tar
apoLogs-33-of-52,preGAP.fullMoon/apoLogs.MJD.52001-52023.20020401.1733.tar
apoLogs-33-of-52,preGAP.fullMoon/apoLogs.MJD.52024-52042.20020401.1733.tar
apoLogs-34-of-52,preGAP.fullMoon/apoLogs.MJD.52043-52058.20020401.1733.tar
apoLogs-34-of-52,preGAP.fullMoon/apoLogs.MJD.52059-52079.20020405.1828.tar
apoLogs-34-of-52,preGAP.fullMoon/apoLogs.MJD.52080-52113.20020405.2026.tar
apoLogs-35-of-52,preGAP.fullMoon/apoLogs.MJD.52114-52160.20020405.2026.tar
apoLogs-35-of-52,preGAP.fullMoon/apoLogs.MJD.52161-52207.20020405.2026.tar
apoLogs-35-of-52,preGAP.fullMoon/apoLogs.MJD.52208-52244.20020405.2026.tar
apoLogs-36-of-52,preGAP.fullMoon/apoLogs.MJD.52245-52277.20020405.2026.tar
apoLogs-36-of-52,preGAP.fullMoon/apoLogs.MJD.52278-52310.20020405.2026.tar
apoLogs-36-of-52,preGAP.fullMoon/apoLogs.MJD.52311-52336.20020405.2026.tar
apoLogs-37-of-52,preGAP.fullMoon/apoLogs.MJD.52337-52365.20020405.2026.tar
apoLogs-37-of-52,preGAP.fullMoon/apoLogs.MJD.52366-55026.20020405.2026.tar
apoLogs-37-of-52,preGAP.fullMoon/apoLogs.MJD.52394-52422.20020530.2111.tar
apoLogs-37-of-52,preGAP.fullMoon/apoLogs.MJD.52423-52453.20020701.1717.tar
apoLogs-38-of-52,preGAP.fullMoon/apoLogs.MJD.52454-52478.20020726.1507.tar
apoLogs-38-of-52,preGAP.fullMoon/apoLogs.MJD.52479-52507.20020822.1500.tar
apoLogs-38-of-52,preGAP.fullMoon/apoLogs.MJD.52508-52537.20020921.1500.tar
apoLogs-38-of-52,preGAP.fullMoon/apoLogs.MJD.52538-52568.20021021.1500.tar
apoLogs-38-of-52,preGAP.fullMoon/apoLogs.MJD.52565-52600.20021125.1040.tar
apoLogs-39-of-52,preGAP.fullMoon/apoLogs.MJD.52568-53470.20050511.1515.tar
apoLogs-39-of-52,preGAP.fullMoon/apoLogs.MJD.52601-52626.20021219.1500.tar
apoLogs-39-of-52,preGAP.fullMoon/apoLogs.MJD.52606-52656.20030118.1500.tar
apoLogs-40-of-52,preGAP.fullMoon/apoLogs.MJD.52638-52685.20030216.1500.tar
apoLogs-40-of-52,preGAP.fullMoon/apoLogs.MJD.52686-52715.20030318.1700.tar
apoLogs-40-of-52,preGAP.fullMoon/apoLogs.MJD.52716-52752.20030501.1200.tar
apoLogs-40-of-52,preGAP.fullMoon/apoLogs.MJD.52753-52757.20030501.1200.tar
apoLogs-40-of-52,preGAP.fullMoon/apoLogs.MJD.52758-52773.20030515.1700.tar
apoLogs-40-of-52,preGAP.fullMoon/apoLogs.MJD.52774-52774.20030516.1700.tar
apoLogs-41-of-52,preGAP.fullMoon/apoLogs.MJD.52775-52803.20030614.1700.tar
apoLogs-41-of-52,preGAP.fullMoon/apoLogs.MJD.52788-52833.20030713.1700.tar
apoLogs-41-of-52,preGAP.fullMoon/apoLogs.MJD.52834-52863.20030812.1700.tar
apoLogs-41-of-52,preGAP.fullMoon/apoLogs.MJD.52852-53115.20040504.1700.tar
apoLogs-41-of-52,preGAP.fullMoon/apoLogs.MJD.52864-52892.20030910.1700.tar
apoLogs-41-of-52,preGAP.fullMoon/apoLogs.MJD.52893-52921.20031009.1700.tar
apoLogs-41-of-52,preGAP.fullMoon/apoLogs.MJD.52922-52922.20031010.1700.tar
apoLogs-41-of-52,preGAP.fullMoon/apoLogs.MJD.52923-52981.20031208.1700.tar
apoLogs-41-of-52,preGAP.fullMoon/apoLogs.MJD.52982-53010.20040107.1700.tar
apoLogs-41-of-52,preGAP.fullMoon/apoLogs.MJD.52987-53041.20040206.1700.tar
apoLogs-42-of-52,preGAP.fullMoon/apoLogs.MJD.53070-53090.20040405.1700.tar
apoLogs-42-of-52,preGAP.fullMoon/apoLogs.MJD.53091-53099.20040405.1700.tar
apoLogs-42-of-52,preGAP.fullMoon/apoLogs.MJD.53116-53128.20040504.1700.tar
apoLogs-42-of-52,preGAP.fullMoon/apoLogs.MJD.53129-53145.20040602.1700.tar
apoLogs-43-of-52,preGAP.fullMoon/apoLogs.MJD.53146-53157.20040602.1700.tar
apoLogs-43-of-52,preGAP.fullMoon/apoLogs.MJD.53158-53175.20040702.1700.tar
apoLogs-43-of-52,preGAP.fullMoon/apoLogs.MJD.53176-53187.20040702.1700.tar
apoLogs-43-of-52,preGAP.fullMoon/apoLogs.MJD.53188-53216.20040731.1700.tar
apoLogs-44-of-52,preGAP.fullMoon/apoLogs.MJD.53217-53237.20040829.1700.tar
apoLogs-44-of-52,preGAP.fullMoon/apoLogs.MJD.53238-53245.20040829.1700.tar
apoLogs-44-of-52,preGAP.fullMoon/apoLogs.MJD.53246-53267.20040928.1700.tar
apoLogs-44-of-52,preGAP.fullMoon/apoLogs.MJD.53268-53275.20040928.1700.tar
apoLogs-45-of-52,preGAP.fullMoon/apoLogs.MJD.53276-53293.20041027.1700.tar
apoLogs-45-of-52,preGAP.fullMoon/apoLogs.MJD.53294-53304.20041027.1700.tar
apoLogs-45-of-52,preGAP.fullMoon/apoLogs.MJD.53305-53320.20041126.1700.tar
apoLogs-46-of-52,preGAP.fullMoon/apoLogs.MJD.53321-53334.20041126.1700.tar
apoLogs-46-of-52,preGAP.fullMoon/apoLogs.MJD.53335-53351.20041226.1700.tar
apoLogs-46-of-52,preGAP.fullMoon/apoLogs.MJD.53352-53364.20041226.1700.tar
apoLogs-47-of-52,preGAP.fullMoon/apoLogs.MJD.53365-53381.20050125.1700.tar
apoLogs-47-of-52,preGAP.fullMoon/apoLogs.MJD.53382-53394.20050125.1700.tar
apoLogs-47-of-52,preGAP.fullMoon/apoLogs.MJD.53395-53414.20050223.1700.tar
apoLogs-48-of-52,preGAP.fullMoon/apoLogs.MJD.53415-53423.20050223.1700.tar
apoLogs-48-of-52,preGAP.fullMoon/apoLogs.MJD.53424-53440.20050325.1700.tar
apoLogs-48-of-52,preGAP.fullMoon/apoLogs.MJD.53441-53453.20050325.1700.tar
apoLogs-48-of-52,preGAP.fullMoon/apoLogs.MJD.53472-53489.20050511.1607.tar
apoLogs-49-of-52,preGAP.fullMoon/apoLogs.MJD.53490-53499.20050511.1720.tar
apoLogs-49-of-52,preGAP.fullMoon/apoLogs.MJD.53500-53513.20050523.1700.tar
apoLogs-49-of-52,preGAP.fullMoon/apoLogs.MJD.53514-53533.20050621.1700.tar
apoLogs-49-of-52,preGAP.fullMoon/apoLogs.MJD.53534-53542.20050621.1700.tar
apoLogs-50-of-52,preGAP.fullMoon/apoLogs.MJD.53543-53565.20050721.1700.tar
apoLogs-50-of-52,preGAP.fullMoon/apoLogs.MJD.53566-53572.20050721.1700.tar
apoLogs-50-of-52,preGAP.fullMoon/apoLogs.MJD.53573-53601.20050819.1700.tar
apoLogs-50-of-52,preGAP.fullMoon/apoLogs.MJD.53591-53619.20050917.1700.tar
apoLogs-51-of-52,preGAP.fullMoon/apoLogs.MJD.53620-53630.20050917.1700.tar
apoLogs-51-of-52,preGAP.fullMoon/apoLogs.MJD.53631-53644.20051026.1016.tar
apoLogs-51-of-52,preGAP.fullMoon/apoLogs.MJD.53645-53656.20051026.1016.tar
apoLogs-52-of-52,preGAP.fullMoon/apoLogs.MJD.53657-53664.20051115.1700.tar
apoLogs-52-of-52,preGAP.fullMoon/astrologs.52200-53594.tgz
