exportChunks-EDR-1-of-4,edr.chunk2007.Part-01-of-02.TopAnd.Cols.1-3.tgz
exportChunks-EDR-1-of-4,edr.chunk2007.Part-02-of-02.Cols.4-6.tgz
exportChunks-EDR-2-of-4,edr.chunk7008.Part-01-of-03.TopAnd.Cols.1-2.tgz
exportChunks-EDR-2-of-4,edr.chunk7008.Part-02-of-03.Cols.3-4.tgz
exportChunks-EDR-2-of-4,edr.chunk7008.Part-03-of-03.Cols.5-6.tgz
exportChunks-EDR-3-of-4,edr.chunk8004.Part-01-of-06.TopAnd.Col.1.tgz
exportChunks-EDR-3-of-4,edr.chunk8004.Part-02-of-06.Col.2.tgz
exportChunks-EDR-3-of-4,edr.chunk8004.Part-03-of-06.Col.3.tgz
exportChunks-EDR-4-of-4,edr.chunk8004.Part-04-of-06.Col.4.tgz
exportChunks-EDR-4-of-4,edr.chunk8004.Part-05-of-06.Col.5.tgz
exportChunks-EDR-4-of-4,edr.chunk8004.Part-06-of-06.Col.6.tgz