exportChunks-DR3-001-of-269,stripe09_mu614999_0/stripe09_mu614999_0.Part-001-of-003.tar
exportChunks-DR3-001-of-269,stripe09_mu614999_0/stripe09_mu614999_0.Part-002-of-003.tar
exportChunks-DR3-001-of-269,stripe09_mu614999_0/stripe09_mu614999_0.Part-003-of-003.tar
exportChunks-DR3-002-of-269,stripe09_mu614999_1/stripe09_mu614999_1.Part-001-of-004.tar
exportChunks-DR3-002-of-269,stripe09_mu614999_1/stripe09_mu614999_1.Part-002-of-004.tar
exportChunks-DR3-003-of-269,stripe09_mu614999_1/stripe09_mu614999_1.Part-003-of-004.tar
exportChunks-DR3-003-of-269,stripe09_mu614999_1/stripe09_mu614999_1.Part-004-of-004.tar
exportChunks-DR3-004-of-269,stripe09_mu723324_1/stripe09_mu723324_1.Part-001-of-006.tar
exportChunks-DR3-004-of-269,stripe09_mu723324_1/stripe09_mu723324_1.Part-002-of-006.tar
exportChunks-DR3-004-of-269,stripe09_mu723324_1/stripe09_mu723324_1.Part-003-of-006.tar
exportChunks-DR3-005-of-269,stripe09_mu723324_1/stripe09_mu723324_1.Part-004-of-006.tar
exportChunks-DR3-005-of-269,stripe09_mu723324_1/stripe09_mu723324_1.Part-005-of-006.tar
exportChunks-DR3-005-of-269,stripe09_mu723324_1/stripe09_mu723324_1.Part-006-of-006.tar
exportChunks-DR3-006-of-269,stripe09_mu724412_0/stripe09_mu724412_0.Part-001-of-006.tar
exportChunks-DR3-006-of-269,stripe09_mu724412_0/stripe09_mu724412_0.Part-002-of-006.tar
exportChunks-DR3-006-of-269,stripe09_mu724412_0/stripe09_mu724412_0.Part-003-of-006.tar
exportChunks-DR3-007-of-269,stripe09_mu724412_0/stripe09_mu724412_0.Part-004-of-006.tar
exportChunks-DR3-007-of-269,stripe09_mu724412_0/stripe09_mu724412_0.Part-005-of-006.tar
exportChunks-DR3-007-of-269,stripe09_mu724412_0/stripe09_mu724412_0.Part-006-of-006.tar
exportChunks-DR3-008-of-269,stripe10_mu439001_0/stripe10_mu439001_0.Part-001-of-004.tar
exportChunks-DR3-008-of-269,stripe10_mu439001_0/stripe10_mu439001_0.Part-002-of-004.tar
exportChunks-DR3-009-of-269,stripe10_mu439001_0/stripe10_mu439001_0.Part-003-of-004.tar
exportChunks-DR3-009-of-269,stripe10_mu439001_0/stripe10_mu439001_0.Part-004-of-004.tar
exportChunks-DR3-010-of-269,stripe10_mu439001_1/stripe10_mu439001_1.Part-001-of-004.tar
exportChunks-DR3-010-of-269,stripe10_mu439001_1/stripe10_mu439001_1.Part-002-of-004.tar
exportChunks-DR3-011-of-269,stripe10_mu439001_1/stripe10_mu439001_1.Part-003-of-004.tar
exportChunks-DR3-011-of-269,stripe10_mu439001_1/stripe10_mu439001_1.Part-004-of-004.tar
exportChunks-DR3-012-of-269,stripe10_mu522543_0/stripe10_mu522543_0.Part-001-of-010.tar
exportChunks-DR3-012-of-269,stripe10_mu522543_0/stripe10_mu522543_0.Part-002-of-010.tar
exportChunks-DR3-013-of-269,stripe10_mu522543_0/stripe10_mu522543_0.Part-003-of-010.tar
exportChunks-DR3-013-of-269,stripe10_mu522543_0/stripe10_mu522543_0.Part-004-of-010.tar
exportChunks-DR3-014-of-269,stripe10_mu522543_0/stripe10_mu522543_0.Part-005-of-010.tar
exportChunks-DR3-014-of-269,stripe10_mu522543_0/stripe10_mu522543_0.Part-006-of-010.tar
exportChunks-DR3-014-of-269,stripe10_mu522543_0/stripe10_mu522543_0.Part-007-of-010.tar
exportChunks-DR3-015-of-269,stripe10_mu522543_0/stripe10_mu522543_0.Part-008-of-010.tar
exportChunks-DR3-015-of-269,stripe10_mu522543_0/stripe10_mu522543_0.Part-009-of-010.tar
exportChunks-DR3-015-of-269,stripe10_mu522543_0/stripe10_mu522543_0.Part-010-of-010.tar
exportChunks-DR3-016-of-269,stripe10_mu533284_1/stripe10_mu533284_1.Part-001-of-012.tar
exportChunks-DR3-016-of-269,stripe10_mu533284_1/stripe10_mu533284_1.Part-002-of-012.tar
exportChunks-DR3-016-of-269,stripe10_mu533284_1/stripe10_mu533284_1.Part-003-of-012.tar
exportChunks-DR3-017-of-269,stripe10_mu533284_1/stripe10_mu533284_1.Part-004-of-012.tar
exportChunks-DR3-017-of-269,stripe10_mu533284_1/stripe10_mu533284_1.Part-005-of-012.tar
exportChunks-DR3-017-of-269,stripe10_mu533284_1/stripe10_mu533284_1.Part-006-of-012.tar
exportChunks-DR3-018-of-269,stripe10_mu533284_1/stripe10_mu533284_1.Part-007-of-012.tar
exportChunks-DR3-018-of-269,stripe10_mu533284_1/stripe10_mu533284_1.Part-008-of-012.tar
exportChunks-DR3-018-of-269,stripe10_mu533284_1/stripe10_mu533284_1.Part-009-of-012.tar
exportChunks-DR3-019-of-269,stripe10_mu533284_1/stripe10_mu533284_1.Part-010-of-012.tar
exportChunks-DR3-019-of-269,stripe10_mu533284_1/stripe10_mu533284_1.Part-011-of-012.tar
exportChunks-DR3-019-of-269,stripe10_mu533284_1/stripe10_mu533284_1.Part-012-of-012.tar
exportChunks-DR3-020-of-269,stripe10_mu849998_1/stripe10_mu849998_1.Part-001-of-003.tar
exportChunks-DR3-020-of-269,stripe10_mu849998_1/stripe10_mu849998_1.Part-002-of-003.tar
exportChunks-DR3-020-of-269,stripe10_mu849998_1/stripe10_mu849998_1.Part-003-of-003.tar
exportChunks-DR3-021-of-269,stripe10_mu851094_0/stripe10_mu851094_0.Part-001-of-003.tar
exportChunks-DR3-021-of-269,stripe10_mu851094_0/stripe10_mu851094_0.Part-002-of-003.tar
exportChunks-DR3-021-of-269,stripe10_mu851094_0/stripe10_mu851094_0.Part-003-of-003.tar
exportChunks-DR3-022-of-269,stripe11_mu464131_0/stripe11_mu464131_0.Part-001-of-003.tar
exportChunks-DR3-022-of-269,stripe11_mu464131_0/stripe11_mu464131_0.Part-002-of-003.tar
exportChunks-DR3-022-of-269,stripe11_mu464131_0/stripe11_mu464131_0.Part-003-of-003.tar
exportChunks-DR3-023-of-269,stripe11_mu464131_1/stripe11_mu464131_1.Part-001-of-003.tar
exportChunks-DR3-023-of-269,stripe11_mu464131_1/stripe11_mu464131_1.Part-002-of-003.tar
exportChunks-DR3-023-of-269,stripe11_mu464131_1/stripe11_mu464131_1.Part-003-of-003.tar
exportChunks-DR3-024-of-269,stripe11_mu546385_0/stripe11_mu546385_0.Part-001-of-009.tar
exportChunks-DR3-024-of-269,stripe11_mu546385_0/stripe11_mu546385_0.Part-002-of-009.tar
exportChunks-DR3-024-of-269,stripe11_mu546385_0/stripe11_mu546385_0.Part-003-of-009.tar
exportChunks-DR3-025-of-269,stripe11_mu546385_0/stripe11_mu546385_0.Part-004-of-009.tar
exportChunks-DR3-025-of-269,stripe11_mu546385_0/stripe11_mu546385_0.Part-005-of-009.tar
exportChunks-DR3-025-of-269,stripe11_mu546385_0/stripe11_mu546385_0.Part-006-of-009.tar
exportChunks-DR3-026-of-269,stripe11_mu546385_0/stripe11_mu546385_0.Part-007-of-009.tar
exportChunks-DR3-026-of-269,stripe11_mu546385_0/stripe11_mu546385_0.Part-008-of-009.tar
exportChunks-DR3-026-of-269,stripe11_mu546385_0/stripe11_mu546385_0.Part-009-of-009.tar
exportChunks-DR3-027-of-269,stripe11_mu546385_1/stripe11_mu546385_1.Part-001-of-009.tar
exportChunks-DR3-027-of-269,stripe11_mu546385_1/stripe11_mu546385_1.Part-002-of-009.tar
exportChunks-DR3-027-of-269,stripe11_mu546385_1/stripe11_mu546385_1.Part-003-of-009.tar
exportChunks-DR3-028-of-269,stripe11_mu546385_1/stripe11_mu546385_1.Part-004-of-009.tar
exportChunks-DR3-028-of-269,stripe11_mu546385_1/stripe11_mu546385_1.Part-005-of-009.tar
exportChunks-DR3-028-of-269,stripe11_mu546385_1/stripe11_mu546385_1.Part-006-of-009.tar
exportChunks-DR3-029-of-269,stripe11_mu546385_1/stripe11_mu546385_1.Part-007-of-009.tar
exportChunks-DR3-029-of-269,stripe11_mu546385_1/stripe11_mu546385_1.Part-008-of-009.tar
exportChunks-DR3-029-of-269,stripe11_mu546385_1/stripe11_mu546385_1.Part-009-of-009.tar
exportChunks-DR3-030-of-269,stripe12_mu435071_0/stripe12_mu435071_0.Part-001-of-007.tar
exportChunks-DR3-030-of-269,stripe12_mu435071_0/stripe12_mu435071_0.Part-002-of-007.tar
exportChunks-DR3-031-of-269,stripe12_mu435071_0/stripe12_mu435071_0.Part-003-of-007.tar
exportChunks-DR3-031-of-269,stripe12_mu435071_0/stripe12_mu435071_0.Part-004-of-007.tar
exportChunks-DR3-032-of-269,stripe12_mu435071_0/stripe12_mu435071_0.Part-005-of-007.tar
exportChunks-DR3-032-of-269,stripe12_mu435071_0/stripe12_mu435071_0.Part-006-of-007.tar
exportChunks-DR3-032-of-269,stripe12_mu435071_0/stripe12_mu435071_0.Part-007-of-007.tar
exportChunks-DR3-033-of-269,stripe12_mu435071_1/stripe12_mu435071_1.Part-001-of-007.tar
exportChunks-DR3-033-of-269,stripe12_mu435071_1/stripe12_mu435071_1.Part-002-of-007.tar
exportChunks-DR3-034-of-269,stripe12_mu435071_1/stripe12_mu435071_1.Part-003-of-007.tar
exportChunks-DR3-034-of-269,stripe12_mu435071_1/stripe12_mu435071_1.Part-004-of-007.tar
exportChunks-DR3-035-of-269,stripe12_mu435071_1/stripe12_mu435071_1.Part-005-of-007.tar
exportChunks-DR3-035-of-269,stripe12_mu435071_1/stripe12_mu435071_1.Part-006-of-007.tar
exportChunks-DR3-035-of-269,stripe12_mu435071_1/stripe12_mu435071_1.Part-007-of-007.tar
exportChunks-DR3-036-of-269,stripe12_mu604610_0/stripe12_mu604610_0.Part-001-of-002.tar
exportChunks-DR3-036-of-269,stripe12_mu604610_0/stripe12_mu604610_0.Part-002-of-002.tar
exportChunks-DR3-037-of-269,stripe12_mu604610_1/stripe12_mu604610_1.Part-001-of-002.tar
exportChunks-DR3-037-of-269,stripe12_mu604610_1/stripe12_mu604610_1.Part-002-of-002.tar
exportChunks-DR3-038-of-269,stripe12_mu674130_0/stripe12_mu674130_0.Part-001-of-003.tar
exportChunks-DR3-038-of-269,stripe12_mu674130_0/stripe12_mu674130_0.Part-002-of-003.tar
exportChunks-DR3-038-of-269,stripe12_mu674130_0/stripe12_mu674130_0.Part-003-of-003.tar
exportChunks-DR3-039-of-269,stripe12_mu674130_1/stripe12_mu674130_1.Part-001-of-003.tar
exportChunks-DR3-039-of-269,stripe12_mu674130_1/stripe12_mu674130_1.Part-002-of-003.tar
exportChunks-DR3-039-of-269,stripe12_mu674130_1/stripe12_mu674130_1.Part-003-of-003.tar
exportChunks-DR3-040-of-269,stripe12_mu757495_0/stripe12_mu757495_0.Part-001-of-004.tar
exportChunks-DR3-040-of-269,stripe12_mu757495_0/stripe12_mu757495_0.Part-002-of-004.tar
exportChunks-DR3-041-of-269,stripe12_mu757495_0/stripe12_mu757495_0.Part-003-of-004.tar
exportChunks-DR3-041-of-269,stripe12_mu757495_0/stripe12_mu757495_0.Part-004-of-004.tar
exportChunks-DR3-042-of-269,stripe12_mu757495_1/stripe12_mu757495_1.Part-001-of-004.tar
exportChunks-DR3-042-of-269,stripe12_mu757495_1/stripe12_mu757495_1.Part-002-of-004.tar
exportChunks-DR3-043-of-269,stripe12_mu757495_1/stripe12_mu757495_1.Part-003-of-004.tar
exportChunks-DR3-043-of-269,stripe12_mu757495_1/stripe12_mu757495_1.Part-004-of-004.tar
exportChunks-DR3-044-of-269,stripe13_mu442108_0/stripe13_mu442108_0.Part-001-of-006.tar
exportChunks-DR3-044-of-269,stripe13_mu442108_0/stripe13_mu442108_0.Part-002-of-006.tar
exportChunks-DR3-044-of-269,stripe13_mu442108_0/stripe13_mu442108_0.Part-003-of-006.tar
exportChunks-DR3-045-of-269,stripe13_mu442108_0/stripe13_mu442108_0.Part-004-of-006.tar
exportChunks-DR3-045-of-269,stripe13_mu442108_0/stripe13_mu442108_0.Part-005-of-006.tar
exportChunks-DR3-045-of-269,stripe13_mu442108_0/stripe13_mu442108_0.Part-006-of-006.tar
exportChunks-DR3-046-of-269,stripe13_mu442108_1/stripe13_mu442108_1.Part-001-of-007.tar
exportChunks-DR3-046-of-269,stripe13_mu442108_1/stripe13_mu442108_1.Part-002-of-007.tar
exportChunks-DR3-047-of-269,stripe13_mu442108_1/stripe13_mu442108_1.Part-003-of-007.tar
exportChunks-DR3-047-of-269,stripe13_mu442108_1/stripe13_mu442108_1.Part-004-of-007.tar
exportChunks-DR3-048-of-269,stripe13_mu442108_1/stripe13_mu442108_1.Part-005-of-007.tar
exportChunks-DR3-048-of-269,stripe13_mu442108_1/stripe13_mu442108_1.Part-006-of-007.tar
exportChunks-DR3-048-of-269,stripe13_mu442108_1/stripe13_mu442108_1.Part-007-of-007.tar
exportChunks-DR3-049-of-269,stripe13_mu607446_0/stripe13_mu607446_0.Part-001-of-003.tar
exportChunks-DR3-049-of-269,stripe13_mu607446_0/stripe13_mu607446_0.Part-002-of-003.tar
exportChunks-DR3-049-of-269,stripe13_mu607446_0/stripe13_mu607446_0.Part-003-of-003.tar
exportChunks-DR3-050-of-269,stripe13_mu607446_1/stripe13_mu607446_1.Part-001-of-003.tar
exportChunks-DR3-050-of-269,stripe13_mu607446_1/stripe13_mu607446_1.Part-002-of-003.tar
exportChunks-DR3-050-of-269,stripe13_mu607446_1/stripe13_mu607446_1.Part-003-of-003.tar
exportChunks-DR3-051-of-269,stripe14_mu460250_0/stripe14_mu460250_0.Part-001-of-003.tar
exportChunks-DR3-051-of-269,stripe14_mu460250_0/stripe14_mu460250_0.Part-002-of-003.tar
exportChunks-DR3-051-of-269,stripe14_mu460250_0/stripe14_mu460250_0.Part-003-of-003.tar
exportChunks-DR3-052-of-269,stripe14_mu460250_1/stripe14_mu460250_1.Part-001-of-003.tar
exportChunks-DR3-052-of-269,stripe14_mu460250_1/stripe14_mu460250_1.Part-002-of-003.tar
exportChunks-DR3-052-of-269,stripe14_mu460250_1/stripe14_mu460250_1.Part-003-of-003.tar
exportChunks-DR3-053-of-269,stripe14_mu522152_0/stripe14_mu522152_0.Part-001-of-002.tar
exportChunks-DR3-053-of-269,stripe14_mu522152_0/stripe14_mu522152_0.Part-002-of-002.tar
exportChunks-DR3-054-of-269,stripe14_mu522152_1/stripe14_mu522152_1.Part-001-of-002.tar
exportChunks-DR3-054-of-269,stripe14_mu522152_1/stripe14_mu522152_1.Part-002-of-002.tar
exportChunks-DR3-055-of-269,stripe14_mu593091_0/stripe14_mu593091_0.Part-001-of-003.tar
exportChunks-DR3-055-of-269,stripe14_mu593091_0/stripe14_mu593091_0.Part-002-of-003.tar
exportChunks-DR3-055-of-269,stripe14_mu593091_0/stripe14_mu593091_0.Part-003-of-003.tar
exportChunks-DR3-056-of-269,stripe14_mu593091_1/stripe14_mu593091_1.Part-001-of-003.tar
exportChunks-DR3-056-of-269,stripe14_mu593091_1/stripe14_mu593091_1.Part-002-of-003.tar
exportChunks-DR3-056-of-269,stripe14_mu593091_1/stripe14_mu593091_1.Part-003-of-003.tar
exportChunks-DR3-057-of-269,stripe14_mu684722_0/stripe14_mu684722_0.Part-001-of-009.tar
exportChunks-DR3-057-of-269,stripe14_mu684722_0/stripe14_mu684722_0.Part-002-of-009.tar
exportChunks-DR3-057-of-269,stripe14_mu684722_0/stripe14_mu684722_0.Part-003-of-009.tar
exportChunks-DR3-058-of-269,stripe14_mu684722_0/stripe14_mu684722_0.Part-004-of-009.tar
exportChunks-DR3-058-of-269,stripe14_mu684722_0/stripe14_mu684722_0.Part-005-of-009.tar
exportChunks-DR3-058-of-269,stripe14_mu684722_0/stripe14_mu684722_0.Part-006-of-009.tar
exportChunks-DR3-059-of-269,stripe14_mu684722_0/stripe14_mu684722_0.Part-007-of-009.tar
exportChunks-DR3-059-of-269,stripe14_mu684722_0/stripe14_mu684722_0.Part-008-of-009.tar
exportChunks-DR3-059-of-269,stripe14_mu684722_0/stripe14_mu684722_0.Part-009-of-009.tar
exportChunks-DR3-060-of-269,stripe14_mu684722_1/stripe14_mu684722_1.Part-001-of-009.tar
exportChunks-DR3-060-of-269,stripe14_mu684722_1/stripe14_mu684722_1.Part-002-of-009.tar
exportChunks-DR3-060-of-269,stripe14_mu684722_1/stripe14_mu684722_1.Part-003-of-009.tar
exportChunks-DR3-061-of-269,stripe14_mu684722_1/stripe14_mu684722_1.Part-004-of-009.tar
exportChunks-DR3-061-of-269,stripe14_mu684722_1/stripe14_mu684722_1.Part-005-of-009.tar
exportChunks-DR3-061-of-269,stripe14_mu684722_1/stripe14_mu684722_1.Part-006-of-009.tar
exportChunks-DR3-062-of-269,stripe14_mu684722_1/stripe14_mu684722_1.Part-007-of-009.tar
exportChunks-DR3-062-of-269,stripe14_mu684722_1/stripe14_mu684722_1.Part-008-of-009.tar
exportChunks-DR3-062-of-269,stripe14_mu684722_1/stripe14_mu684722_1.Part-009-of-009.tar
exportChunks-DR3-063-of-269,stripe15_mu432158_0/stripe15_mu432158_0.Part-001-of-005.tar
exportChunks-DR3-063-of-269,stripe15_mu432158_0/stripe15_mu432158_0.Part-002-of-005.tar
exportChunks-DR3-064-of-269,stripe15_mu432158_0/stripe15_mu432158_0.Part-003-of-005.tar
exportChunks-DR3-064-of-269,stripe15_mu432158_0/stripe15_mu432158_0.Part-004-of-005.tar
exportChunks-DR3-064-of-269,stripe15_mu432158_0/stripe15_mu432158_0.Part-005-of-005.tar
exportChunks-DR3-065-of-269,stripe15_mu432158_1/stripe15_mu432158_1.Part-001-of-005.tar
exportChunks-DR3-065-of-269,stripe15_mu432158_1/stripe15_mu432158_1.Part-002-of-005.tar
exportChunks-DR3-066-of-269,stripe15_mu432158_1/stripe15_mu432158_1.Part-003-of-005.tar
exportChunks-DR3-066-of-269,stripe15_mu432158_1/stripe15_mu432158_1.Part-004-of-005.tar
exportChunks-DR3-066-of-269,stripe15_mu432158_1/stripe15_mu432158_1.Part-005-of-005.tar
exportChunks-DR3-067-of-269,stripe15_mu551256_0/stripe15_mu551256_0.Part-001-of-012.tar
exportChunks-DR3-067-of-269,stripe15_mu551256_0/stripe15_mu551256_0.Part-002-of-012.tar
exportChunks-DR3-067-of-269,stripe15_mu551256_0/stripe15_mu551256_0.Part-003-of-012.tar
exportChunks-DR3-068-of-269,stripe15_mu551256_0/stripe15_mu551256_0.Part-004-of-012.tar
exportChunks-DR3-068-of-269,stripe15_mu551256_0/stripe15_mu551256_0.Part-005-of-012.tar
exportChunks-DR3-068-of-269,stripe15_mu551256_0/stripe15_mu551256_0.Part-006-of-012.tar
exportChunks-DR3-069-of-269,stripe15_mu551256_0/stripe15_mu551256_0.Part-007-of-012.tar
exportChunks-DR3-069-of-269,stripe15_mu551256_0/stripe15_mu551256_0.Part-008-of-012.tar
exportChunks-DR3-069-of-269,stripe15_mu551256_0/stripe15_mu551256_0.Part-009-of-012.tar
exportChunks-DR3-070-of-269,stripe15_mu551256_0/stripe15_mu551256_0.Part-010-of-012.tar
exportChunks-DR3-070-of-269,stripe15_mu551256_0/stripe15_mu551256_0.Part-011-of-012.tar
exportChunks-DR3-070-of-269,stripe15_mu551256_0/stripe15_mu551256_0.Part-012-of-012.tar
exportChunks-DR3-071-of-269,stripe15_mu551256_1/stripe15_mu551256_1.Part-001-of-012.tar
exportChunks-DR3-071-of-269,stripe15_mu551256_1/stripe15_mu551256_1.Part-002-of-012.tar
exportChunks-DR3-071-of-269,stripe15_mu551256_1/stripe15_mu551256_1.Part-003-of-012.tar
exportChunks-DR3-072-of-269,stripe15_mu551256_1/stripe15_mu551256_1.Part-004-of-012.tar
exportChunks-DR3-072-of-269,stripe15_mu551256_1/stripe15_mu551256_1.Part-005-of-012.tar
exportChunks-DR3-072-of-269,stripe15_mu551256_1/stripe15_mu551256_1.Part-006-of-012.tar
exportChunks-DR3-073-of-269,stripe15_mu551256_1/stripe15_mu551256_1.Part-007-of-012.tar
exportChunks-DR3-073-of-269,stripe15_mu551256_1/stripe15_mu551256_1.Part-008-of-012.tar
exportChunks-DR3-073-of-269,stripe15_mu551256_1/stripe15_mu551256_1.Part-009-of-012.tar
exportChunks-DR3-074-of-269,stripe15_mu551256_1/stripe15_mu551256_1.Part-010-of-012.tar
exportChunks-DR3-074-of-269,stripe15_mu551256_1/stripe15_mu551256_1.Part-011-of-012.tar
exportChunks-DR3-074-of-269,stripe15_mu551256_1/stripe15_mu551256_1.Part-012-of-012.tar
exportChunks-DR3-075-of-269,stripe16_mu753867_0/stripe16_mu753867_0.Part-001-of-006.tar
exportChunks-DR3-075-of-269,stripe16_mu753867_0/stripe16_mu753867_0.Part-002-of-006.tar
exportChunks-DR3-075-of-269,stripe16_mu753867_0/stripe16_mu753867_0.Part-003-of-006.tar
exportChunks-DR3-076-of-269,stripe16_mu753867_0/stripe16_mu753867_0.Part-004-of-006.tar
exportChunks-DR3-076-of-269,stripe16_mu753867_0/stripe16_mu753867_0.Part-005-of-006.tar
exportChunks-DR3-076-of-269,stripe16_mu753867_0/stripe16_mu753867_0.Part-006-of-006.tar
exportChunks-DR3-077-of-269,stripe16_mu753867_1/stripe16_mu753867_1.Part-001-of-006.tar
exportChunks-DR3-077-of-269,stripe16_mu753867_1/stripe16_mu753867_1.Part-002-of-006.tar
exportChunks-DR3-077-of-269,stripe16_mu753867_1/stripe16_mu753867_1.Part-003-of-006.tar
exportChunks-DR3-078-of-269,stripe16_mu753867_1/stripe16_mu753867_1.Part-004-of-006.tar
exportChunks-DR3-078-of-269,stripe16_mu753867_1/stripe16_mu753867_1.Part-005-of-006.tar
exportChunks-DR3-078-of-269,stripe16_mu753867_1/stripe16_mu753867_1.Part-006-of-006.tar
exportChunks-DR3-079-of-269,stripe26_mu734918_0/stripe26_mu734918_0.Part-001-of-008.tar
exportChunks-DR3-079-of-269,stripe26_mu734918_0/stripe26_mu734918_0.Part-002-of-008.tar
exportChunks-DR3-080-of-269,stripe26_mu734918_0/stripe26_mu734918_0.Part-003-of-008.tar
exportChunks-DR3-080-of-269,stripe26_mu734918_0/stripe26_mu734918_0.Part-004-of-008.tar
exportChunks-DR3-080-of-269,stripe26_mu734918_0/stripe26_mu734918_0.Part-005-of-008.tar
exportChunks-DR3-081-of-269,stripe26_mu734918_0/stripe26_mu734918_0.Part-006-of-008.tar
exportChunks-DR3-081-of-269,stripe26_mu734918_0/stripe26_mu734918_0.Part-007-of-008.tar
exportChunks-DR3-081-of-269,stripe26_mu734918_0/stripe26_mu734918_0.Part-008-of-008.tar
exportChunks-DR3-082-of-269,stripe26_mu734918_1/stripe26_mu734918_1.Part-001-of-007.tar
exportChunks-DR3-082-of-269,stripe26_mu734918_1/stripe26_mu734918_1.Part-002-of-007.tar
exportChunks-DR3-083-of-269,stripe26_mu734918_1/stripe26_mu734918_1.Part-003-of-007.tar
exportChunks-DR3-083-of-269,stripe26_mu734918_1/stripe26_mu734918_1.Part-004-of-007.tar
exportChunks-DR3-084-of-269,stripe26_mu734918_1/stripe26_mu734918_1.Part-005-of-007.tar
exportChunks-DR3-084-of-269,stripe26_mu734918_1/stripe26_mu734918_1.Part-006-of-007.tar
exportChunks-DR3-084-of-269,stripe26_mu734918_1/stripe26_mu734918_1.Part-007-of-007.tar
exportChunks-DR3-085-of-269,stripe27_mu432856_0/stripe27_mu432856_0.Part-001-of-010.tar
exportChunks-DR3-085-of-269,stripe27_mu432856_0/stripe27_mu432856_0.Part-002-of-010.tar
exportChunks-DR3-086-of-269,stripe27_mu432856_0/stripe27_mu432856_0.Part-003-of-010.tar
exportChunks-DR3-086-of-269,stripe27_mu432856_0/stripe27_mu432856_0.Part-004-of-010.tar
exportChunks-DR3-087-of-269,stripe27_mu432856_0/stripe27_mu432856_0.Part-005-of-010.tar
exportChunks-DR3-087-of-269,stripe27_mu432856_0/stripe27_mu432856_0.Part-006-of-010.tar
exportChunks-DR3-087-of-269,stripe27_mu432856_0/stripe27_mu432856_0.Part-007-of-010.tar
exportChunks-DR3-088-of-269,stripe27_mu432856_0/stripe27_mu432856_0.Part-008-of-010.tar
exportChunks-DR3-088-of-269,stripe27_mu432856_0/stripe27_mu432856_0.Part-009-of-010.tar
exportChunks-DR3-088-of-269,stripe27_mu432856_0/stripe27_mu432856_0.Part-010-of-010.tar
exportChunks-DR3-089-of-269,stripe27_mu432856_1/stripe27_mu432856_1.Part-001-of-010.tar
exportChunks-DR3-089-of-269,stripe27_mu432856_1/stripe27_mu432856_1.Part-002-of-010.tar
exportChunks-DR3-090-of-269,stripe27_mu432856_1/stripe27_mu432856_1.Part-003-of-010.tar
exportChunks-DR3-090-of-269,stripe27_mu432856_1/stripe27_mu432856_1.Part-004-of-010.tar
exportChunks-DR3-091-of-269,stripe27_mu432856_1/stripe27_mu432856_1.Part-005-of-010.tar
exportChunks-DR3-091-of-269,stripe27_mu432856_1/stripe27_mu432856_1.Part-006-of-010.tar
exportChunks-DR3-091-of-269,stripe27_mu432856_1/stripe27_mu432856_1.Part-007-of-010.tar
exportChunks-DR3-092-of-269,stripe27_mu432856_1/stripe27_mu432856_1.Part-008-of-010.tar
exportChunks-DR3-092-of-269,stripe27_mu432856_1/stripe27_mu432856_1.Part-009-of-010.tar
exportChunks-DR3-092-of-269,stripe27_mu432856_1/stripe27_mu432856_1.Part-010-of-010.tar
exportChunks-DR3-093-of-269,stripe27_mu720181_0/stripe27_mu720181_0.Part-001-of-008.tar
exportChunks-DR3-093-of-269,stripe27_mu720181_0/stripe27_mu720181_0.Part-002-of-008.tar
exportChunks-DR3-094-of-269,stripe27_mu720181_0/stripe27_mu720181_0.Part-003-of-008.tar
exportChunks-DR3-094-of-269,stripe27_mu720181_0/stripe27_mu720181_0.Part-004-of-008.tar
exportChunks-DR3-094-of-269,stripe27_mu720181_0/stripe27_mu720181_0.Part-005-of-008.tar
exportChunks-DR3-095-of-269,stripe27_mu720181_0/stripe27_mu720181_0.Part-006-of-008.tar
exportChunks-DR3-095-of-269,stripe27_mu720181_0/stripe27_mu720181_0.Part-007-of-008.tar
exportChunks-DR3-095-of-269,stripe27_mu720181_0/stripe27_mu720181_0.Part-008-of-008.tar
exportChunks-DR3-096-of-269,stripe27_mu720181_1/stripe27_mu720181_1.Part-001-of-008.tar
exportChunks-DR3-096-of-269,stripe27_mu720181_1/stripe27_mu720181_1.Part-002-of-008.tar
exportChunks-DR3-097-of-269,stripe27_mu720181_1/stripe27_mu720181_1.Part-003-of-008.tar
exportChunks-DR3-097-of-269,stripe27_mu720181_1/stripe27_mu720181_1.Part-004-of-008.tar
exportChunks-DR3-097-of-269,stripe27_mu720181_1/stripe27_mu720181_1.Part-005-of-008.tar
exportChunks-DR3-098-of-269,stripe27_mu720181_1/stripe27_mu720181_1.Part-006-of-008.tar
exportChunks-DR3-098-of-269,stripe27_mu720181_1/stripe27_mu720181_1.Part-007-of-008.tar
exportChunks-DR3-098-of-269,stripe27_mu720181_1/stripe27_mu720181_1.Part-008-of-008.tar
exportChunks-DR3-099-of-269,stripe28_mu429987_0/stripe28_mu429987_0.Part-001-of-006.tar
exportChunks-DR3-099-of-269,stripe28_mu429987_0/stripe28_mu429987_0.Part-002-of-006.tar
exportChunks-DR3-099-of-269,stripe28_mu429987_0/stripe28_mu429987_0.Part-003-of-006.tar
exportChunks-DR3-100-of-269,stripe28_mu429987_0/stripe28_mu429987_0.Part-004-of-006.tar
exportChunks-DR3-100-of-269,stripe28_mu429987_0/stripe28_mu429987_0.Part-005-of-006.tar
exportChunks-DR3-100-of-269,stripe28_mu429987_0/stripe28_mu429987_0.Part-006-of-006.tar
exportChunks-DR3-101-of-269,stripe28_mu429987_1/stripe28_mu429987_1.Part-001-of-006.tar
exportChunks-DR3-101-of-269,stripe28_mu429987_1/stripe28_mu429987_1.Part-002-of-006.tar
exportChunks-DR3-101-of-269,stripe28_mu429987_1/stripe28_mu429987_1.Part-003-of-006.tar
exportChunks-DR3-102-of-269,stripe28_mu429987_1/stripe28_mu429987_1.Part-004-of-006.tar
exportChunks-DR3-102-of-269,stripe28_mu429987_1/stripe28_mu429987_1.Part-005-of-006.tar
exportChunks-DR3-102-of-269,stripe28_mu429987_1/stripe28_mu429987_1.Part-006-of-006.tar
exportChunks-DR3-103-of-269,stripe28_mu570155_0/stripe28_mu570155_0.Part-001-of-009.tar
exportChunks-DR3-103-of-269,stripe28_mu570155_0/stripe28_mu570155_0.Part-002-of-009.tar
exportChunks-DR3-103-of-269,stripe28_mu570155_0/stripe28_mu570155_0.Part-003-of-009.tar
exportChunks-DR3-104-of-269,stripe28_mu570155_0/stripe28_mu570155_0.Part-004-of-009.tar
exportChunks-DR3-104-of-269,stripe28_mu570155_0/stripe28_mu570155_0.Part-005-of-009.tar
exportChunks-DR3-104-of-269,stripe28_mu570155_0/stripe28_mu570155_0.Part-006-of-009.tar
exportChunks-DR3-105-of-269,stripe28_mu570155_0/stripe28_mu570155_0.Part-007-of-009.tar
exportChunks-DR3-105-of-269,stripe28_mu570155_0/stripe28_mu570155_0.Part-008-of-009.tar
exportChunks-DR3-105-of-269,stripe28_mu570155_0/stripe28_mu570155_0.Part-009-of-009.tar
exportChunks-DR3-106-of-269,stripe28_mu570155_1/stripe28_mu570155_1.Part-001-of-009.tar
exportChunks-DR3-106-of-269,stripe28_mu570155_1/stripe28_mu570155_1.Part-002-of-009.tar
exportChunks-DR3-106-of-269,stripe28_mu570155_1/stripe28_mu570155_1.Part-003-of-009.tar
exportChunks-DR3-107-of-269,stripe28_mu570155_1/stripe28_mu570155_1.Part-004-of-009.tar
exportChunks-DR3-107-of-269,stripe28_mu570155_1/stripe28_mu570155_1.Part-005-of-009.tar
exportChunks-DR3-107-of-269,stripe28_mu570155_1/stripe28_mu570155_1.Part-006-of-009.tar
exportChunks-DR3-108-of-269,stripe28_mu570155_1/stripe28_mu570155_1.Part-007-of-009.tar
exportChunks-DR3-108-of-269,stripe28_mu570155_1/stripe28_mu570155_1.Part-008-of-009.tar
exportChunks-DR3-108-of-269,stripe28_mu570155_1/stripe28_mu570155_1.Part-009-of-009.tar
exportChunks-DR3-109-of-269,stripe28_mu809110_0/stripe28_mu809110_0.Part-001-of-005.tar
exportChunks-DR3-109-of-269,stripe28_mu809110_0/stripe28_mu809110_0.Part-002-of-005.tar
exportChunks-DR3-110-of-269,stripe28_mu809110_0/stripe28_mu809110_0.Part-003-of-005.tar
exportChunks-DR3-110-of-269,stripe28_mu809110_0/stripe28_mu809110_0.Part-004-of-005.tar
exportChunks-DR3-110-of-269,stripe28_mu809110_0/stripe28_mu809110_0.Part-005-of-005.tar
exportChunks-DR3-111-of-269,stripe28_mu809110_1/stripe28_mu809110_1.Part-001-of-005.tar
exportChunks-DR3-111-of-269,stripe28_mu809110_1/stripe28_mu809110_1.Part-002-of-005.tar
exportChunks-DR3-112-of-269,stripe28_mu809110_1/stripe28_mu809110_1.Part-003-of-005.tar
exportChunks-DR3-112-of-269,stripe28_mu809110_1/stripe28_mu809110_1.Part-004-of-005.tar
exportChunks-DR3-112-of-269,stripe28_mu809110_1/stripe28_mu809110_1.Part-005-of-005.tar
exportChunks-DR3-113-of-269,stripe29_mu439711_0/stripe29_mu439711_0.Part-001-of-006.tar
exportChunks-DR3-113-of-269,stripe29_mu439711_0/stripe29_mu439711_0.Part-002-of-006.tar
exportChunks-DR3-113-of-269,stripe29_mu439711_0/stripe29_mu439711_0.Part-003-of-006.tar
exportChunks-DR3-114-of-269,stripe29_mu439711_0/stripe29_mu439711_0.Part-004-of-006.tar
exportChunks-DR3-114-of-269,stripe29_mu439711_0/stripe29_mu439711_0.Part-005-of-006.tar
exportChunks-DR3-114-of-269,stripe29_mu439711_0/stripe29_mu439711_0.Part-006-of-006.tar
exportChunks-DR3-115-of-269,stripe29_mu439711_1/stripe29_mu439711_1.Part-001-of-006.tar
exportChunks-DR3-115-of-269,stripe29_mu439711_1/stripe29_mu439711_1.Part-002-of-006.tar
exportChunks-DR3-115-of-269,stripe29_mu439711_1/stripe29_mu439711_1.Part-003-of-006.tar
exportChunks-DR3-116-of-269,stripe29_mu439711_1/stripe29_mu439711_1.Part-004-of-006.tar
exportChunks-DR3-116-of-269,stripe29_mu439711_1/stripe29_mu439711_1.Part-005-of-006.tar
exportChunks-DR3-116-of-269,stripe29_mu439711_1/stripe29_mu439711_1.Part-006-of-006.tar
exportChunks-DR3-117-of-269,stripe29_mu592750_0/stripe29_mu592750_0.Part-001-of-005.tar
exportChunks-DR3-117-of-269,stripe29_mu592750_0/stripe29_mu592750_0.Part-002-of-005.tar
exportChunks-DR3-118-of-269,stripe29_mu592750_0/stripe29_mu592750_0.Part-003-of-005.tar
exportChunks-DR3-118-of-269,stripe29_mu592750_0/stripe29_mu592750_0.Part-004-of-005.tar
exportChunks-DR3-118-of-269,stripe29_mu592750_0/stripe29_mu592750_0.Part-005-of-005.tar
exportChunks-DR3-119-of-269,stripe29_mu592750_1/stripe29_mu592750_1.Part-001-of-005.tar
exportChunks-DR3-119-of-269,stripe29_mu592750_1/stripe29_mu592750_1.Part-002-of-005.tar
exportChunks-DR3-120-of-269,stripe29_mu592750_1/stripe29_mu592750_1.Part-003-of-005.tar
exportChunks-DR3-120-of-269,stripe29_mu592750_1/stripe29_mu592750_1.Part-004-of-005.tar
exportChunks-DR3-120-of-269,stripe29_mu592750_1/stripe29_mu592750_1.Part-005-of-005.tar
exportChunks-DR3-121-of-269,stripe29_mu736567_0/stripe29_mu736567_0.Part-001-of-008.tar
exportChunks-DR3-121-of-269,stripe29_mu736567_0/stripe29_mu736567_0.Part-002-of-008.tar
exportChunks-DR3-122-of-269,stripe29_mu736567_0/stripe29_mu736567_0.Part-003-of-008.tar
exportChunks-DR3-122-of-269,stripe29_mu736567_0/stripe29_mu736567_0.Part-004-of-008.tar
exportChunks-DR3-122-of-269,stripe29_mu736567_0/stripe29_mu736567_0.Part-005-of-008.tar
exportChunks-DR3-123-of-269,stripe29_mu736567_0/stripe29_mu736567_0.Part-006-of-008.tar
exportChunks-DR3-123-of-269,stripe29_mu736567_0/stripe29_mu736567_0.Part-007-of-008.tar
exportChunks-DR3-123-of-269,stripe29_mu736567_0/stripe29_mu736567_0.Part-008-of-008.tar
exportChunks-DR3-124-of-269,stripe29_mu736567_1/stripe29_mu736567_1.Part-001-of-008.tar
exportChunks-DR3-124-of-269,stripe29_mu736567_1/stripe29_mu736567_1.Part-002-of-008.tar
exportChunks-DR3-125-of-269,stripe29_mu736567_1/stripe29_mu736567_1.Part-003-of-008.tar
exportChunks-DR3-125-of-269,stripe29_mu736567_1/stripe29_mu736567_1.Part-004-of-008.tar
exportChunks-DR3-125-of-269,stripe29_mu736567_1/stripe29_mu736567_1.Part-005-of-008.tar
exportChunks-DR3-126-of-269,stripe29_mu736567_1/stripe29_mu736567_1.Part-006-of-008.tar
exportChunks-DR3-126-of-269,stripe29_mu736567_1/stripe29_mu736567_1.Part-007-of-008.tar
exportChunks-DR3-126-of-269,stripe29_mu736567_1/stripe29_mu736567_1.Part-008-of-008.tar
exportChunks-DR3-127-of-269,stripe30_mu439113_0/stripe30_mu439113_0.Part-001-of-006.tar
exportChunks-DR3-127-of-269,stripe30_mu439113_0/stripe30_mu439113_0.Part-002-of-006.tar
exportChunks-DR3-127-of-269,stripe30_mu439113_0/stripe30_mu439113_0.Part-003-of-006.tar
exportChunks-DR3-128-of-269,stripe30_mu439113_0/stripe30_mu439113_0.Part-004-of-006.tar
exportChunks-DR3-128-of-269,stripe30_mu439113_0/stripe30_mu439113_0.Part-005-of-006.tar
exportChunks-DR3-128-of-269,stripe30_mu439113_0/stripe30_mu439113_0.Part-006-of-006.tar
exportChunks-DR3-129-of-269,stripe30_mu439113_1/stripe30_mu439113_1.Part-001-of-006.tar
exportChunks-DR3-129-of-269,stripe30_mu439113_1/stripe30_mu439113_1.Part-002-of-006.tar
exportChunks-DR3-129-of-269,stripe30_mu439113_1/stripe30_mu439113_1.Part-003-of-006.tar
exportChunks-DR3-130-of-269,stripe30_mu439113_1/stripe30_mu439113_1.Part-004-of-006.tar
exportChunks-DR3-130-of-269,stripe30_mu439113_1/stripe30_mu439113_1.Part-005-of-006.tar
exportChunks-DR3-130-of-269,stripe30_mu439113_1/stripe30_mu439113_1.Part-006-of-006.tar
exportChunks-DR3-131-of-269,stripe30_mu595411_0/stripe30_mu595411_0.Part-001-of-003.tar
exportChunks-DR3-131-of-269,stripe30_mu595411_0/stripe30_mu595411_0.Part-002-of-003.tar
exportChunks-DR3-131-of-269,stripe30_mu595411_0/stripe30_mu595411_0.Part-003-of-003.tar
exportChunks-DR3-132-of-269,stripe30_mu595411_1/stripe30_mu595411_1.Part-001-of-003.tar
exportChunks-DR3-132-of-269,stripe30_mu595411_1/stripe30_mu595411_1.Part-002-of-003.tar
exportChunks-DR3-132-of-269,stripe30_mu595411_1/stripe30_mu595411_1.Part-003-of-003.tar
exportChunks-DR3-133-of-269,stripe30_mu673889_0/stripe30_mu673889_0.Part-001-of-005.tar
exportChunks-DR3-133-of-269,stripe30_mu673889_0/stripe30_mu673889_0.Part-002-of-005.tar
exportChunks-DR3-134-of-269,stripe30_mu673889_0/stripe30_mu673889_0.Part-003-of-005.tar
exportChunks-DR3-134-of-269,stripe30_mu673889_0/stripe30_mu673889_0.Part-004-of-005.tar
exportChunks-DR3-134-of-269,stripe30_mu673889_0/stripe30_mu673889_0.Part-005-of-005.tar
exportChunks-DR3-135-of-269,stripe30_mu673889_1/stripe30_mu673889_1.Part-001-of-005.tar
exportChunks-DR3-135-of-269,stripe30_mu673889_1/stripe30_mu673889_1.Part-002-of-005.tar
exportChunks-DR3-136-of-269,stripe30_mu673889_1/stripe30_mu673889_1.Part-003-of-005.tar
exportChunks-DR3-136-of-269,stripe30_mu673889_1/stripe30_mu673889_1.Part-004-of-005.tar
exportChunks-DR3-136-of-269,stripe30_mu673889_1/stripe30_mu673889_1.Part-005-of-005.tar
exportChunks-DR3-137-of-269,stripe30_mu802236_0/stripe30_mu802236_0.Part-001-of-004.tar
exportChunks-DR3-137-of-269,stripe30_mu802236_0/stripe30_mu802236_0.Part-002-of-004.tar
exportChunks-DR3-138-of-269,stripe30_mu802236_0/stripe30_mu802236_0.Part-003-of-004.tar
exportChunks-DR3-138-of-269,stripe30_mu802236_0/stripe30_mu802236_0.Part-004-of-004.tar
exportChunks-DR3-139-of-269,stripe30_mu802236_1/stripe30_mu802236_1.Part-001-of-004.tar
exportChunks-DR3-139-of-269,stripe30_mu802236_1/stripe30_mu802236_1.Part-002-of-004.tar
exportChunks-DR3-140-of-269,stripe30_mu802236_1/stripe30_mu802236_1.Part-003-of-004.tar
exportChunks-DR3-140-of-269,stripe30_mu802236_1/stripe30_mu802236_1.Part-004-of-004.tar
exportChunks-DR3-141-of-269,stripe31_mu448479_0/stripe31_mu448479_0.Part-001-of-006.tar
exportChunks-DR3-141-of-269,stripe31_mu448479_0/stripe31_mu448479_0.Part-002-of-006.tar
exportChunks-DR3-141-of-269,stripe31_mu448479_0/stripe31_mu448479_0.Part-003-of-006.tar
exportChunks-DR3-142-of-269,stripe31_mu448479_0/stripe31_mu448479_0.Part-004-of-006.tar
exportChunks-DR3-142-of-269,stripe31_mu448479_0/stripe31_mu448479_0.Part-005-of-006.tar
exportChunks-DR3-142-of-269,stripe31_mu448479_0/stripe31_mu448479_0.Part-006-of-006.tar
exportChunks-DR3-143-of-269,stripe31_mu448479_1/stripe31_mu448479_1.Part-001-of-006.tar
exportChunks-DR3-143-of-269,stripe31_mu448479_1/stripe31_mu448479_1.Part-002-of-006.tar
exportChunks-DR3-143-of-269,stripe31_mu448479_1/stripe31_mu448479_1.Part-003-of-006.tar
exportChunks-DR3-144-of-269,stripe31_mu448479_1/stripe31_mu448479_1.Part-004-of-006.tar
exportChunks-DR3-144-of-269,stripe31_mu448479_1/stripe31_mu448479_1.Part-005-of-006.tar
exportChunks-DR3-144-of-269,stripe31_mu448479_1/stripe31_mu448479_1.Part-006-of-006.tar
exportChunks-DR3-145-of-269,stripe31_mu573984_0/stripe31_mu573984_0.Part-001-of-004.tar
exportChunks-DR3-145-of-269,stripe31_mu573984_0/stripe31_mu573984_0.Part-002-of-004.tar
exportChunks-DR3-146-of-269,stripe31_mu573984_0/stripe31_mu573984_0.Part-003-of-004.tar
exportChunks-DR3-146-of-269,stripe31_mu573984_0/stripe31_mu573984_0.Part-004-of-004.tar
exportChunks-DR3-147-of-269,stripe31_mu573984_1/stripe31_mu573984_1.Part-001-of-004.tar
exportChunks-DR3-147-of-269,stripe31_mu573984_1/stripe31_mu573984_1.Part-002-of-004.tar
exportChunks-DR3-148-of-269,stripe31_mu573984_1/stripe31_mu573984_1.Part-003-of-004.tar
exportChunks-DR3-148-of-269,stripe31_mu573984_1/stripe31_mu573984_1.Part-004-of-004.tar
exportChunks-DR3-149-of-269,stripe31_mu695349_0/stripe31_mu695349_0.Part-001-of-009.tar
exportChunks-DR3-149-of-269,stripe31_mu695349_0/stripe31_mu695349_0.Part-002-of-009.tar
exportChunks-DR3-149-of-269,stripe31_mu695349_0/stripe31_mu695349_0.Part-003-of-009.tar
exportChunks-DR3-150-of-269,stripe31_mu695349_0/stripe31_mu695349_0.Part-004-of-009.tar
exportChunks-DR3-150-of-269,stripe31_mu695349_0/stripe31_mu695349_0.Part-005-of-009.tar
exportChunks-DR3-150-of-269,stripe31_mu695349_0/stripe31_mu695349_0.Part-006-of-009.tar
exportChunks-DR3-151-of-269,stripe31_mu695349_0/stripe31_mu695349_0.Part-007-of-009.tar
exportChunks-DR3-151-of-269,stripe31_mu695349_0/stripe31_mu695349_0.Part-008-of-009.tar
exportChunks-DR3-151-of-269,stripe31_mu695349_0/stripe31_mu695349_0.Part-009-of-009.tar
exportChunks-DR3-152-of-269,stripe31_mu695349_1/stripe31_mu695349_1.Part-001-of-009.tar
exportChunks-DR3-152-of-269,stripe31_mu695349_1/stripe31_mu695349_1.Part-002-of-009.tar
exportChunks-DR3-152-of-269,stripe31_mu695349_1/stripe31_mu695349_1.Part-003-of-009.tar
exportChunks-DR3-153-of-269,stripe31_mu695349_1/stripe31_mu695349_1.Part-004-of-009.tar
exportChunks-DR3-153-of-269,stripe31_mu695349_1/stripe31_mu695349_1.Part-005-of-009.tar
exportChunks-DR3-153-of-269,stripe31_mu695349_1/stripe31_mu695349_1.Part-006-of-009.tar
exportChunks-DR3-154-of-269,stripe31_mu695349_1/stripe31_mu695349_1.Part-007-of-009.tar
exportChunks-DR3-154-of-269,stripe31_mu695349_1/stripe31_mu695349_1.Part-008-of-009.tar
exportChunks-DR3-154-of-269,stripe31_mu695349_1/stripe31_mu695349_1.Part-009-of-009.tar
exportChunks-DR3-155-of-269,stripe32_mu462086_0/stripe32_mu462086_0.Part-001-of-004.tar
exportChunks-DR3-155-of-269,stripe32_mu462086_0/stripe32_mu462086_0.Part-002-of-004.tar
exportChunks-DR3-156-of-269,stripe32_mu462086_0/stripe32_mu462086_0.Part-003-of-004.tar
exportChunks-DR3-156-of-269,stripe32_mu462086_0/stripe32_mu462086_0.Part-004-of-004.tar
exportChunks-DR3-157-of-269,stripe32_mu462086_1/stripe32_mu462086_1.Part-001-of-004.tar
exportChunks-DR3-157-of-269,stripe32_mu462086_1/stripe32_mu462086_1.Part-002-of-004.tar
exportChunks-DR3-158-of-269,stripe32_mu462086_1/stripe32_mu462086_1.Part-003-of-004.tar
exportChunks-DR3-158-of-269,stripe32_mu462086_1/stripe32_mu462086_1.Part-004-of-004.tar
exportChunks-DR3-159-of-269,stripe32_mu575806_0/stripe32_mu575806_0.Part-001-of-003.tar
exportChunks-DR3-159-of-269,stripe32_mu575806_0/stripe32_mu575806_0.Part-002-of-003.tar
exportChunks-DR3-159-of-269,stripe32_mu575806_0/stripe32_mu575806_0.Part-003-of-003.tar
exportChunks-DR3-160-of-269,stripe32_mu575806_1/stripe32_mu575806_1.Part-001-of-004.tar
exportChunks-DR3-160-of-269,stripe32_mu575806_1/stripe32_mu575806_1.Part-002-of-004.tar
exportChunks-DR3-161-of-269,stripe32_mu575806_1/stripe32_mu575806_1.Part-003-of-004.tar
exportChunks-DR3-161-of-269,stripe32_mu575806_1/stripe32_mu575806_1.Part-004-of-004.tar
exportChunks-DR3-162-of-269,stripe32_mu676160_0/stripe32_mu676160_0.Part-001-of-001.tar
exportChunks-DR3-162-of-269,stripe32_mu676160_1/stripe32_mu676160_1.Part-001-of-001.tar
exportChunks-DR3-163-of-269,stripe32_mu698330_0/stripe32_mu698330_0.Part-001-of-007.tar
exportChunks-DR3-163-of-269,stripe32_mu698330_0/stripe32_mu698330_0.Part-002-of-007.tar
exportChunks-DR3-164-of-269,stripe32_mu698330_0/stripe32_mu698330_0.Part-003-of-007.tar
exportChunks-DR3-164-of-269,stripe32_mu698330_0/stripe32_mu698330_0.Part-004-of-007.tar
exportChunks-DR3-165-of-269,stripe32_mu698330_0/stripe32_mu698330_0.Part-005-of-007.tar
exportChunks-DR3-165-of-269,stripe32_mu698330_0/stripe32_mu698330_0.Part-006-of-007.tar
exportChunks-DR3-165-of-269,stripe32_mu698330_0/stripe32_mu698330_0.Part-007-of-007.tar
exportChunks-DR3-166-of-269,stripe32_mu698330_1/stripe32_mu698330_1.Part-001-of-007.tar
exportChunks-DR3-166-of-269,stripe32_mu698330_1/stripe32_mu698330_1.Part-002-of-007.tar
exportChunks-DR3-167-of-269,stripe32_mu698330_1/stripe32_mu698330_1.Part-003-of-007.tar
exportChunks-DR3-167-of-269,stripe32_mu698330_1/stripe32_mu698330_1.Part-004-of-007.tar
exportChunks-DR3-168-of-269,stripe32_mu698330_1/stripe32_mu698330_1.Part-005-of-007.tar
exportChunks-DR3-168-of-269,stripe32_mu698330_1/stripe32_mu698330_1.Part-006-of-007.tar
exportChunks-DR3-168-of-269,stripe32_mu698330_1/stripe32_mu698330_1.Part-007-of-007.tar
exportChunks-DR3-169-of-269,stripe33_mu449868_0/stripe33_mu449868_0.Part-001-of-007.tar
exportChunks-DR3-169-of-269,stripe33_mu449868_0/stripe33_mu449868_0.Part-002-of-007.tar
exportChunks-DR3-170-of-269,stripe33_mu449868_0/stripe33_mu449868_0.Part-003-of-007.tar
exportChunks-DR3-170-of-269,stripe33_mu449868_0/stripe33_mu449868_0.Part-004-of-007.tar
exportChunks-DR3-171-of-269,stripe33_mu449868_0/stripe33_mu449868_0.Part-005-of-007.tar
exportChunks-DR3-171-of-269,stripe33_mu449868_0/stripe33_mu449868_0.Part-006-of-007.tar
exportChunks-DR3-171-of-269,stripe33_mu449868_0/stripe33_mu449868_0.Part-007-of-007.tar
exportChunks-DR3-172-of-269,stripe33_mu449868_1/stripe33_mu449868_1.Part-001-of-007.tar
exportChunks-DR3-172-of-269,stripe33_mu449868_1/stripe33_mu449868_1.Part-002-of-007.tar
exportChunks-DR3-173-of-269,stripe33_mu449868_1/stripe33_mu449868_1.Part-003-of-007.tar
exportChunks-DR3-173-of-269,stripe33_mu449868_1/stripe33_mu449868_1.Part-004-of-007.tar
exportChunks-DR3-174-of-269,stripe33_mu449868_1/stripe33_mu449868_1.Part-005-of-007.tar
exportChunks-DR3-174-of-269,stripe33_mu449868_1/stripe33_mu449868_1.Part-006-of-007.tar
exportChunks-DR3-174-of-269,stripe33_mu449868_1/stripe33_mu449868_1.Part-007-of-007.tar
exportChunks-DR3-175-of-269,stripe33_mu638449_0/stripe33_mu638449_0.Part-001-of-008.tar
exportChunks-DR3-175-of-269,stripe33_mu638449_0/stripe33_mu638449_0.Part-002-of-008.tar
exportChunks-DR3-176-of-269,stripe33_mu638449_0/stripe33_mu638449_0.Part-003-of-008.tar
exportChunks-DR3-176-of-269,stripe33_mu638449_0/stripe33_mu638449_0.Part-004-of-008.tar
exportChunks-DR3-176-of-269,stripe33_mu638449_0/stripe33_mu638449_0.Part-005-of-008.tar
exportChunks-DR3-177-of-269,stripe33_mu638449_0/stripe33_mu638449_0.Part-006-of-008.tar
exportChunks-DR3-177-of-269,stripe33_mu638449_0/stripe33_mu638449_0.Part-007-of-008.tar
exportChunks-DR3-177-of-269,stripe33_mu638449_0/stripe33_mu638449_0.Part-008-of-008.tar
exportChunks-DR3-178-of-269,stripe33_mu638449_1/stripe33_mu638449_1.Part-001-of-008.tar
exportChunks-DR3-178-of-269,stripe33_mu638449_1/stripe33_mu638449_1.Part-002-of-008.tar
exportChunks-DR3-179-of-269,stripe33_mu638449_1/stripe33_mu638449_1.Part-003-of-008.tar
exportChunks-DR3-179-of-269,stripe33_mu638449_1/stripe33_mu638449_1.Part-004-of-008.tar
exportChunks-DR3-179-of-269,stripe33_mu638449_1/stripe33_mu638449_1.Part-005-of-008.tar
exportChunks-DR3-180-of-269,stripe33_mu638449_1/stripe33_mu638449_1.Part-006-of-008.tar
exportChunks-DR3-180-of-269,stripe33_mu638449_1/stripe33_mu638449_1.Part-007-of-008.tar
exportChunks-DR3-180-of-269,stripe33_mu638449_1/stripe33_mu638449_1.Part-008-of-008.tar
exportChunks-DR3-181-of-269,stripe34_mu452663_0/stripe34_mu452663_0.Part-001-of-005.tar
exportChunks-DR3-181-of-269,stripe34_mu452663_0/stripe34_mu452663_0.Part-002-of-005.tar
exportChunks-DR3-182-of-269,stripe34_mu452663_0/stripe34_mu452663_0.Part-003-of-005.tar
exportChunks-DR3-182-of-269,stripe34_mu452663_0/stripe34_mu452663_0.Part-004-of-005.tar
exportChunks-DR3-182-of-269,stripe34_mu452663_0/stripe34_mu452663_0.Part-005-of-005.tar
exportChunks-DR3-183-of-269,stripe34_mu452663_1/stripe34_mu452663_1.Part-001-of-006.tar
exportChunks-DR3-183-of-269,stripe34_mu452663_1/stripe34_mu452663_1.Part-002-of-006.tar
exportChunks-DR3-183-of-269,stripe34_mu452663_1/stripe34_mu452663_1.Part-003-of-006.tar
exportChunks-DR3-184-of-269,stripe34_mu452663_1/stripe34_mu452663_1.Part-004-of-006.tar
exportChunks-DR3-184-of-269,stripe34_mu452663_1/stripe34_mu452663_1.Part-005-of-006.tar
exportChunks-DR3-184-of-269,stripe34_mu452663_1/stripe34_mu452663_1.Part-006-of-006.tar
exportChunks-DR3-185-of-269,stripe34_mu594937_0/stripe34_mu594937_0.Part-001-of-002.tar
exportChunks-DR3-185-of-269,stripe34_mu594937_0/stripe34_mu594937_0.Part-002-of-002.tar
exportChunks-DR3-186-of-269,stripe34_mu594937_1/stripe34_mu594937_1.Part-001-of-002.tar
exportChunks-DR3-186-of-269,stripe34_mu594937_1/stripe34_mu594937_1.Part-002-of-002.tar
exportChunks-DR3-187-of-269,stripe34_mu649228_0/stripe34_mu649228_0.Part-001-of-002.tar
exportChunks-DR3-187-of-269,stripe34_mu649228_0/stripe34_mu649228_0.Part-002-of-002.tar
exportChunks-DR3-188-of-269,stripe34_mu649228_1/stripe34_mu649228_1.Part-001-of-002.tar
exportChunks-DR3-188-of-269,stripe34_mu649228_1/stripe34_mu649228_1.Part-002-of-002.tar
exportChunks-DR3-189-of-269,stripe34_mu705815_0/stripe34_mu705815_0.Part-001-of-008.tar
exportChunks-DR3-189-of-269,stripe34_mu705815_0/stripe34_mu705815_0.Part-002-of-008.tar
exportChunks-DR3-190-of-269,stripe34_mu705815_0/stripe34_mu705815_0.Part-003-of-008.tar
exportChunks-DR3-190-of-269,stripe34_mu705815_0/stripe34_mu705815_0.Part-004-of-008.tar
exportChunks-DR3-190-of-269,stripe34_mu705815_0/stripe34_mu705815_0.Part-005-of-008.tar
exportChunks-DR3-191-of-269,stripe34_mu705815_0/stripe34_mu705815_0.Part-006-of-008.tar
exportChunks-DR3-191-of-269,stripe34_mu705815_0/stripe34_mu705815_0.Part-007-of-008.tar
exportChunks-DR3-191-of-269,stripe34_mu705815_0/stripe34_mu705815_0.Part-008-of-008.tar
exportChunks-DR3-192-of-269,stripe34_mu705815_1/stripe34_mu705815_1.Part-001-of-008.tar
exportChunks-DR3-192-of-269,stripe34_mu705815_1/stripe34_mu705815_1.Part-002-of-008.tar
exportChunks-DR3-193-of-269,stripe34_mu705815_1/stripe34_mu705815_1.Part-003-of-008.tar
exportChunks-DR3-193-of-269,stripe34_mu705815_1/stripe34_mu705815_1.Part-004-of-008.tar
exportChunks-DR3-193-of-269,stripe34_mu705815_1/stripe34_mu705815_1.Part-005-of-008.tar
exportChunks-DR3-194-of-269,stripe34_mu705815_1/stripe34_mu705815_1.Part-006-of-008.tar
exportChunks-DR3-194-of-269,stripe34_mu705815_1/stripe34_mu705815_1.Part-007-of-008.tar
exportChunks-DR3-194-of-269,stripe34_mu705815_1/stripe34_mu705815_1.Part-008-of-008.tar
exportChunks-DR3-195-of-269,stripe35_mu471938_0/stripe35_mu471938_0.Part-001-of-005.tar
exportChunks-DR3-195-of-269,stripe35_mu471938_0/stripe35_mu471938_0.Part-002-of-005.tar
exportChunks-DR3-196-of-269,stripe35_mu471938_0/stripe35_mu471938_0.Part-003-of-005.tar
exportChunks-DR3-196-of-269,stripe35_mu471938_0/stripe35_mu471938_0.Part-004-of-005.tar
exportChunks-DR3-196-of-269,stripe35_mu471938_0/stripe35_mu471938_0.Part-005-of-005.tar
exportChunks-DR3-197-of-269,stripe35_mu471938_1/stripe35_mu471938_1.Part-001-of-006.tar
exportChunks-DR3-197-of-269,stripe35_mu471938_1/stripe35_mu471938_1.Part-002-of-006.tar
exportChunks-DR3-197-of-269,stripe35_mu471938_1/stripe35_mu471938_1.Part-003-of-006.tar
exportChunks-DR3-198-of-269,stripe35_mu471938_1/stripe35_mu471938_1.Part-004-of-006.tar
exportChunks-DR3-198-of-269,stripe35_mu471938_1/stripe35_mu471938_1.Part-005-of-006.tar
exportChunks-DR3-198-of-269,stripe35_mu471938_1/stripe35_mu471938_1.Part-006-of-006.tar
exportChunks-DR3-199-of-269,stripe35_mu629735_0/stripe35_mu629735_0.Part-001-of-005.tar
exportChunks-DR3-199-of-269,stripe35_mu629735_0/stripe35_mu629735_0.Part-002-of-005.tar
exportChunks-DR3-200-of-269,stripe35_mu629735_0/stripe35_mu629735_0.Part-003-of-005.tar
exportChunks-DR3-200-of-269,stripe35_mu629735_0/stripe35_mu629735_0.Part-004-of-005.tar
exportChunks-DR3-200-of-269,stripe35_mu629735_0/stripe35_mu629735_0.Part-005-of-005.tar
exportChunks-DR3-201-of-269,stripe35_mu629735_1/stripe35_mu629735_1.Part-001-of-005.tar
exportChunks-DR3-201-of-269,stripe35_mu629735_1/stripe35_mu629735_1.Part-002-of-005.tar
exportChunks-DR3-202-of-269,stripe35_mu629735_1/stripe35_mu629735_1.Part-003-of-005.tar
exportChunks-DR3-202-of-269,stripe35_mu629735_1/stripe35_mu629735_1.Part-004-of-005.tar
exportChunks-DR3-202-of-269,stripe35_mu629735_1/stripe35_mu629735_1.Part-005-of-005.tar
exportChunks-DR3-203-of-269,stripe35_mu775955_0/stripe35_mu775955_0.Part-001-of-006.tar
exportChunks-DR3-203-of-269,stripe35_mu775955_0/stripe35_mu775955_0.Part-002-of-006.tar
exportChunks-DR3-203-of-269,stripe35_mu775955_0/stripe35_mu775955_0.Part-003-of-006.tar
exportChunks-DR3-204-of-269,stripe35_mu775955_0/stripe35_mu775955_0.Part-004-of-006.tar
exportChunks-DR3-204-of-269,stripe35_mu775955_0/stripe35_mu775955_0.Part-005-of-006.tar
exportChunks-DR3-204-of-269,stripe35_mu775955_0/stripe35_mu775955_0.Part-006-of-006.tar
exportChunks-DR3-205-of-269,stripe35_mu775955_1/stripe35_mu775955_1.Part-001-of-006.tar
exportChunks-DR3-205-of-269,stripe35_mu775955_1/stripe35_mu775955_1.Part-002-of-006.tar
exportChunks-DR3-205-of-269,stripe35_mu775955_1/stripe35_mu775955_1.Part-003-of-006.tar
exportChunks-DR3-206-of-269,stripe35_mu775955_1/stripe35_mu775955_1.Part-004-of-006.tar
exportChunks-DR3-206-of-269,stripe35_mu775955_1/stripe35_mu775955_1.Part-005-of-006.tar
exportChunks-DR3-206-of-269,stripe35_mu775955_1/stripe35_mu775955_1.Part-006-of-006.tar
exportChunks-DR3-207-of-269,stripe36_mu492185_0/stripe36_mu492185_0.Part-001-of-004.tar
exportChunks-DR3-207-of-269,stripe36_mu492185_0/stripe36_mu492185_0.Part-002-of-004.tar
exportChunks-DR3-208-of-269,stripe36_mu492185_0/stripe36_mu492185_0.Part-003-of-004.tar
exportChunks-DR3-208-of-269,stripe36_mu492185_0/stripe36_mu492185_0.Part-004-of-004.tar
exportChunks-DR3-209-of-269,stripe36_mu492185_1/stripe36_mu492185_1.Part-001-of-004.tar
exportChunks-DR3-209-of-269,stripe36_mu492185_1/stripe36_mu492185_1.Part-002-of-004.tar
exportChunks-DR3-210-of-269,stripe36_mu492185_1/stripe36_mu492185_1.Part-003-of-004.tar
exportChunks-DR3-210-of-269,stripe36_mu492185_1/stripe36_mu492185_1.Part-004-of-004.tar
exportChunks-DR3-211-of-269,stripe36_mu603270_0/stripe36_mu603270_0.Part-001-of-001.tar
exportChunks-DR3-211-of-269,stripe36_mu603270_1/stripe36_mu603270_1.Part-001-of-001.tar
exportChunks-DR3-212-of-269,stripe36_mu634942_0/stripe36_mu634942_0.Part-001-of-004.tar
exportChunks-DR3-212-of-269,stripe36_mu634942_0/stripe36_mu634942_0.Part-002-of-004.tar
exportChunks-DR3-213-of-269,stripe36_mu634942_0/stripe36_mu634942_0.Part-003-of-004.tar
exportChunks-DR3-213-of-269,stripe36_mu634942_0/stripe36_mu634942_0.Part-004-of-004.tar
exportChunks-DR3-214-of-269,stripe36_mu634942_1/stripe36_mu634942_1.Part-001-of-004.tar
exportChunks-DR3-214-of-269,stripe36_mu634942_1/stripe36_mu634942_1.Part-002-of-004.tar
exportChunks-DR3-215-of-269,stripe36_mu634942_1/stripe36_mu634942_1.Part-003-of-004.tar
exportChunks-DR3-215-of-269,stripe36_mu634942_1/stripe36_mu634942_1.Part-004-of-004.tar
exportChunks-DR3-216-of-269,stripe36_mu754305_0/stripe36_mu754305_0.Part-001-of-004.tar
exportChunks-DR3-216-of-269,stripe36_mu754305_0/stripe36_mu754305_0.Part-002-of-004.tar
exportChunks-DR3-217-of-269,stripe36_mu754305_0/stripe36_mu754305_0.Part-003-of-004.tar
exportChunks-DR3-217-of-269,stripe36_mu754305_0/stripe36_mu754305_0.Part-004-of-004.tar
exportChunks-DR3-218-of-269,stripe36_mu754305_1/stripe36_mu754305_1.Part-001-of-004.tar
exportChunks-DR3-218-of-269,stripe36_mu754305_1/stripe36_mu754305_1.Part-002-of-004.tar
exportChunks-DR3-219-of-269,stripe36_mu754305_1/stripe36_mu754305_1.Part-003-of-004.tar
exportChunks-DR3-219-of-269,stripe36_mu754305_1/stripe36_mu754305_1.Part-004-of-004.tar
exportChunks-DR3-220-of-269,stripe36_mu845720_0/stripe36_mu845720_0.Part-001-of-003.tar
exportChunks-DR3-220-of-269,stripe36_mu845720_0/stripe36_mu845720_0.Part-002-of-003.tar
exportChunks-DR3-220-of-269,stripe36_mu845720_0/stripe36_mu845720_0.Part-003-of-003.tar
exportChunks-DR3-221-of-269,stripe36_mu845720_1/stripe36_mu845720_1.Part-001-of-003.tar
exportChunks-DR3-221-of-269,stripe36_mu845720_1/stripe36_mu845720_1.Part-002-of-003.tar
exportChunks-DR3-221-of-269,stripe36_mu845720_1/stripe36_mu845720_1.Part-003-of-003.tar
exportChunks-DR3-222-of-269,stripe37_mu477561_0/stripe37_mu477561_0.Part-001-of-004.tar
exportChunks-DR3-222-of-269,stripe37_mu477561_0/stripe37_mu477561_0.Part-002-of-004.tar
exportChunks-DR3-223-of-269,stripe37_mu477561_0/stripe37_mu477561_0.Part-003-of-004.tar
exportChunks-DR3-223-of-269,stripe37_mu477561_0/stripe37_mu477561_0.Part-004-of-004.tar
exportChunks-DR3-224-of-269,stripe37_mu477561_1/stripe37_mu477561_1.Part-001-of-004.tar
exportChunks-DR3-224-of-269,stripe37_mu477561_1/stripe37_mu477561_1.Part-002-of-004.tar
exportChunks-DR3-225-of-269,stripe37_mu477561_1/stripe37_mu477561_1.Part-003-of-004.tar
exportChunks-DR3-225-of-269,stripe37_mu477561_1/stripe37_mu477561_1.Part-004-of-004.tar
exportChunks-DR3-226-of-269,stripe37_mu581100_0/stripe37_mu581100_0.Part-001-of-004.tar
exportChunks-DR3-226-of-269,stripe37_mu581100_0/stripe37_mu581100_0.Part-002-of-004.tar
exportChunks-DR3-227-of-269,stripe37_mu581100_0/stripe37_mu581100_0.Part-003-of-004.tar
exportChunks-DR3-227-of-269,stripe37_mu581100_0/stripe37_mu581100_0.Part-004-of-004.tar
exportChunks-DR3-228-of-269,stripe37_mu581100_1/stripe37_mu581100_1.Part-001-of-004.tar
exportChunks-DR3-228-of-269,stripe37_mu581100_1/stripe37_mu581100_1.Part-002-of-004.tar
exportChunks-DR3-229-of-269,stripe37_mu581100_1/stripe37_mu581100_1.Part-003-of-004.tar
exportChunks-DR3-229-of-269,stripe37_mu581100_1/stripe37_mu581100_1.Part-004-of-004.tar
exportChunks-DR3-230-of-269,stripe37_mu718022_0/stripe37_mu718022_0.Part-001-of-003.tar
exportChunks-DR3-230-of-269,stripe37_mu718022_0/stripe37_mu718022_0.Part-002-of-003.tar
exportChunks-DR3-230-of-269,stripe37_mu718022_0/stripe37_mu718022_0.Part-003-of-003.tar
exportChunks-DR3-231-of-269,stripe37_mu718022_1/stripe37_mu718022_1.Part-001-of-003.tar
exportChunks-DR3-231-of-269,stripe37_mu718022_1/stripe37_mu718022_1.Part-002-of-003.tar
exportChunks-DR3-231-of-269,stripe37_mu718022_1/stripe37_mu718022_1.Part-003-of-003.tar
exportChunks-DR3-232-of-269,stripe37_mu788748_0/stripe37_mu788748_0.Part-001-of-003.tar
exportChunks-DR3-232-of-269,stripe37_mu788748_0/stripe37_mu788748_0.Part-002-of-003.tar
exportChunks-DR3-232-of-269,stripe37_mu788748_0/stripe37_mu788748_0.Part-003-of-003.tar
exportChunks-DR3-233-of-269,stripe37_mu788748_1/stripe37_mu788748_1.Part-001-of-003.tar
exportChunks-DR3-233-of-269,stripe37_mu788748_1/stripe37_mu788748_1.Part-002-of-003.tar
exportChunks-DR3-233-of-269,stripe37_mu788748_1/stripe37_mu788748_1.Part-003-of-003.tar
exportChunks-DR3-234-of-269,stripe42_mu750191_0/stripe42_mu750191_0.Part-001-of-002.tar
exportChunks-DR3-234-of-269,stripe42_mu750191_0/stripe42_mu750191_0.Part-002-of-002.tar
exportChunks-DR3-235-of-269,stripe42_mu750191_1/stripe42_mu750191_1.Part-001-of-002.tar
exportChunks-DR3-235-of-269,stripe42_mu750191_1/stripe42_mu750191_1.Part-002-of-002.tar
exportChunks-DR3-236-of-269,stripe43_mu748278_0/stripe43_mu748278_0.Part-001-of-002.tar
exportChunks-DR3-236-of-269,stripe43_mu748278_0/stripe43_mu748278_0.Part-002-of-002.tar
exportChunks-DR3-237-of-269,stripe43_mu748278_1/stripe43_mu748278_1.Part-001-of-002.tar
exportChunks-DR3-237-of-269,stripe43_mu748278_1/stripe43_mu748278_1.Part-002-of-002.tar
exportChunks-DR3-238-of-269,stripe76_mu1139310_0/stripe76_mu1139310_0.Part-001-of-008.tar
exportChunks-DR3-238-of-269,stripe76_mu1139310_0/stripe76_mu1139310_0.Part-002-of-008.tar
exportChunks-DR3-239-of-269,stripe76_mu1139310_0/stripe76_mu1139310_0.Part-003-of-008.tar
exportChunks-DR3-239-of-269,stripe76_mu1139310_0/stripe76_mu1139310_0.Part-004-of-008.tar
exportChunks-DR3-239-of-269,stripe76_mu1139310_0/stripe76_mu1139310_0.Part-005-of-008.tar
exportChunks-DR3-240-of-269,stripe76_mu1139310_0/stripe76_mu1139310_0.Part-006-of-008.tar
exportChunks-DR3-240-of-269,stripe76_mu1139310_0/stripe76_mu1139310_0.Part-007-of-008.tar
exportChunks-DR3-240-of-269,stripe76_mu1139310_0/stripe76_mu1139310_0.Part-008-of-008.tar
exportChunks-DR3-241-of-269,stripe76_mu1139310_1/stripe76_mu1139310_1.Part-001-of-008.tar
exportChunks-DR3-241-of-269,stripe76_mu1139310_1/stripe76_mu1139310_1.Part-002-of-008.tar
exportChunks-DR3-242-of-269,stripe76_mu1139310_1/stripe76_mu1139310_1.Part-003-of-008.tar
exportChunks-DR3-242-of-269,stripe76_mu1139310_1/stripe76_mu1139310_1.Part-004-of-008.tar
exportChunks-DR3-242-of-269,stripe76_mu1139310_1/stripe76_mu1139310_1.Part-005-of-008.tar
exportChunks-DR3-243-of-269,stripe76_mu1139310_1/stripe76_mu1139310_1.Part-006-of-008.tar
exportChunks-DR3-243-of-269,stripe76_mu1139310_1/stripe76_mu1139310_1.Part-007-of-008.tar
exportChunks-DR3-243-of-269,stripe76_mu1139310_1/stripe76_mu1139310_1.Part-008-of-008.tar
exportChunks-DR3-244-of-269,stripe76_mu1320980_0/stripe76_mu1320980_0.Part-001-of-003.tar
exportChunks-DR3-244-of-269,stripe76_mu1320980_0/stripe76_mu1320980_0.Part-002-of-003.tar
exportChunks-DR3-244-of-269,stripe76_mu1320980_0/stripe76_mu1320980_0.Part-003-of-003.tar
exportChunks-DR3-245-of-269,stripe76_mu1320980_1/stripe76_mu1320980_1.Part-001-of-003.tar
exportChunks-DR3-245-of-269,stripe76_mu1320980_1/stripe76_mu1320980_1.Part-002-of-003.tar
exportChunks-DR3-245-of-269,stripe76_mu1320980_1/stripe76_mu1320980_1.Part-003-of-003.tar
exportChunks-DR3-246-of-269,stripe82_mu1113106_0/stripe82_mu1113106_0.Part-001-of-004.tar
exportChunks-DR3-246-of-269,stripe82_mu1113106_0/stripe82_mu1113106_0.Part-002-of-004.tar
exportChunks-DR3-246-of-269,stripe82_mu1113106_0/stripe82_mu1113106_0.Part-003-of-004.tar
exportChunks-DR3-246-of-269,stripe82_mu1113106_0/stripe82_mu1113106_0.Part-004-of-004.tar
exportChunks-DR3-247-of-269,stripe82_mu1113106_1/stripe82_mu1113106_1.Part-001-of-005.tar
exportChunks-DR3-247-of-269,stripe82_mu1113106_1/stripe82_mu1113106_1.Part-002-of-005.tar
exportChunks-DR3-248-of-269,stripe82_mu1113106_1/stripe82_mu1113106_1.Part-003-of-005.tar
exportChunks-DR3-248-of-269,stripe82_mu1113106_1/stripe82_mu1113106_1.Part-004-of-005.tar
exportChunks-DR3-248-of-269,stripe82_mu1113106_1/stripe82_mu1113106_1.Part-005-of-005.tar
exportChunks-DR3-249-of-269,stripe82_mu1176576_0/stripe82_mu1176576_0.Part-001-of-009.tar
exportChunks-DR3-249-of-269,stripe82_mu1176576_0/stripe82_mu1176576_0.Part-002-of-009.tar
exportChunks-DR3-249-of-269,stripe82_mu1176576_0/stripe82_mu1176576_0.Part-003-of-009.tar
exportChunks-DR3-250-of-269,stripe82_mu1176576_0/stripe82_mu1176576_0.Part-004-of-009.tar
exportChunks-DR3-250-of-269,stripe82_mu1176576_0/stripe82_mu1176576_0.Part-005-of-009.tar
exportChunks-DR3-250-of-269,stripe82_mu1176576_0/stripe82_mu1176576_0.Part-006-of-009.tar
exportChunks-DR3-251-of-269,stripe82_mu1176576_0/stripe82_mu1176576_0.Part-007-of-009.tar
exportChunks-DR3-251-of-269,stripe82_mu1176576_0/stripe82_mu1176576_0.Part-008-of-009.tar
exportChunks-DR3-251-of-269,stripe82_mu1176576_0/stripe82_mu1176576_0.Part-009-of-009.tar
exportChunks-DR3-252-of-269,stripe82_mu1176576_1/stripe82_mu1176576_1.Part-001-of-011.tar
exportChunks-DR3-252-of-269,stripe82_mu1176576_1/stripe82_mu1176576_1.Part-002-of-011.tar
exportChunks-DR3-253-of-269,stripe82_mu1176576_1/stripe82_mu1176576_1.Part-003-of-011.tar
exportChunks-DR3-253-of-269,stripe82_mu1176576_1/stripe82_mu1176576_1.Part-004-of-011.tar
exportChunks-DR3-253-of-269,stripe82_mu1176576_1/stripe82_mu1176576_1.Part-005-of-011.tar
exportChunks-DR3-254-of-269,stripe82_mu1176576_1/stripe82_mu1176576_1.Part-006-of-011.tar
exportChunks-DR3-254-of-269,stripe82_mu1176576_1/stripe82_mu1176576_1.Part-007-of-011.tar
exportChunks-DR3-254-of-269,stripe82_mu1176576_1/stripe82_mu1176576_1.Part-008-of-011.tar
exportChunks-DR3-255-of-269,stripe82_mu1176576_1/stripe82_mu1176576_1.Part-009-of-011.tar
exportChunks-DR3-255-of-269,stripe82_mu1176576_1/stripe82_mu1176576_1.Part-010-of-011.tar
exportChunks-DR3-255-of-269,stripe82_mu1176576_1/stripe82_mu1176576_1.Part-011-of-011.tar
exportChunks-DR3-256-of-269,stripe82_mu1499432_0/stripe82_mu1499432_0.Part-001-of-001.tar
exportChunks-DR3-256-of-269,stripe82_mu1499432_1/stripe82_mu1499432_1.Part-001-of-001.tar
exportChunks-DR3-257-of-269,stripe86_mu1113340_0/stripe86_mu1113340_0.Part-001-of-004.tar
exportChunks-DR3-257-of-269,stripe86_mu1113340_0/stripe86_mu1113340_0.Part-002-of-004.tar
exportChunks-DR3-258-of-269,stripe86_mu1113340_0/stripe86_mu1113340_0.Part-003-of-004.tar
exportChunks-DR3-258-of-269,stripe86_mu1113340_0/stripe86_mu1113340_0.Part-004-of-004.tar
exportChunks-DR3-259-of-269,stripe86_mu1113340_1/stripe86_mu1113340_1.Part-001-of-004.tar
exportChunks-DR3-259-of-269,stripe86_mu1113340_1/stripe86_mu1113340_1.Part-002-of-004.tar
exportChunks-DR3-260-of-269,stripe86_mu1113340_1/stripe86_mu1113340_1.Part-003-of-004.tar
exportChunks-DR3-260-of-269,stripe86_mu1113340_1/stripe86_mu1113340_1.Part-004-of-004.tar
exportChunks-DR3-261-of-269,stripe86_mu1184468_0/stripe86_mu1184468_0.Part-001-of-003.tar
exportChunks-DR3-261-of-269,stripe86_mu1184468_0/stripe86_mu1184468_0.Part-002-of-003.tar
exportChunks-DR3-261-of-269,stripe86_mu1184468_0/stripe86_mu1184468_0.Part-003-of-003.tar
exportChunks-DR3-262-of-269,stripe86_mu1184468_1/stripe86_mu1184468_1.Part-001-of-003.tar
exportChunks-DR3-262-of-269,stripe86_mu1184468_1/stripe86_mu1184468_1.Part-002-of-003.tar
exportChunks-DR3-262-of-269,stripe86_mu1184468_1/stripe86_mu1184468_1.Part-003-of-003.tar
exportChunks-DR3-263-of-269,stripe86_mu1257369_0/stripe86_mu1257369_0.Part-001-of-004.tar
exportChunks-DR3-263-of-269,stripe86_mu1257369_0/stripe86_mu1257369_0.Part-002-of-004.tar
exportChunks-DR3-264-of-269,stripe86_mu1257369_0/stripe86_mu1257369_0.Part-003-of-004.tar
exportChunks-DR3-264-of-269,stripe86_mu1257369_0/stripe86_mu1257369_0.Part-004-of-004.tar
exportChunks-DR3-265-of-269,stripe86_mu1257369_1/stripe86_mu1257369_1.Part-001-of-004.tar
exportChunks-DR3-265-of-269,stripe86_mu1257369_1/stripe86_mu1257369_1.Part-002-of-004.tar
exportChunks-DR3-266-of-269,stripe86_mu1257369_1/stripe86_mu1257369_1.Part-003-of-004.tar
exportChunks-DR3-266-of-269,stripe86_mu1257369_1/stripe86_mu1257369_1.Part-004-of-004.tar
exportChunks-DR3-267-of-269,stripe86_mu1375980_0/stripe86_mu1375980_0.Part-001-of-001.tar
exportChunks-DR3-267-of-269,stripe86_mu1375980_1/stripe86_mu1375980_1.Part-001-of-001.tar
exportChunks-DR3-267-of-269,stripe86_mu1402340_0/stripe86_mu1402340_0.Part-001-of-001.tar
exportChunks-DR3-267-of-269,stripe86_mu1402340_1/stripe86_mu1402340_1.Part-001-of-001.tar
exportChunks-DR3-268-of-269,stripe86_mu1422868_0/stripe86_mu1422868_0.Part-001-of-003.tar
exportChunks-DR3-268-of-269,stripe86_mu1422868_0/stripe86_mu1422868_0.Part-002-of-003.tar
exportChunks-DR3-268-of-269,stripe86_mu1422868_0/stripe86_mu1422868_0.Part-003-of-003.tar
exportChunks-DR3-269-of-269,stripe86_mu1422868_1/stripe86_mu1422868_1.Part-001-of-003.tar
exportChunks-DR3-269-of-269,stripe86_mu1422868_1/stripe86_mu1422868_1.Part-002-of-003.tar
exportChunks-DR3-269-of-269,stripe86_mu1422868_1/stripe86_mu1422868_1.Part-003-of-003.tar
