exportRuns-001-of-474,94/20
exportRuns-001-of-474,94/40
exportRuns-002-of-474,125/20
exportRuns-002-of-474,125/40
exportRuns-003-of-474,745/20
exportRuns-004-of-474,745/40
exportRuns-005-of-474,752/20
exportRuns-006-of-474,752/30
exportRuns-007-of-474,752/40
exportRuns-008-of-474,756/20
exportRuns-009-of-474,756/31
exportRuns-010-of-474,756/43
exportRuns-011-of-474,756/44
exportRuns-012-of-474,1033/40
exportRuns-013-of-474,1035/20
exportRuns-013-of-474,1035/40
exportRuns-014-of-474,1037/20
exportRuns-014-of-474,1037/40
exportRuns-015-of-474,1040/40
exportRuns-016-of-474,1043/20
exportRuns-016-of-474,1043/40
exportRuns-017-of-474,1045/20
exportRuns-017-of-474,1045/40
exportRuns-018-of-474,1056/40
exportRuns-018-of-474,1122/41
exportRuns-019-of-474,1140/20
exportRuns-019-of-474,1140/40
exportRuns-020-of-474,1231/21
exportRuns-020-of-474,1231/40
exportRuns-021-of-474,1239/20
exportRuns-021-of-474,1239/30
exportRuns-022-of-474,1239/40
exportRuns-022-of-474,1239/41
exportRuns-023-of-474,1241/20
exportRuns-023-of-474,1241/40
exportRuns-024-of-474,1331/20
exportRuns-024-of-474,1331/40
exportRuns-025-of-474,1332/21
exportRuns-025-of-474,1332/40
exportRuns-025-of-474,1336/21
exportRuns-025-of-474,1336/40
exportRuns-025-of-474,1336/41
exportRuns-026-of-474,1339/21
exportRuns-026-of-474,1339/40
exportRuns-026-of-474,1339/41
exportRuns-027-of-474,1345/21
exportRuns-027-of-474,1345/22
exportRuns-028-of-474,1345/40
exportRuns-029-of-474,1345/41
exportRuns-030-of-474,1350/40
exportRuns-031-of-474,1356/40
exportRuns-031-of-474,1356/41
exportRuns-032-of-474,1359/21
exportRuns-032-of-474,1359/40
exportRuns-032-of-474,1359/41
exportRuns-033-of-474,1402/20
exportRuns-033-of-474,1402/40
exportRuns-034-of-474,1412/20
exportRuns-034-of-474,1412/40
exportRuns-035-of-474,1450/40
exportRuns-035-of-474,1453/40
exportRuns-036-of-474,1458/40
exportRuns-037-of-474,1462/40
exportRuns-038-of-474,1478/40
exportRuns-039-of-474,1659/22
exportRuns-039-of-474,1659/40
exportRuns-040-of-474,1666/20
exportRuns-040-of-474,1666/40
exportRuns-041-of-474,1729/21
exportRuns-041-of-474,1729/40
exportRuns-042-of-474,1737/40
exportRuns-043-of-474,1739/20
exportRuns-043-of-474,1739/40
exportRuns-044-of-474,1740/40
exportRuns-044-of-474,1741/20
exportRuns-044-of-474,1741/40
exportRuns-045-of-474,1749/20
exportRuns-045-of-474,1749/40
exportRuns-046-of-474,1752/40
exportRuns-047-of-474,1755/40
exportRuns-048-of-474,1869/40
exportRuns-048-of-474,1889/23
exportRuns-048-of-474,1889/40
exportRuns-049-of-474,1891/40
exportRuns-049-of-474,1893/20
exportRuns-049-of-474,1893/40
exportRuns-049-of-474,1894/40
exportRuns-050-of-474,1895/21
exportRuns-050-of-474,1895/40
exportRuns-050-of-474,1895/41
exportRuns-051-of-474,1896/20
exportRuns-051-of-474,1896/40
exportRuns-051-of-474,1896/41
exportRuns-052-of-474,1897/20
exportRuns-052-of-474,1897/40
exportRuns-053-of-474,1904/42
exportRuns-054-of-474,1907/21
exportRuns-054-of-474,1907/40
exportRuns-055-of-474,1992/40
exportRuns-056-of-474,2074/21
exportRuns-056-of-474,2074/40
exportRuns-056-of-474,2074/41
exportRuns-057-of-474,2075/40
exportRuns-057-of-474,2075/41
exportRuns-057-of-474,2076/40
exportRuns-057-of-474,2076/41
exportRuns-058-of-474,2078/22
exportRuns-058-of-474,2078/40
exportRuns-059-of-474,2125/40
exportRuns-060-of-474,2126/40
exportRuns-061-of-474,2126/41
exportRuns-062-of-474,2126/42
exportRuns-063-of-474,2131/21
exportRuns-063-of-474,2131/40
exportRuns-064-of-474,2134/21
exportRuns-064-of-474,2134/40
exportRuns-065-of-474,2137/40
exportRuns-065-of-474,2140/40
exportRuns-066-of-474,2141/20
exportRuns-066-of-474,2141/30
exportRuns-066-of-474,2141/40
exportRuns-067-of-474,2188/20
exportRuns-067-of-474,2188/40
exportRuns-068-of-474,2189/20
exportRuns-068-of-474,2189/40
exportRuns-069-of-474,2190/21
exportRuns-069-of-474,2190/40
exportRuns-070-of-474,2206/40
exportRuns-071-of-474,2207/40
exportRuns-072-of-474,2243/40
exportRuns-073-of-474,2247/20
exportRuns-073-of-474,2247/40
exportRuns-073-of-474,2247/41
exportRuns-074-of-474,2248/40
exportRuns-075-of-474,2259/20
exportRuns-075-of-474,2259/41
exportRuns-076-of-474,2298/40
exportRuns-076-of-474,2298/41
exportRuns-077-of-474,2299/20
exportRuns-077-of-474,2299/40
exportRuns-077-of-474,2299/41
exportRuns-078-of-474,2304/20
exportRuns-078-of-474,2304/40
exportRuns-078-of-474,2304/41
exportRuns-079-of-474,2305/40
exportRuns-079-of-474,2305/41
exportRuns-080-of-474,2326/40
exportRuns-080-of-474,2326/41
exportRuns-081-of-474,2327/20
exportRuns-081-of-474,2327/40
exportRuns-082-of-474,2328/20
exportRuns-082-of-474,2328/40
exportRuns-082-of-474,2328/41
exportRuns-083-of-474,2333/20
exportRuns-083-of-474,2333/40
exportRuns-084-of-474,2334/20
exportRuns-084-of-474,2334/40
exportRuns-085-of-474,2335/20
exportRuns-085-of-474,2335/40
exportRuns-086-of-474,2347/40
exportRuns-086-of-474,2348/40
exportRuns-087-of-474,2379/20
exportRuns-087-of-474,2379/40
exportRuns-088-of-474,2385/40
exportRuns-089-of-474,2391/20
exportRuns-089-of-474,2391/40
exportRuns-090-of-474,2392/20
exportRuns-090-of-474,2392/41
exportRuns-091-of-474,2566/20
exportRuns-091-of-474,2566/40
exportRuns-092-of-474,2570/40
exportRuns-092-of-474,2574/20
exportRuns-092-of-474,2574/40
exportRuns-093-of-474,2576/20
exportRuns-093-of-474,2576/40
exportRuns-094-of-474,2578/20
exportRuns-094-of-474,2578/40
exportRuns-095-of-474,2579/20
exportRuns-095-of-474,2579/40
exportRuns-096-of-474,2582/40
exportRuns-097-of-474,2583/20
exportRuns-097-of-474,2583/40
exportRuns-098-of-474,2585/20
exportRuns-098-of-474,2585/40
exportRuns-098-of-474,2589/40
exportRuns-099-of-474,2649/20
exportRuns-099-of-474,2649/40
exportRuns-099-of-474,2650/40
exportRuns-100-of-474,2659/20
exportRuns-100-of-474,2659/40
exportRuns-101-of-474,2662/40
exportRuns-102-of-474,2677/20
exportRuns-102-of-474,2677/40
exportRuns-103-of-474,2700/20
exportRuns-103-of-474,2700/40
exportRuns-104-of-474,2708/20
exportRuns-104-of-474,2708/40
exportRuns-105-of-474,2709/40
exportRuns-106-of-474,2728/40
exportRuns-107-of-474,2735/20
exportRuns-107-of-474,2735/40
exportRuns-108-of-474,2738/20
exportRuns-108-of-474,2738/30
exportRuns-108-of-474,2738/40
exportRuns-109-of-474,2740/20
exportRuns-109-of-474,2740/40
exportRuns-110-of-474,2766/40
exportRuns-110-of-474,2768/20
exportRuns-110-of-474,2768/40
exportRuns-111-of-474,2777/20
exportRuns-111-of-474,2777/40
exportRuns-112-of-474,2820/20
exportRuns-112-of-474,2820/40
exportRuns-113-of-474,2821/20
exportRuns-113-of-474,2821/40
exportRuns-114-of-474,2822/20
exportRuns-114-of-474,2822/40
exportRuns-115-of-474,2825/20
exportRuns-115-of-474,2825/40
exportRuns-116-of-474,2826/20
exportRuns-116-of-474,2826/40
exportRuns-117-of-474,2830/20
exportRuns-117-of-474,2830/40
exportRuns-118-of-474,2830/41
exportRuns-119-of-474,2831/20
exportRuns-119-of-474,2831/40
exportRuns-119-of-474,2855/20
exportRuns-119-of-474,2855/40
exportRuns-120-of-474,2856/20
exportRuns-120-of-474,2856/40
exportRuns-120-of-474,2861/20
exportRuns-120-of-474,2861/40
exportRuns-121-of-474,2863/20
exportRuns-121-of-474,2863/40
exportRuns-122-of-474,2864/20
exportRuns-122-of-474,2864/40
exportRuns-123-of-474,2873/40
exportRuns-123-of-474,2882/20
exportRuns-123-of-474,2882/40
exportRuns-124-of-474,2883/20
exportRuns-124-of-474,2883/40
exportRuns-125-of-474,2886/20
exportRuns-125-of-474,2886/40
exportRuns-126-of-474,2887/20
exportRuns-126-of-474,2887/40
exportRuns-127-of-474,2888/20
exportRuns-127-of-474,2888/40
exportRuns-128-of-474,2960/40
exportRuns-128-of-474,2961/20
exportRuns-128-of-474,2961/40
exportRuns-129-of-474,2964/20
exportRuns-130-of-474,2964/40
exportRuns-131-of-474,2968/20
exportRuns-131-of-474,2968/40
exportRuns-132-of-474,2986/20
exportRuns-132-of-474,2986/40
exportRuns-133-of-474,2987/20
exportRuns-133-of-474,2987/40
exportRuns-133-of-474,2989/20
exportRuns-133-of-474,2989/40
exportRuns-134-of-474,3015/20
exportRuns-134-of-474,3015/40
exportRuns-135-of-474,3031/20
exportRuns-135-of-474,3031/40
exportRuns-136-of-474,3059/41
exportRuns-136-of-474,3059/42
exportRuns-136-of-474,3059/52
exportRuns-137-of-474,3103/20
exportRuns-137-of-474,3103/40
exportRuns-138-of-474,3130/20
exportRuns-138-of-474,3130/40
exportRuns-139-of-474,3177/20
exportRuns-139-of-474,3177/40
exportRuns-140-of-474,3180/20
exportRuns-140-of-474,3180/40
exportRuns-140-of-474,3183/20
exportRuns-140-of-474,3183/40
exportRuns-141-of-474,3184/20
exportRuns-141-of-474,3184/40
exportRuns-142-of-474,3185/20
exportRuns-142-of-474,3185/40
exportRuns-143-of-474,3187/20
exportRuns-143-of-474,3187/40
exportRuns-144-of-474,3225/20
exportRuns-144-of-474,3225/40
exportRuns-145-of-474,3226/20
exportRuns-145-of-474,3226/40
exportRuns-146-of-474,3230/20
exportRuns-146-of-474,3230/40
exportRuns-146-of-474,3322/40
exportRuns-147-of-474,3325/20
exportRuns-147-of-474,3325/41
exportRuns-148-of-474,3355/20
exportRuns-148-of-474,3355/40
exportRuns-149-of-474,3356/40
exportRuns-149-of-474,3358/20
exportRuns-149-of-474,3358/40
exportRuns-150-of-474,3360/40
exportRuns-150-of-474,3360/41
exportRuns-151-of-474,3362/20
exportRuns-151-of-474,3362/40
exportRuns-152-of-474,3366/20
exportRuns-153-of-474,3367/20
exportRuns-154-of-474,3384/20
exportRuns-154-of-474,3384/40
exportRuns-155-of-474,3388/20
exportRuns-155-of-474,3388/40
exportRuns-156-of-474,3427/20
exportRuns-156-of-474,3427/40
exportRuns-157-of-474,3430/20
exportRuns-157-of-474,3430/40
exportRuns-158-of-474,3434/20
exportRuns-158-of-474,3434/40
exportRuns-159-of-474,3437/20
exportRuns-159-of-474,3437/40
exportRuns-160-of-474,3438/20
exportRuns-160-of-474,3438/40
exportRuns-161-of-474,3460/20
exportRuns-161-of-474,3460/40
exportRuns-162-of-474,3461/20
exportRuns-162-of-474,3461/40
exportRuns-163-of-474,3462/20
exportRuns-163-of-474,3462/40
exportRuns-164-of-474,3465/20
exportRuns-164-of-474,3465/40
exportRuns-165-of-474,3478/20
exportRuns-165-of-474,3478/40
exportRuns-166-of-474,3511/40
exportRuns-166-of-474,3512/40
exportRuns-167-of-474,3513/20
exportRuns-167-of-474,3513/40
exportRuns-168-of-474,3518/20
exportRuns-168-of-474,3518/40
exportRuns-169-of-474,3525/20
exportRuns-169-of-474,3525/40
exportRuns-170-of-474,3530/20
exportRuns-170-of-474,3530/42
exportRuns-171-of-474,3538/20
exportRuns-171-of-474,3538/40
exportRuns-171-of-474,3538/41
exportRuns-172-of-474,3557/40
exportRuns-172-of-474,3559/40
exportRuns-173-of-474,3560/20
exportRuns-173-of-474,3560/40
exportRuns-174-of-474,3562/20
exportRuns-174-of-474,3562/41
exportRuns-174-of-474,3600/20
exportRuns-175-of-474,3605/20
exportRuns-175-of-474,3605/40
exportRuns-176-of-474,3606/20
exportRuns-176-of-474,3606/40
exportRuns-177-of-474,3610/20
exportRuns-177-of-474,3610/40
exportRuns-178-of-474,3615/20
exportRuns-178-of-474,3615/40
exportRuns-179-of-474,3628/20
exportRuns-179-of-474,3628/40
exportRuns-180-of-474,3629/20
exportRuns-180-of-474,3629/40
exportRuns-181-of-474,3630/20
exportRuns-181-of-474,3630/40
exportRuns-182-of-474,3631/20
exportRuns-182-of-474,3631/40
exportRuns-183-of-474,3634/40
exportRuns-184-of-474,3635/20
exportRuns-184-of-474,3635/40
exportRuns-184-of-474,3635/41
exportRuns-185-of-474,3643/20
exportRuns-185-of-474,3643/40
exportRuns-186-of-474,3644/20
exportRuns-186-of-474,3644/40
exportRuns-186-of-474,3644/41
exportRuns-187-of-474,3647/40
exportRuns-187-of-474,3647/41
exportRuns-188-of-474,3650/20
exportRuns-188-of-474,3650/40
exportRuns-189-of-474,3664/20
exportRuns-189-of-474,3664/40
exportRuns-190-of-474,3698/20
exportRuns-190-of-474,3698/40
exportRuns-190-of-474,3698/41
exportRuns-191-of-474,3699/20
exportRuns-191-of-474,3699/40
exportRuns-191-of-474,3699/41
exportRuns-192-of-474,3704/20
exportRuns-192-of-474,3704/40
exportRuns-192-of-474,3704/41
exportRuns-193-of-474,3705/20
exportRuns-193-of-474,3705/40
exportRuns-194-of-474,3712/20
exportRuns-194-of-474,3712/40
exportRuns-195-of-474,3716/42
exportRuns-196-of-474,3723/40
exportRuns-196-of-474,3723/41
exportRuns-197-of-474,3804/40
exportRuns-197-of-474,3804/41
exportRuns-198-of-474,3805/40
exportRuns-198-of-474,3805/41
exportRuns-199-of-474,3813/40
exportRuns-199-of-474,3813/41
exportRuns-200-of-474,3818/40
exportRuns-200-of-474,3818/41
exportRuns-201-of-474,3830/40
exportRuns-201-of-474,3830/41
exportRuns-202-of-474,3836/40
exportRuns-203-of-474,3836/41
exportRuns-204-of-474,3838/41
exportRuns-205-of-474,3840/40
exportRuns-205-of-474,3840/41
exportRuns-206-of-474,3841/40
exportRuns-206-of-474,3841/41
exportRuns-207-of-474,3842/20
exportRuns-207-of-474,3842/40
exportRuns-207-of-474,3842/41
exportRuns-208-of-474,3893/40
exportRuns-208-of-474,3893/41
exportRuns-209-of-474,3894/40
exportRuns-209-of-474,3894/41
exportRuns-210-of-474,3900/40
exportRuns-211-of-474,3900/41
exportRuns-212-of-474,3903/40
exportRuns-212-of-474,3903/41
exportRuns-213-of-474,3905/40
exportRuns-214-of-474,3909/40
exportRuns-215-of-474,3910/40
exportRuns-215-of-474,3911/40
exportRuns-216-of-474,3918/40
exportRuns-216-of-474,3918/41
exportRuns-217-of-474,3919/40
exportRuns-218-of-474,3926/40
exportRuns-218-of-474,3926/41
exportRuns-219-of-474,3927/40
exportRuns-220-of-474,3958/40
exportRuns-221-of-474,3964/41
exportRuns-222-of-474,3965/40
exportRuns-223-of-474,3967/40
exportRuns-223-of-474,3970/40
exportRuns-224-of-474,3971/40
exportRuns-225-of-474,3972/40
exportRuns-225-of-474,3983/40
exportRuns-226-of-474,3992/40
exportRuns-227-of-474,3996/40
exportRuns-228-of-474,3997/40
exportRuns-229-of-474,4002/40
exportRuns-230-of-474,4003/40
exportRuns-230-of-474,4007/40
exportRuns-231-of-474,4010/40
exportRuns-232-of-474,4011/40
exportRuns-233-of-474,4014/40
exportRuns-234-of-474,4015/40
exportRuns-235-of-474,4076/40
exportRuns-236-of-474,4128/40
exportRuns-237-of-474,4134/40
exportRuns-238-of-474,4134/648
exportRuns-239-of-474,4135/40
exportRuns-240-of-474,4135/648
exportRuns-241-of-474,4136/40
exportRuns-242-of-474,4144/40
exportRuns-242-of-474,4144/648
exportRuns-243-of-474,4145/40
exportRuns-244-of-474,4152/40
exportRuns-244-of-474,4152/648
exportRuns-244-of-474,4153/40
exportRuns-245-of-474,4157/40
exportRuns-245-of-474,4158/40
exportRuns-246-of-474,4184/40
exportRuns-247-of-474,4187/40
exportRuns-247-of-474,4188/40
exportRuns-248-of-474,4192/40
exportRuns-249-of-474,4198/40
exportRuns-250-of-474,4203/40
exportRuns-251-of-474,4204/40
exportRuns-252-of-474,4207/40
exportRuns-253-of-474,4208/40
exportRuns-253-of-474,4233/40
exportRuns-254-of-474,4247/40
exportRuns-254-of-474,4253/40
exportRuns-255-of-474,4263/40
exportRuns-256-of-474,4264/40
exportRuns-257-of-474,4288/40
exportRuns-257-of-474,4294/40
exportRuns-258-of-474,4334/40
exportRuns-259-of-474,4335/40
exportRuns-259-of-474,4338/40
exportRuns-260-of-474,4344/40
exportRuns-260-of-474,4380/40
exportRuns-261-of-474,4381/40
exportRuns-261-of-474,4382/40
exportRuns-262-of-474,4388/40
exportRuns-262-of-474,4392/40
exportRuns-262-of-474,4448/40
exportRuns-263-of-474,4469/40
exportRuns-264-of-474,4470/40
exportRuns-264-of-474,4504/40
exportRuns-265-of-474,4508/40
exportRuns-266-of-474,4512/40
exportRuns-267-of-474,4516/40
exportRuns-267-of-474,4517/40
exportRuns-268-of-474,4518/40
exportRuns-268-of-474,4520/40
exportRuns-269-of-474,4540/40
exportRuns-269-of-474,4549/40
exportRuns-269-of-474,4550/40
exportRuns-270-of-474,4552/40
exportRuns-270-of-474,4555/40
exportRuns-271-of-474,4569/40
exportRuns-272-of-474,4570/40
exportRuns-273-of-474,4571/40
exportRuns-274-of-474,4576/40
exportRuns-275-of-474,4588/40
exportRuns-276-of-474,4599/40
exportRuns-276-of-474,4600/40
exportRuns-277-of-474,4623/40
exportRuns-278-of-474,4628/40
exportRuns-278-of-474,4629/40
exportRuns-279-of-474,4632/40
exportRuns-279-of-474,4633/40
exportRuns-280-of-474,4646/40
exportRuns-281-of-474,4649/40
exportRuns-282-of-474,4663/40
exportRuns-282-of-474,4670/40
exportRuns-283-of-474,4671/40
exportRuns-283-of-474,4674/40
exportRuns-284-of-474,4678/40
exportRuns-285-of-474,4679/40
exportRuns-286-of-474,4682/40
exportRuns-286-of-474,4682/41
exportRuns-287-of-474,4797/40
exportRuns-288-of-474,4800/40
exportRuns-288-of-474,4800/648
exportRuns-289-of-474,4822/40
exportRuns-290-of-474,4828/40
exportRuns-291-of-474,4828/648
exportRuns-292-of-474,4829/40
exportRuns-292-of-474,4829/648
exportRuns-293-of-474,4832/40
exportRuns-294-of-474,4832/648
exportRuns-295-of-474,4836/40
exportRuns-295-of-474,4836/648
exportRuns-296-of-474,4843/40
exportRuns-297-of-474,4844/40
exportRuns-297-of-474,4851/40
exportRuns-298-of-474,4858/40
exportRuns-299-of-474,4868/40
exportRuns-300-of-474,4874/40
exportRuns-301-of-474,4879/40
exportRuns-301-of-474,4879/648
exportRuns-302-of-474,4880/40
exportRuns-303-of-474,4887/40
exportRuns-303-of-474,4887/648
exportRuns-304-of-474,4895/40
exportRuns-305-of-474,4900/40
exportRuns-306-of-474,4905/40
exportRuns-307-of-474,4917/40
exportRuns-308-of-474,4930/40
exportRuns-309-of-474,4933/40
exportRuns-310-of-474,4948/40
exportRuns-311-of-474,5037/40
exportRuns-311-of-474,5038/40
exportRuns-311-of-474,5042/40
exportRuns-312-of-474,5044/40
exportRuns-312-of-474,5044/648
exportRuns-313-of-474,5045/40
exportRuns-314-of-474,5052/40
exportRuns-315-of-474,5060/40
exportRuns-315-of-474,5060/648
exportRuns-316-of-474,5061/40
exportRuns-317-of-474,5064/40
exportRuns-317-of-474,5065/40
exportRuns-318-of-474,5066/40
exportRuns-318-of-474,5069/40
exportRuns-318-of-474,5070/40
exportRuns-319-of-474,5071/40
exportRuns-320-of-474,5072/40
exportRuns-320-of-474,5079/40
exportRuns-320-of-474,5080/41
exportRuns-321-of-474,5087/40
exportRuns-322-of-474,5112/40
exportRuns-323-of-474,5115/40
exportRuns-324-of-474,5116/40
exportRuns-325-of-474,5125/41
exportRuns-326-of-474,5137/40
exportRuns-327-of-474,5138/40
exportRuns-327-of-474,5140/40
exportRuns-328-of-474,5181/40
exportRuns-328-of-474,5182/40
exportRuns-329-of-474,5183/40
exportRuns-330-of-474,5194/40
exportRuns-331-of-474,5224/40
exportRuns-332-of-474,5225/40
exportRuns-332-of-474,5225/41
exportRuns-333-of-474,5237/40
exportRuns-333-of-474,5237/41
exportRuns-334-of-474,5308/40
exportRuns-335-of-474,5312/40
exportRuns-335-of-474,5313/40
exportRuns-335-of-474,5313/51
exportRuns-336-of-474,5314/40
exportRuns-337-of-474,5317/40
exportRuns-337-of-474,5318/40
exportRuns-338-of-474,5322/40
exportRuns-339-of-474,5323/40
exportRuns-340-of-474,5326/40
exportRuns-341-of-474,5327/40
exportRuns-341-of-474,5330/40
exportRuns-342-of-474,5360/40
exportRuns-343-of-474,5362/40
exportRuns-343-of-474,5374/40
exportRuns-343-of-474,5375/40
exportRuns-344-of-474,5376/40
exportRuns-344-of-474,5377/40
exportRuns-345-of-474,5378/40
exportRuns-345-of-474,5378/648
exportRuns-346-of-474,5381/40
exportRuns-346-of-474,5382/40
exportRuns-347-of-474,5384/40
exportRuns-347-of-474,5384/648
exportRuns-348-of-474,5385/40
exportRuns-348-of-474,5387/40
exportRuns-348-of-474,5390/40
exportRuns-348-of-474,5395/40
exportRuns-349-of-474,5396/40
exportRuns-349-of-474,5396/648
exportRuns-350-of-474,5398/40
exportRuns-351-of-474,5401/40
exportRuns-351-of-474,5402/40
exportRuns-352-of-474,5403/40
exportRuns-352-of-474,5403/648
exportRuns-353-of-474,5408/40
exportRuns-353-of-474,5409/40
exportRuns-353-of-474,5409/648
exportRuns-354-of-474,5415/40
exportRuns-354-of-474,5415/648
exportRuns-355-of-474,5416/40
exportRuns-355-of-474,5416/648
exportRuns-356-of-474,5421/40
exportRuns-356-of-474,5421/648
exportRuns-357-of-474,5566/40
exportRuns-358-of-474,5582/40
exportRuns-359-of-474,5590/40
exportRuns-360-of-474,5597/40
exportRuns-361-of-474,5598/40
exportRuns-362-of-474,5603/40
exportRuns-363-of-474,5607/40
exportRuns-364-of-474,5610/40
exportRuns-365-of-474,5619/40
exportRuns-366-of-474,5622/40
exportRuns-367-of-474,5628/40
exportRuns-368-of-474,5633/40
exportRuns-369-of-474,5636/40
exportRuns-370-of-474,5640/40
exportRuns-370-of-474,5640/648
exportRuns-371-of-474,5641/40
exportRuns-372-of-474,5642/40
exportRuns-373-of-474,5646/40
exportRuns-374-of-474,5654/40
exportRuns-375-of-474,5655/40
exportRuns-375-of-474,5655/648
exportRuns-376-of-474,5656/40
exportRuns-376-of-474,5657/40
exportRuns-377-of-474,5658/40
exportRuns-378-of-474,5665/40
exportRuns-379-of-474,5666/41
exportRuns-380-of-474,5675/40
exportRuns-381-of-474,5681/40
exportRuns-381-of-474,5702/40
exportRuns-382-of-474,5709/40
exportRuns-383-of-474,5713/40
exportRuns-384-of-474,5714/40
exportRuns-385-of-474,5719/40
exportRuns-386-of-474,5730/40
exportRuns-386-of-474,5731/40
exportRuns-386-of-474,5732/40
exportRuns-387-of-474,5744/40
exportRuns-388-of-474,5745/40
exportRuns-389-of-474,5754/40
exportRuns-390-of-474,5759/40
exportRuns-391-of-474,5760/40
exportRuns-392-of-474,5763/40
exportRuns-393-of-474,5781/40
exportRuns-394-of-474,5782/40
exportRuns-395-of-474,5792/40
exportRuns-396-of-474,5794/40
exportRuns-397-of-474,5800/40
exportRuns-397-of-474,5808/40
exportRuns-398-of-474,5813/40
exportRuns-399-of-474,5814/40
exportRuns-399-of-474,5814/648
exportRuns-400-of-474,5815/40
exportRuns-401-of-474,5817/40
exportRuns-401-of-474,5817/648
exportRuns-402-of-474,5820/40
exportRuns-403-of-474,5823/40
exportRuns-404-of-474,5824/40
exportRuns-405-of-474,5836/40
exportRuns-406-of-474,5842/40
exportRuns-406-of-474,5849/40
exportRuns-407-of-474,5853/40
exportRuns-408-of-474,5865/40
exportRuns-408-of-474,5866/40
exportRuns-409-of-474,5870/40
exportRuns-410-of-474,5871/40
exportRuns-410-of-474,5872/40
exportRuns-411-of-474,5878/40
exportRuns-412-of-474,5882/40
exportRuns-413-of-474,5889/40
exportRuns-413-of-474,5898/40
exportRuns-413-of-474,5902/40
exportRuns-414-of-474,5905/40
exportRuns-415-of-474,5918/40
exportRuns-416-of-474,5924/40
exportRuns-417-of-474,5933/41
exportRuns-418-of-474,5934/40
exportRuns-418-of-474,5934/648
exportRuns-419-of-474,5935/40
exportRuns-420-of-474,5959/40
exportRuns-420-of-474,5959/648
exportRuns-421-of-474,5960/40
exportRuns-421-of-474,5960/648
exportRuns-422-of-474,5972/40
exportRuns-423-of-474,5973/40
exportRuns-424-of-474,5976/40
exportRuns-425-of-474,5982/40
exportRuns-425-of-474,5999/40
exportRuns-426-of-474,6003/40
exportRuns-426-of-474,6003/648
exportRuns-427-of-474,6004/40
exportRuns-428-of-474,6005/40
exportRuns-428-of-474,6073/40
exportRuns-429-of-474,6074/40
exportRuns-429-of-474,6074/648
exportRuns-429-of-474,6075/40
exportRuns-429-of-474,6075/648
exportRuns-429-of-474,6103/40
exportRuns-430-of-474,6104/40
exportRuns-430-of-474,6105/40
exportRuns-430-of-474,6105/648
exportRuns-431-of-474,6118/40
exportRuns-431-of-474,6121/40
exportRuns-432-of-474,6122/40
exportRuns-432-of-474,6122/648
exportRuns-433-of-474,6123/40
exportRuns-433-of-474,6123/648
exportRuns-433-of-474,6160/40
exportRuns-433-of-474,6161/40
exportRuns-434-of-474,6162/40
exportRuns-434-of-474,6162/648
exportRuns-435-of-474,6166/40
exportRuns-436-of-474,6169/40
exportRuns-436-of-474,6169/648
exportRuns-437-of-474,6174/40
exportRuns-437-of-474,6176/40
exportRuns-438-of-474,6177/40
exportRuns-438-of-474,6177/648
exportRuns-439-of-474,6182/40
exportRuns-439-of-474,6182/648
exportRuns-440-of-474,6207/40
exportRuns-441-of-474,6212/40
exportRuns-442-of-474,6354/40
exportRuns-442-of-474,6354/648
exportRuns-443-of-474,6361/40
exportRuns-443-of-474,6366/40
exportRuns-443-of-474,6366/648
exportRuns-444-of-474,6371/40
exportRuns-444-of-474,6372/40
exportRuns-444-of-474,6413/40
exportRuns-445-of-474,6426/40
exportRuns-445-of-474,6475/40
exportRuns-446-of-474,6485/40
exportRuns-446-of-474,6485/648
exportRuns-447-of-474,6505/40
exportRuns-447-of-474,6505/648
exportRuns-448-of-474,6509/40
exportRuns-448-of-474,6509/648
exportRuns-449-of-474,6514/40
exportRuns-449-of-474,6514/648
exportRuns-450-of-474,6519/40
exportRuns-450-of-474,6519/648
exportRuns-451-of-474,6572/40
exportRuns-452-of-474,6573/42
exportRuns-452-of-474,6573/648
exportRuns-453-of-474,6574/40
exportRuns-453-of-474,6574/648
exportRuns-454-of-474,6581/40
exportRuns-454-of-474,6581/648
exportRuns-455-of-474,6585/40
exportRuns-455-of-474,6585/648
exportRuns-456-of-474,6591/40
exportRuns-456-of-474,6591/41
exportRuns-457-of-474,6597/40
exportRuns-457-of-474,6597/648
exportRuns-458-of-474,6605/40
exportRuns-458-of-474,6605/648
exportRuns-459-of-474,6708/40
exportRuns-459-of-474,6708/648
exportRuns-460-of-474,6709/40
exportRuns-460-of-474,6727/40
exportRuns-460-of-474,6728/40
exportRuns-461-of-474,6749/40
exportRuns-461-of-474,6749/648
exportRuns-461-of-474,6751/40
exportRuns-462-of-474,6752/40
exportRuns-462-of-474,6753/40
exportRuns-462-of-474,6781/40
exportRuns-462-of-474,6793/40
exportRuns-463-of-474,6794/41
exportRuns-464-of-474,6850/40
exportRuns-464-of-474,6850/648
exportRuns-465-of-474,6933/40
exportRuns-466-of-474,7176/40
exportRuns-467-of-474,7177/40
exportRuns-468-of-474,7178/40
exportRuns-468-of-474,7178/648
exportRuns-469-of-474,7220/40
exportRuns-470-of-474,7243/40
exportRuns-471-of-474,7264/40
exportRuns-472-of-474,7265/40
exportRuns-473-of-474,100006/2
exportRuns-474-of-474,200006/2
