glst-001-of-167,log.509901-50992.tar
glst-001-of-167,log.50991-3.tar
glst-001-of-167,log.50991.tar
glst-001-of-167,log.50992.tar
glst-001-of-167,log.51075.tar
glst-001-of-167,log.51081.tar
glst-001-of-167,log.51115.tar
glst-001-of-167,log.51134.tar
glst-001-of-167,log.51136.tar
glst-001-of-167,log.51139.tar
glst-001-of-167,log.51140.tar
glst-001-of-167,log.51257.tar
glst-001-of-167,log.51258.tar
glst-001-of-167,log.51259.tar
glst-001-of-167,log.51433.tar
glst-001-of-167,log.51437.tar
glst-001-of-167,log.51454.tar
glst-001-of-167,log.51457.tar
glst-001-of-167,log.51458.tar
glst-001-of-167,log.51459.tar
glst-001-of-167,log.51461.tar
glst-001-of-167,log.51462.tar
glst-001-of-167,log.51464.tar
glst-001-of-167,log.51465.tar
glst-001-of-167,log.51467.tar
glst-001-of-167,log.51569.tar
glst-001-of-167,log.51574.tar
glst-001-of-167,log.51576.tar
glst-001-of-167,log.51577.tar
glst-001-of-167,log.51581.tar
glst-001-of-167,log.51582.tar
glst-001-of-167,log.51583.tar
glst-001-of-167,log.51584.tar
glst-001-of-167,log.51585.tar
glst-001-of-167,log.51586.tar
glst-001-of-167,log.51588.tar
glst-001-of-167,log.51589.tar
glst-001-of-167,log.51590.tar
glst-001-of-167,log.51602.tar
glst-001-of-167,log.51606.tar
glst-001-of-167,log.51607.tar
glst-001-of-167,log.51608.tar
glst-001-of-167,log.51609.tar
glst-001-of-167,log.51612.tar
glst-001-of-167,log.51613.tar
glst-001-of-167,log.51614.tar
glst-001-of-167,log.51615.tar
glst-001-of-167,log.51618.tar
glst-001-of-167,log.51620.tar
glst-001-of-167,log.51629.tar
glst-001-of-167,log.51630.tar
glst-001-of-167,log.51633.tar
glst-001-of-167,log.51637.tar
glst-001-of-167,log.51638.tar
glst-001-of-167,log.51639.tar
glst-001-of-167,log.51640.tar
glst-001-of-167,log.51641.tar
glst-001-of-167,log.51658.tar
glst-001-of-167,log.51659.tar
glst-001-of-167,log.51660.tar
glst-001-of-167,log.51661.tar
glst-001-of-167,log.51662.tar
glst-001-of-167,log.51663.tar
glst-001-of-167,log.51664.tar
glst-001-of-167,log.51665.tar
glst-001-of-167,log.51666.tar
glst-001-of-167,log.51666.tar.zero
glst-001-of-167,log.51667.tar
glst-001-of-167,log.51668.tar
glst-001-of-167,log.51669.tar
glst-001-of-167,log.51670.tar
glst-001-of-167,log.51671.tar
glst-001-of-167,log.51673.tar
glst-001-of-167,log.51674.tar
glst-001-of-167,log.51675.tar
glst-001-of-167,log.51688.tar
glst-001-of-167,log.51689.tar
glst-001-of-167,log.51690.tar
glst-001-of-167,log.51691.tar
glst-001-of-167,log.51692.tar
glst-001-of-167,log.51693.tar
glst-001-of-167,log.51694.tar
glst-001-of-167,log.51695.tar
glst-001-of-167,log.51696.tar
glst-001-of-167,log.51698.tar
glst-001-of-167,log.51699.tar
glst-001-of-167,log.51700.tar
glst-001-of-167,log.51701.tar
glst-001-of-167,log.51703.tar
glst-001-of-167,log.51779.tar
glst-001-of-167,log.51790.tar
glst-001-of-167,log.51791.tar
glst-001-of-167,log.51792.tar
glst-001-of-167,log.51809.tar
glst-001-of-167,log.51810.tar
glst-001-of-167,log.51813.tar
glst-001-of-167,log.51814.tar
glst-001-of-167,log.51816.tar
glst-001-of-167,log.51817.tar
glst-001-of-167,log.51818.tar
glst-001-of-167,log.51819.tar
glst-001-of-167,log.51820.tar
glst-001-of-167,log.51821.tar
glst-001-of-167,log.51865.tar
glst-001-of-167,log.51866.tar
glst-001-of-167,log.51868.tar
glst-001-of-167,log.51869.tar
glst-001-of-167,log.51871.tar
glst-001-of-167,log.51873.tar
glst-001-of-167,log.51874.tar
glst-001-of-167,log.51875.tar
glst-001-of-167,log.51876.tar
glst-001-of-167,log.51877.tar
glst-001-of-167,log.51878.tar
glst-001-of-167,log.51879.tar
glst-001-of-167,log.51882.tar
glst-001-of-167,log.51883.tar
glst-001-of-167,log.51884.tar
glst-001-of-167,log.51885.tar
glst-001-of-167,log.51886.tar
glst-001-of-167,log.51893.tar
glst-001-of-167,log.51898.tar
glst-001-of-167,log.51899.tar
glst-001-of-167,log.51900.tar
glst-001-of-167,log.51901.tar
glst-001-of-167,log.51902.tar
glst-001-of-167,log.51903.tar
glst-001-of-167,log.51906.tar
glst-001-of-167,log.51907.tar
glst-001-of-167,log.51923.tar
glst-001-of-167,log.51924.tar
glst-001-of-167,log.51925.tar
glst-001-of-167,log.51928.tar
glst-001-of-167,log.51929.tar
glst-001-of-167,log.51930.tar
glst-001-of-167,log.51931.tar
glst-001-of-167,log.51933.tar
glst-001-of-167,log.51934.tar
glst-001-of-167,log.51935.tar
glst-001-of-167,log.51936.tar
glst-001-of-167,log.51937.tar
glst-001-of-167,log.51940.tar
glst-001-of-167,log.51941.tar
glst-001-of-167,log.51942.tar
glst-001-of-167,log.51943.tar
glst-001-of-167,log.51950.tar
glst-001-of-167,log.51951.tar
glst-001-of-167,log.51955.tar
glst-001-of-167,log.51956.tar
glst-001-of-167,log.51957.tar
glst-001-of-167,log.51958.tar
glst-001-of-167,log.51959.tar
glst-001-of-167,log.51960.tar
glst-001-of-167,log.51961.tar
glst-001-of-167,log.51962.tar
glst-001-of-167,log.51965.tar
glst-001-of-167,log.51966.tar
glst-001-of-167,log.51967.tar
glst-001-of-167,log.51970.tar
glst-001-of-167,log.51971.tar
glst-001-of-167,log.51972.tar
glst-001-of-167,log.51973.tar
glst-001-of-167,log.51980.tar
glst-001-of-167,log.51981.tar
glst-001-of-167,log.51982.tar
glst-001-of-167,log.51983.tar
glst-001-of-167,log.51984.tar
glst-002-of-167,log.51985.tar
glst-002-of-167,log.51986.tar
glst-002-of-167,log.51987.tar
glst-002-of-167,log.51988.tar
glst-002-of-167,log.51989.tar
glst-002-of-167,log.51990.tar
glst-002-of-167,log.51991.tar
glst-002-of-167,log.51992.tar
glst-002-of-167,log.51993.tar
glst-002-of-167,log.51994.tar
glst-002-of-167,log.51995.tar
glst-002-of-167,log.51996.tar
glst-002-of-167,log.51997.tar
glst-002-of-167,log.51998.tar
glst-002-of-167,log.51999.tar
glst-002-of-167,log.52000.tar
glst-002-of-167,log.52014.tar
glst-002-of-167,log.52015.tar
glst-002-of-167,log.52016.tar
glst-002-of-167,log.52017.tar
glst-002-of-167,log.52018.tar
glst-002-of-167,log.52019.tar
glst-002-of-167,log.52020.tar
glst-002-of-167,log.52021.tar
glst-002-of-167,log.52022.tar
glst-002-of-167,log.52023.tar
glst-002-of-167,log.52024.tar
glst-002-of-167,log.52025.tar
glst-002-of-167,log.52026.tar
glst-002-of-167,log.52027.tar
glst-002-of-167,log.52028.tar
glst-002-of-167,log.52029.tar
glst-002-of-167,log.52030.tar
glst-002-of-167,log.52040.tar
glst-002-of-167,log.52041.tar
glst-002-of-167,log.52042.tar
glst-002-of-167,log.52043.tar
glst-002-of-167,log.52044.tar
glst-002-of-167,log.52045.tar
glst-002-of-167,log.52046.tar
glst-002-of-167,log.52047.tar
glst-002-of-167,log.52048.tar
glst-002-of-167,log.52049.tar
glst-002-of-167,log.52050.tar
glst-002-of-167,log.52051.tar
glst-002-of-167,log.52052.tar
glst-002-of-167,log.52053.tar
glst-002-of-167,log.52054.tar
glst-002-of-167,log.52055.tar
glst-002-of-167,log.52056.tar
glst-002-of-167,log.52057.tar
glst-002-of-167,log.52058.tar
glst-002-of-167,log.52059.tar
glst-002-of-167,log.52071.tar
glst-002-of-167,log.52072.tar
glst-002-of-167,log.52073.tar
glst-002-of-167,log.52074.tar
glst-002-of-167,log.52075.tar
glst-002-of-167,log.52076.tar
glst-002-of-167,log.52077.tar
glst-002-of-167,log.52078.tar
glst-002-of-167,log.52079.tar
glst-002-of-167,log.52080.tar
glst-002-of-167,log.52081.tar
glst-002-of-167,log.52082.tar
glst-002-of-167,log.52083.tar
glst-002-of-167,log.52087.tar
glst-002-of-167,log.52088.tar
glst-002-of-167,log.52128.tar
glst-002-of-167,log.52129.tar
glst-002-of-167,log.52133.tar
glst-002-of-167,log.52134.tar
glst-002-of-167,log.52135.tar
glst-002-of-167,log.52136.tar
glst-002-of-167,log.52137.tar
glst-002-of-167,log.52138.tar
glst-002-of-167,log.52139.tar
glst-002-of-167,log.52140.tar
glst-002-of-167,log.52141.tar
glst-002-of-167,log.52142.tar
glst-003-of-167,log.52143.tar
glst-003-of-167,log.52144.tar
glst-003-of-167,log.52145.tar
glst-003-of-167,log.52146.tar
glst-003-of-167,log.52147.tar
glst-003-of-167,log.52148.tar
glst-003-of-167,log.52149.tar
glst-003-of-167,log.52151.tar
glst-003-of-167,log.52160.tar
glst-003-of-167,log.52161.tar
glst-003-of-167,log.52162.tar
glst-003-of-167,log.52163.tar
glst-003-of-167,log.52164.tar
glst-003-of-167,log.52168.tar
glst-003-of-167,log.52170.tar
glst-003-of-167,log.52171.tar
glst-003-of-167,log.52172.tar
glst-003-of-167,log.52173.tar
glst-003-of-167,log.52174.tar
glst-003-of-167,log.52175.tar
glst-003-of-167,log.52176.tar
glst-003-of-167,log.52177.tar
glst-003-of-167,log.52178.tar
glst-003-of-167,log.52179.tar
glst-003-of-167,log.52195.tar
glst-003-of-167,log.52196.tar
glst-003-of-167,log.52197.tar
glst-003-of-167,log.52198.tar
glst-003-of-167,log.52199.tar
glst-003-of-167,log.52200.tar
glst-003-of-167,log.52201.tar
glst-003-of-167,log.52202.tar
glst-003-of-167,log.52203.tar
glst-003-of-167,log.52204.tar
glst-003-of-167,log.52205.tar
glst-003-of-167,log.52206.tar
glst-003-of-167,log.52207.tar
glst-003-of-167,log.52208.tar
glst-003-of-167,log.52209.tar
glst-003-of-167,log.52210.tar
glst-003-of-167,log.52219.tar
glst-003-of-167,log.52220.tar
glst-003-of-167,log.52221.tar
glst-003-of-167,log.52224.tar
glst-003-of-167,log.52225.tar
glst-003-of-167,log.52226.tar
glst-003-of-167,log.52227.tar
glst-003-of-167,log.52228.tar
glst-003-of-167,log.52229.tar
glst-003-of-167,log.52230.tar
glst-003-of-167,log.52231.tar
glst-003-of-167,log.52232.tar
glst-003-of-167,log.52233.tar
glst-003-of-167,log.52234.tar
glst-003-of-167,log.52235.tar
glst-003-of-167,log.52236.tar
glst-003-of-167,log.52237.tar
glst-003-of-167,log.52238.tar
glst-003-of-167,log.52240.tar
glst-003-of-167,log.52247.tar
glst-003-of-167,log.52248.tar
glst-003-of-167,log.52249.tar
glst-003-of-167,log.52250.tar
glst-003-of-167,log.52251.tar
glst-003-of-167,log.52252.tar
glst-003-of-167,log.52253.tar
glst-003-of-167,log.52258.tar
glst-003-of-167,log.52261.tar
glst-003-of-167,log.52262.tar
glst-003-of-167,log.52263.tar
glst-003-of-167,log.52264.tar
glst-003-of-167,log.52265.tar
glst-003-of-167,log.52266.tar
glst-003-of-167,log.52280.tar
glst-003-of-167,log.52281.tar
glst-003-of-167,log.52282.tar
glst-003-of-167,log.52283.tar
glst-003-of-167,log.52284.tar
glst-003-of-167,log.52286.tar
glst-003-of-167,log.52287.tar
glst-003-of-167,log.52288.tar
glst-003-of-167,log.52289.tar
glst-003-of-167,log.52292.tar
glst-003-of-167,log.52293.tar
glst-003-of-167,log.52294.tar
glst-003-of-167,log.52295.tar
glst-003-of-167,log.52296.tar
glst-003-of-167,log.52297.tar
glst-003-of-167,log.52308.tar
glst-003-of-167,log.52311.tar
glst-003-of-167,log.52312.tar
glst-003-of-167,log.52313.tar
glst-004-of-167,log.52314.tar
glst-004-of-167,log.52315.tar
glst-004-of-167,log.52316.tar
glst-004-of-167,log.52317.tar
glst-004-of-167,log.52318.tar
glst-004-of-167,log.52319.tar
glst-004-of-167,log.52320.tar
glst-004-of-167,log.52322.tar
glst-004-of-167,log.52323.tar
glst-004-of-167,log.52324.tar
glst-004-of-167,log.52325.tar
glst-004-of-167,log.52326.tar
glst-004-of-167,log.52327.tar
glst-004-of-167,log.52335.tar
glst-004-of-167,log.52336.tar
glst-004-of-167,log.52337.tar
glst-004-of-167,log.52338.tar
glst-004-of-167,log.52339.tar
glst-004-of-167,log.52340.tar
glst-004-of-167,log.52341.tar
glst-004-of-167,log.52342.tar
glst-004-of-167,log.52343.tar
glst-004-of-167,log.52344.tar
glst-004-of-167,log.52345.tar
glst-004-of-167,log.52346.tar
glst-004-of-167,log.52347.tar
glst-004-of-167,log.52348.tar
glst-004-of-167,log.52349.tar
glst-004-of-167,log.52350.tar
glst-004-of-167,log.52351.tar
glst-004-of-167,log.52352.tar
glst-004-of-167,log.52353.tar
glst-004-of-167,log.52354.tar
glst-004-of-167,log.52355.tar
glst-004-of-167,log.52356.tar
glst-004-of-167,log.52357.tar
glst-004-of-167,log.52358.tar
glst-004-of-167,log.52359.tar
glst-004-of-167,log.52360.tar
glst-004-of-167,log.52361.tar
glst-004-of-167,log.52362.tar
glst-004-of-167,log.52363.tar
glst-004-of-167,log.52364.tar
glst-004-of-167,log.52365.tar
glst-004-of-167,log.52366.tar
glst-004-of-167,log.52367.tar
glst-004-of-167,log.52368.tar
glst-004-of-167,log.52369.tar
glst-004-of-167,log.52370.tar
glst-004-of-167,log.52371.tar
glst-004-of-167,log.52373.tar
glst-004-of-167,log.52374.tar
glst-004-of-167,log.52375.tar
glst-004-of-167,log.52376.tar
glst-004-of-167,log.52377.tar
glst-004-of-167,log.52378.tar
glst-004-of-167,log.52379.tar
glst-004-of-167,log.52380.tar
glst-004-of-167,log.52381.tar
glst-004-of-167,log.52383.tar
glst-004-of-167,log.52384.tar
glst-004-of-167,log.52385.tar
glst-004-of-167,log.52395.tar
glst-004-of-167,log.52397.tar
glst-004-of-167,log.52398.tar
glst-004-of-167,log.52399.tar
glst-004-of-167,log.52400.tar
glst-004-of-167,log.52401.tar
glst-004-of-167,log.52402.tar
glst-004-of-167,log.52403.tar
glst-004-of-167,log.52404.tar
glst-004-of-167,log.52405.tar
glst-004-of-167,log.52407.tar
glst-004-of-167,log.52408.tar
glst-004-of-167,log.52409.tar
glst-004-of-167,log.52410.tar
glst-004-of-167,log.52411.tar
glst-004-of-167,log.52412.tar
glst-004-of-167,log.52413.tar
glst-004-of-167,log.52414.tar
glst-004-of-167,log.52424.tar
glst-004-of-167,log.52425.tar
glst-004-of-167,log.52426.tar
glst-004-of-167,log.52427.tar
glst-004-of-167,log.52428.tar
glst-005-of-167,log.52430.tar
glst-005-of-167,log.52433.tar
glst-005-of-167,log.52434.tar
glst-005-of-167,log.52435.tar
glst-005-of-167,log.52438.tar
glst-005-of-167,log.52439.tar
glst-005-of-167,log.52441.tar
glst-005-of-167,log.52442.tar
glst-005-of-167,log.52443.tar
glst-005-of-167,log.52444.tar
glst-005-of-167,log.52457.tar
glst-005-of-167,log.52460.tar
glst-005-of-167,log.52465.tar
glst-005-of-167,log.52466.tar
glst-005-of-167,log.52468.tar
glst-005-of-167,log.52516.tar
glst-005-of-167,log.52517.tar
glst-005-of-167,log.52518.tar
glst-005-of-167,log.52519.tar
glst-005-of-167,log.52520.tar
glst-005-of-167,log.52521.tar
glst-005-of-167,log.52522.tar
glst-005-of-167,log.52523.tar
glst-005-of-167,log.52524.tar
glst-005-of-167,log.52525.tar
glst-005-of-167,log.52527.tar
glst-005-of-167,log.52531.tar
glst-005-of-167,log.52534.tar
glst-005-of-167,log.52551.tar
glst-005-of-167,log.52552.tar
glst-005-of-167,log.52553.tar
glst-005-of-167,log.52556.tar
glst-005-of-167,log.52557.tar
glst-005-of-167,log.52558.tar
glst-005-of-167,log.52559.tar
glst-005-of-167,log.52562.tar
glst-005-of-167,log.52574.tar
glst-005-of-167,log.52575.tar
glst-005-of-167,log.52576.tar
glst-005-of-167,log.52577.tar
glst-005-of-167,log.52578.tar
glst-005-of-167,log.52579.tar
glst-005-of-167,log.52581.tar
glst-005-of-167,log.52582.tar
glst-005-of-167,log.52583.tar
glst-005-of-167,log.52584.tar
glst-005-of-167,log.52585.tar
glst-005-of-167,log.52586.tar
glst-005-of-167,log.52589.tar
glst-005-of-167,log.52590.tar
glst-005-of-167,log.52591.tar
glst-005-of-167,log.52592.tar
glst-005-of-167,log.52603.tar
glst-005-of-167,log.52604.tar
glst-005-of-167,log.52605.tar
glst-005-of-167,log.52606.tar
glst-005-of-167,log.52614.tar
glst-005-of-167,log.52615.tar
glst-005-of-167,log.52616.tar
glst-005-of-167,log.52618.tar
glst-005-of-167,log.52619.tar
glst-005-of-167,log.52620.tar
glst-005-of-167,log.52621.tar
glst-005-of-167,log.52622.tar
glst-005-of-167,log.52629.tar
glst-005-of-167,log.52636.tar
glst-005-of-167,log.52637.tar
glst-005-of-167,log.52638.tar
glst-005-of-167,log.52639.tar
glst-005-of-167,log.52640.tar
glst-005-of-167,log.52641.tar
glst-005-of-167,log.52642.tar
glst-005-of-167,log.52643.tar
glst-005-of-167,log.52644.tar
glst-005-of-167,log.52645.tar
glst-005-of-167,log.52646.tar
glst-005-of-167,log.52647.tar
glst-005-of-167,log.52649.tar
glst-005-of-167,log.52650.tar
glst-005-of-167,log.52652.tar
glst-005-of-167,log.52662.tar
glst-005-of-167,log.52663.tar
glst-005-of-167,log.52664.tar
glst-005-of-167,log.52666.tar
glst-005-of-167,log.52667.tar
glst-005-of-167,log.52668.tar
glst-005-of-167,log.52669.tar
glst-005-of-167,log.52670.tar
glst-005-of-167,log.52671.tar
glst-005-of-167,log.52672.tar
glst-005-of-167,log.52673.tar
glst-005-of-167,log.52674.tar
glst-005-of-167,log.52675.tar
glst-005-of-167,log.52677.tar
glst-005-of-167,log.52681.tar
glst-005-of-167,log.52701.tar
glst-005-of-167,log.52703.tar
glst-005-of-167,log.52704.tar
glst-005-of-167,log.52705.tar
glst-005-of-167,log.52706.tar
glst-005-of-167,log.52707.tar
glst-005-of-167,log.52708.tar
glst-005-of-167,log.52709.tar
glst-005-of-167,log.52710.tar
glst-005-of-167,log.52713.tar
glst-005-of-167,log.52714.tar
glst-005-of-167,log.52721.tar
glst-005-of-167,log.52722.tar
glst-005-of-167,log.52723.tar
glst-005-of-167,log.52724.tar
glst-005-of-167,log.52725.tar
glst-005-of-167,log.52728.tar
glst-005-of-167,log.52729.tar
glst-005-of-167,log.52730.tar
glst-005-of-167,log.52731.tar
glst-005-of-167,log.52733.tar
glst-006-of-167,log.52734.tar
glst-006-of-167,log.52735.tar
glst-006-of-167,log.52736.tar
glst-006-of-167,log.52737.tar
glst-006-of-167,log.52738.tar
glst-006-of-167,log.52748.tar
glst-006-of-167,log.52749.tar
glst-006-of-167,log.52750.tar
glst-006-of-167,log.52751.tar
glst-006-of-167,log.52753.tar
glst-006-of-167,log.52754.tar
glst-006-of-167,log.52755.tar
glst-006-of-167,log.52756.tar
glst-006-of-167,log.52757.tar
glst-006-of-167,log.52758.tar
glst-006-of-167,log.52759.tar
glst-006-of-167,log.52760.tar
glst-006-of-167,log.52761.tar
glst-006-of-167,log.52762.tar
glst-006-of-167,log.52763.tar
glst-006-of-167,log.52764.tar
glst-006-of-167,log.52765.tar
glst-006-of-167,log.52766.tar
glst-006-of-167,log.52767.tar
glst-006-of-167,log.52778.tar
glst-006-of-167,log.52781.tar
glst-006-of-167,log.52782.tar
glst-006-of-167,log.52783.tar
glst-006-of-167,log.52784.tar
glst-006-of-167,log.52786.tar
glst-006-of-167,log.52787.tar
glst-006-of-167,log.52788.tar
glst-006-of-167,log.52789.tar
glst-006-of-167,log.52790.tar
glst-006-of-167,log.52791.tar
glst-006-of-167,log.52792.tar
glst-006-of-167,log.52793.tar
glst-006-of-167,log.52795.tar
glst-006-of-167,log.52797.tar
glst-006-of-167,log.52809.tar
glst-006-of-167,log.52811.tar
glst-006-of-167,log.52812.tar
glst-006-of-167,log.52813.tar
glst-006-of-167,log.52814.tar
glst-006-of-167,log.52815.tar
glst-006-of-167,log.52816.tar
glst-006-of-167,log.52817.tar
glst-006-of-167,log.52818.tar
glst-006-of-167,log.52819.tar
glst-006-of-167,log.52821.tar
glst-006-of-167,log.52822.tar
glst-006-of-167,log.52823.tar
glst-006-of-167,log.52824.tar
glst-006-of-167,log.52825.tar
glst-006-of-167,log.52826.tar
glst-006-of-167,log.52872.tar
glst-006-of-167,log.52873.tar
glst-006-of-167,log.52875.tar
glst-006-of-167,log.52876.tar
glst-006-of-167,log.52877.tar
glst-006-of-167,log.52878.tar
glst-006-of-167,log.52880.tar
glst-006-of-167,log.52882.tar
glst-006-of-167,log.52883.tar
glst-006-of-167,log.52884.tar
glst-006-of-167,log.52885.tar
glst-006-of-167,log.52886.tar
glst-006-of-167,log.52900.tar
glst-006-of-167,log.52901.tar
glst-006-of-167,log.52902.tar
glst-006-of-167,log.52903.tar
glst-006-of-167,log.52907.tar
glst-006-of-167,log.52908.tar
glst-006-of-167,log.52909.tar
glst-006-of-167,log.52910.tar
glst-006-of-167,log.52911.tar
glst-006-of-167,log.52912.tar
glst-006-of-167,log.52929.tar
glst-006-of-167,log.52930.tar
glst-006-of-167,log.52931.tar
glst-006-of-167,log.52932.tar
glst-006-of-167,log.52933.tar
glst-006-of-167,log.52934.tar
glst-006-of-167,log.52935.tar
glst-006-of-167,log.52936.tar
glst-006-of-167,log.52937.tar
glst-006-of-167,log.52939.tar
glst-006-of-167,log.52940.tar
glst-006-of-167,log.52941.tar
glst-006-of-167,log.52942.tar
glst-006-of-167,log.52943.tar
glst-006-of-167,log.52944.tar
glst-006-of-167,log.52945.tar
glst-006-of-167,log.52946.tar
glst-006-of-167,log.52959.tar
glst-006-of-167,log.52962.tar
glst-006-of-167,log.52963.tar
glst-006-of-167,log.52964.tar
glst-006-of-167,log.52965.tar
glst-006-of-167,log.52967.tar
glst-006-of-167,log.52968.tar
glst-006-of-167,log.52970.tar
glst-006-of-167,log.52971.tar
glst-006-of-167,log.52972.tar
glst-006-of-167,log.52973.tar
glst-006-of-167,log.52974.tar
glst-006-of-167,log.52975.tar
glst-006-of-167,log.52976.tar
glst-006-of-167,log.52987.tar
glst-006-of-167,log.52989.tar
glst-006-of-167,log.52990.tar
glst-006-of-167,log.52992.tar
glst-006-of-167,log.52993.tar
glst-006-of-167,log.52994.tar
glst-006-of-167,log.52995.tar
glst-006-of-167,log.52996.tar
glst-006-of-167,log.52997.tar
glst-006-of-167,log.52998.tar
glst-006-of-167,log.52999.tar
glst-006-of-167,log.53003.tar
glst-006-of-167,log.53018.tar
glst-006-of-167,log.53024.tar
glst-006-of-167,log.53027.tar
glst-006-of-167,log.53028.tar
glst-007-of-167,log.53032.tar
glst-007-of-167,log.53033.tar
glst-007-of-167,log.53034.tar
glst-007-of-167,log.53035.tar
glst-007-of-167,log.53046.tar
glst-007-of-167,log.53047.tar
glst-007-of-167,log.53050.tar
glst-007-of-167,log.53051.tar
glst-007-of-167,log.53052.tar
glst-007-of-167,log.53053.tar
glst-007-of-167,log.53055.tar
glst-007-of-167,log.53061.tar
glst-007-of-167,log.53062.tar
glst-007-of-167,log.53063.tar
glst-007-of-167,log.53075.tar
glst-007-of-167,log.53080.tar
glst-007-of-167,log.53081.tar
glst-007-of-167,log.53082.tar
glst-007-of-167,log.53083.tar
glst-007-of-167,log.53084.tar
glst-007-of-167,log.53086.tar
glst-007-of-167,log.53088.tar
glst-007-of-167,log.53089.tar
glst-007-of-167,log.53091.tar
glst-007-of-167,log.53104.tar
glst-007-of-167,log.53108.tar
glst-007-of-167,log.53109.tar
glst-007-of-167,log.53110.tar
glst-007-of-167,log.53111.tar
glst-007-of-167,log.53112.tar
glst-007-of-167,log.53115.tar
glst-007-of-167,log.53116.tar
glst-007-of-167,log.53117.tar
glst-007-of-167,log.53118.tar
glst-007-of-167,log.53119.tar
glst-007-of-167,log.53120.tar
glst-007-of-167,log.53121.tar
glst-007-of-167,log.53134.tar
glst-007-of-167,log.53135.tar
glst-007-of-167,log.53137.tar
glst-007-of-167,log.53138.tar
glst-007-of-167,log.53139.tar
glst-007-of-167,log.53140.tar
glst-007-of-167,log.53141.tar
glst-007-of-167,log.53142.tar
glst-007-of-167,log.53143.tar
glst-007-of-167,log.53144.tar
glst-007-of-167,log.53145.tar
glst-007-of-167,log.53146.tar
glst-007-of-167,log.53147.tar
glst-007-of-167,log.53148.tar
glst-007-of-167,log.53149.tar
glst-007-of-167,log.53166.tar
glst-007-of-167,log.53167.tar
glst-007-of-167,log.53168.tar
glst-007-of-167,log.53169.tar
glst-007-of-167,log.53170.tar
glst-007-of-167,log.53171.tar
glst-007-of-167,log.53172.tar
glst-007-of-167,log.53173.tar
glst-007-of-167,log.53174.tar
glst-007-of-167,log.53175.tar
glst-007-of-167,log.53177.tar
glst-007-of-167,log.53178.tar
glst-007-of-167,log.53179.tar
glst-007-of-167,log.53180.tar
glst-007-of-167,log.53182.tar
glst-007-of-167,log.53224.tar
glst-007-of-167,log.53226.tar
glst-007-of-167,log.53227.tar
glst-007-of-167,log.53228.tar
glst-007-of-167,log.53229.tar
glst-007-of-167,log.53230.tar
glst-007-of-167,log.53237.tar
glst-007-of-167,log.53238.tar
glst-007-of-167,log.53239.tar
glst-007-of-167,log.53240.tar
glst-007-of-167,log.53241.tar
glst-007-of-167,log.53242.tar
glst-007-of-167,log.53243.tar
glst-007-of-167,log.53260.tar
glst-007-of-167,log.53261.tar
glst-007-of-167,log.53262.tar
glst-007-of-167,log.53263.tar
glst-007-of-167,log.53264.tar
glst-007-of-167,log.53265.tar
glst-007-of-167,log.53269.tar
glst-007-of-167,log.53270.tar
glst-007-of-167,log.53271.tar
glst-007-of-167,log.53272.tar
glst-007-of-167,log.53286.tar
glst-007-of-167,log.53287.tar
glst-007-of-167,log.53288.tar
glst-007-of-167,log.53289.tar
glst-007-of-167,log.53291.tar
glst-007-of-167,log.53293.tar
glst-007-of-167,log.53294.tar
glst-007-of-167,log.53295.tar
glst-007-of-167,log.53296.tar
glst-007-of-167,log.53297.tar
glst-007-of-167,log.53298.tar
glst-007-of-167,log.53299.tar
glst-007-of-167,log.53301.tar
glst-007-of-167,log.53302.tar
glst-007-of-167,log.53310.tar
glst-007-of-167,log.53312.tar
glst-007-of-167,log.53313.tar
glst-007-of-167,log.53314.tar
glst-007-of-167,log.53315.tar
glst-007-of-167,log.53316.tar
glst-007-of-167,log.53317.tar
glst-007-of-167,log.53318.tar
glst-007-of-167,log.53319.tar
glst-008-of-167,log.53320.tar
glst-008-of-167,log.53321.tar
glst-008-of-167,log.53327.tar
glst-008-of-167,log.53330.tar
glst-008-of-167,log.53341.tar
glst-008-of-167,log.53342.tar
glst-008-of-167,log.53347.tar
glst-008-of-167,log.53348.tar
glst-008-of-167,log.53349.tar
glst-008-of-167,log.53350.tar
glst-008-of-167,log.53351.tar
glst-008-of-167,log.53352.tar
glst-008-of-167,log.53353.tar
glst-008-of-167,log.53354.tar
glst-008-of-167,log.53355.tar
glst-008-of-167,log.53357.tar
glst-008-of-167,log.53358.tar
glst-008-of-167,log.53359.tar
glst-008-of-167,log.53360.tar
glst-008-of-167,log.53371.tar
glst-008-of-167,log.53376.tar
glst-008-of-167,log.53377.tar
glst-008-of-167,log.53378.tar
glst-008-of-167,log.53379.tar
glst-008-of-167,log.53380.tar
glst-008-of-167,log.53381.tar
glst-008-of-167,log.53383.tar
glst-008-of-167,log.53384.tar
glst-008-of-167,log.53385.tar
glst-008-of-167,log.53386.tar
glst-008-of-167,log.53387.tar
glst-008-of-167,log.53388.tar
glst-008-of-167,log.53389.tar
glst-008-of-167,log.53401.tar
glst-008-of-167,log.53405.tar
glst-008-of-167,log.53415.tar
glst-008-of-167,log.53429.tar
glst-008-of-167,log.53430.tar
glst-008-of-167,log.53431.tar
glst-008-of-167,log.53432.tar
glst-008-of-167,log.53433.tar
glst-008-of-167,log.53436.tar
glst-008-of-167,log.53437.tar
glst-008-of-167,log.53438.tar
glst-008-of-167,log.53439.tar
glst-008-of-167,log.53440.tar
glst-008-of-167,log.53441.tar
glst-008-of-167,log.53442.tar
glst-008-of-167,log.53443.tar
glst-008-of-167,log.53446.tar
glst-008-of-167,log.53447.tar
glst-008-of-167,log.53460.tar
glst-008-of-167,log.53461.tar
glst-008-of-167,log.53462.tar
glst-008-of-167,log.53463.tar
glst-008-of-167,log.53464.tar
glst-008-of-167,log.53465.tar
glst-008-of-167,log.53466.tar
glst-008-of-167,log.53467.tar
glst-008-of-167,log.53468.tar
glst-008-of-167,log.53469.tar
glst-008-of-167,log.53470.tar
glst-008-of-167,log.53471.tar
glst-008-of-167,log.53472.tar
glst-008-of-167,log.53473.tar
glst-008-of-167,log.53474.tar
glst-008-of-167,log.53475.tar
glst-008-of-167,log.53476.tar
glst-008-of-167,log.53488.tar
glst-008-of-167,log.53491.tar
glst-008-of-167,log.53492.tar
glst-008-of-167,log.53493.tar
glst-008-of-167,log.53494.tar
glst-008-of-167,log.53495.tar
glst-008-of-167,log.53496.tar
glst-008-of-167,log.53498.tar
glst-008-of-167,log.53499.tar
glst-008-of-167,log.53500.tar
glst-008-of-167,log.53501.tar
glst-008-of-167,log.53502.tar
glst-008-of-167,log.53503.tar
glst-008-of-167,log.53504.tar
glst-008-of-167,log.53520.tar
glst-008-of-167,log.53521.tar
glst-008-of-167,log.53522.tar
glst-008-of-167,log.53523.tar
glst-008-of-167,log.53524.tar
glst-008-of-167,log.53525.tar
glst-008-of-167,log.53526.tar
glst-008-of-167,log.53527.tar
glst-008-of-167,log.53528.tar
glst-008-of-167,log.53529.tar
glst-008-of-167,log.53530.tar
glst-008-of-167,log.53531.tar
glst-008-of-167,log.53532.tar
glst-008-of-167,log.53533.tar
glst-008-of-167,log.53534.tar
glst-008-of-167,log.53535.tar
glst-008-of-167,log.53536.tar
glst-008-of-167,log.53555.tar
glst-008-of-167,log.53556.tar
glst-008-of-167,log.53557.tar
glst-008-of-167,log.53558.tar
glst-008-of-167,log.53562.tar
glst-008-of-167,log.53563.tar
glst-008-of-167,log.53564.tar
glst-008-of-167,log.53565.tar
glst-008-of-167,log.53566.tar
glst-009-of-167,spectro.51437.tar
glst-009-of-167,spectro.51454.tar
glst-009-of-167,spectro.51457.tar
glst-009-of-167,spectro.51461.tar
glst-009-of-167,spectro.51462.tar
glst-009-of-167,spectro.51467.tar
glst-009-of-167,spectro.51569.tar
glst-010-of-167,spectro.51581.tar
glst-010-of-167,spectro.51582.tar
glst-010-of-167,spectro.51583.tar
glst-010-of-167,spectro.51584.tar
glst-010-of-167,spectro.51585.tar
glst-010-of-167,spectro.51588.tar
glst-010-of-167,spectro.51589.tar
glst-011-of-167,spectro.51590.tar
glst-011-of-167,spectro.51602.tar
glst-011-of-167,spectro.51606.tar
glst-011-of-167,spectro.51607.tar
glst-011-of-167,spectro.51608.tar
glst-011-of-167,spectro.51609.tar
glst-012-of-167,spectro.51612.tar
glst-012-of-167,spectro.51613.tar
glst-012-of-167,spectro.51614.tar
glst-012-of-167,spectro.51615.tar
glst-013-of-167,spectro.51620.tar
glst-013-of-167,spectro.51629.tar
glst-013-of-167,spectro.51630.tar
glst-013-of-167,spectro.51633.tar
glst-013-of-167,spectro.51637.tar
glst-013-of-167,spectro.51638.tar
glst-013-of-167,spectro.51639.tar
glst-013-of-167,spectro.51640.tar
glst-013-of-167,spectro.51641.tar
glst-013-of-167,spectro.51658.tar
glst-013-of-167,spectro.51659.tar
glst-013-of-167,spectro.51660.tar
glst-013-of-167,spectro.51661.tar
glst-014-of-167,spectro.51662.tar
glst-014-of-167,spectro.51663.tar
glst-014-of-167,spectro.51665.tar
glst-015-of-167,spectro.51666.tar
glst-015-of-167,spectro.51669.tar
glst-015-of-167,spectro.51670.tar
glst-015-of-167,spectro.51671.tar
glst-015-of-167,spectro.51673.tar
glst-015-of-167,spectro.51674.tar
glst-015-of-167,spectro.51675.tar
glst-015-of-167,spectro.51688.tar
glst-015-of-167,spectro.51689.tar
glst-016-of-167,spectro.51690.tar
glst-016-of-167,spectro.51691.tar
glst-016-of-167,spectro.51692.tar
glst-016-of-167,spectro.51693.tar
glst-017-of-167,spectro.51694.tar
glst-017-of-167,spectro.51695.tar
glst-017-of-167,spectro.51696.tar
glst-017-of-167,spectro.51699.tar
glst-017-of-167,spectro.51700.tar
glst-017-of-167,spectro.51701.tar
glst-018-of-167,spectro.51703.tar
glst-018-of-167,spectro.51779.tar
glst-018-of-167,spectro.51790.tar
glst-018-of-167,spectro.51791.tar
glst-018-of-167,spectro.51792.tar
glst-018-of-167,spectro.51809.tar
glst-019-of-167,spectro.51810.tar
glst-019-of-167,spectro.51813.tar
glst-019-of-167,spectro.51814.tar
glst-019-of-167,spectro.51816.tar
glst-019-of-167,spectro.51817.tar
glst-019-of-167,spectro.51818.tar
glst-019-of-167,spectro.51819.tar
glst-020-of-167,spectro.51820.tar
glst-020-of-167,spectro.51821.tar
glst-020-of-167,spectro.51866.tar
glst-020-of-167,spectro.51868.tar
glst-021-of-167,spectro.51869.tar
glst-021-of-167,spectro.51871.tar
glst-021-of-167,spectro.51873.tar
glst-022-of-167,spectro.51876.tar
glst-022-of-167,spectro.51877.tar
glst-022-of-167,spectro.51878.tar
glst-023-of-167,spectro.51879.tar
glst-023-of-167,spectro.51882.tar
glst-023-of-167,spectro.51883.tar
glst-024-of-167,spectro.51884.tar
glst-024-of-167,spectro.51885.tar
glst-024-of-167,spectro.51886.tar
glst-025-of-167,spectro.51893.tar
glst-025-of-167,spectro.51898.tar
glst-025-of-167,spectro.51899.tar
glst-026-of-167,spectro.51900.tar
glst-026-of-167,spectro.51901.tar
glst-026-of-167,spectro.51902.tar
glst-026-of-167,spectro.51903.tar
glst-027-of-167,spectro.51907.tar
glst-027-of-167,spectro.51923.tar
glst-027-of-167,spectro.51924.tar
glst-027-of-167,spectro.51925.tar
glst-027-of-167,spectro.51928.tar
glst-028-of-167,spectro.51929.tar
glst-028-of-167,spectro.51930.tar
glst-028-of-167,spectro.51931.tar
glst-028-of-167,spectro.51934.tar
glst-028-of-167,spectro.51935.tar
glst-028-of-167,spectro.51936.tar
glst-028-of-167,spectro.51937.tar
glst-029-of-167,spectro.51941.tar
glst-029-of-167,spectro.51942.tar
glst-029-of-167,spectro.51943.tar
glst-029-of-167,spectro.51950.tar
glst-030-of-167,spectro.51955.tar
glst-030-of-167,spectro.51957.tar
glst-030-of-167,spectro.51959.tar
glst-030-of-167,spectro.51965.tar
glst-031-of-167,spectro.51973.tar
glst-031-of-167,spectro.51980.tar
glst-031-of-167,spectro.51981.tar
glst-031-of-167,spectro.51982.tar
glst-031-of-167,spectro.51984.tar
glst-031-of-167,spectro.51985.tar
glst-032-of-167,spectro.51986.tar
glst-032-of-167,spectro.51987.tar
glst-032-of-167,spectro.51988.tar
glst-032-of-167,spectro.51989.tar
glst-032-of-167,spectro.51990.tar
glst-032-of-167,spectro.51991.tar
glst-033-of-167,spectro.51992.tar
glst-033-of-167,spectro.51993.tar
glst-033-of-167,spectro.51994.tar
glst-033-of-167,spectro.51996.tar
glst-033-of-167,spectro.51997.tar
glst-034-of-167,spectro.51999.tar
glst-034-of-167,spectro.52000.tar
glst-034-of-167,spectro.52017.tar
glst-035-of-167,spectro.52018.tar
glst-035-of-167,spectro.52020.tar
glst-035-of-167,spectro.52022.tar
glst-035-of-167,spectro.52023.tar
glst-035-of-167,spectro.52024.tar
glst-035-of-167,spectro.52025.tar
glst-036-of-167,spectro.52026.tar
glst-036-of-167,spectro.52027.tar
glst-036-of-167,spectro.52028.tar
glst-036-of-167,spectro.52029.tar
glst-036-of-167,spectro.52030.tar
glst-036-of-167,spectro.52040.tar
glst-037-of-167,spectro.52045.tar
glst-037-of-167,spectro.52046.tar
glst-037-of-167,spectro.52049.tar
glst-037-of-167,spectro.52050.tar
glst-037-of-167,spectro.52051.tar
glst-037-of-167,spectro.52052.tar
glst-037-of-167,spectro.52053.tar
glst-037-of-167,spectro.52054.tar
glst-037-of-167,spectro.52055.tar
glst-038-of-167,spectro.52056.tar
glst-038-of-167,spectro.52057.tar
glst-038-of-167,spectro.52059.tar
glst-038-of-167,spectro.52071.tar
glst-038-of-167,spectro.52072.tar
glst-038-of-167,spectro.52075.tar
glst-038-of-167,spectro.52076.tar
glst-038-of-167,spectro.52077.tar
glst-038-of-167,spectro.52078.tar
glst-039-of-167,spectro.52079.tar
glst-039-of-167,spectro.52081.tar
glst-039-of-167,spectro.52083.tar
glst-039-of-167,spectro.52129.tar
glst-039-of-167,spectro.52137.tar
glst-039-of-167,spectro.52138.tar
glst-039-of-167,spectro.52140.tar
glst-039-of-167,spectro.52141.tar
glst-040-of-167,spectro.52143.tar
glst-040-of-167,spectro.52144.tar
glst-040-of-167,spectro.52145.tar
glst-040-of-167,spectro.52146.tar
glst-040-of-167,spectro.52147.tar
glst-041-of-167,spectro.52148.tar
glst-041-of-167,spectro.52149.tar
glst-041-of-167,spectro.52161.tar
glst-041-of-167,spectro.52162.tar
glst-041-of-167,spectro.52163.tar
glst-042-of-167,spectro.52164.tar
glst-042-of-167,spectro.52168.tar
glst-042-of-167,spectro.52171.tar
glst-042-of-167,spectro.52172.tar
glst-042-of-167,spectro.52173.tar
glst-042-of-167,spectro.52175.tar
glst-042-of-167,spectro.52176.tar
glst-042-of-167,spectro.52177.tar
glst-043-of-167,spectro.52178.tar
glst-043-of-167,spectro.52179.tar
glst-043-of-167,spectro.52196.tar
glst-043-of-167,spectro.52198.tar
glst-043-of-167,spectro.52199.tar
glst-044-of-167,spectro.52200.tar
glst-044-of-167,spectro.52201.tar
glst-044-of-167,spectro.52202.tar
glst-044-of-167,spectro.52204.tar
glst-045-of-167,spectro.52205.tar
glst-045-of-167,spectro.52206.tar
glst-045-of-167,spectro.52207.tar
glst-045-of-167,spectro.52208.tar
glst-046-of-167,spectro.52209.tar
glst-046-of-167,spectro.52210.tar
glst-046-of-167,spectro.52220.tar
glst-046-of-167,spectro.52221.tar
glst-046-of-167,spectro.52224.tar
glst-046-of-167,spectro.52225.tar
glst-047-of-167,spectro.52226.tar
glst-047-of-167,spectro.52228.tar
glst-047-of-167,spectro.52229.tar
glst-047-of-167,spectro.52231.tar
glst-047-of-167,spectro.52232.tar
glst-047-of-167,spectro.52233.tar
glst-047-of-167,spectro.52234.tar
glst-048-of-167,spectro.52235.tar
glst-048-of-167,spectro.52237.tar
glst-048-of-167,spectro.52238.tar
glst-048-of-167,spectro.52247.tar
glst-049-of-167,spectro.52248.tar
glst-049-of-167,spectro.52250.tar
glst-049-of-167,spectro.52251.tar
glst-049-of-167,spectro.52252.tar
glst-049-of-167,spectro.52253.tar
glst-049-of-167,spectro.52258.tar
glst-050-of-167,spectro.52261.tar
glst-050-of-167,spectro.52262.tar
glst-050-of-167,spectro.52263.tar
glst-050-of-167,spectro.52264.tar
glst-050-of-167,spectro.52265.tar
glst-050-of-167,spectro.52266.tar
glst-051-of-167,spectro.52281.tar
glst-051-of-167,spectro.52282.tar
glst-051-of-167,spectro.52283.tar
glst-051-of-167,spectro.52284.tar
glst-051-of-167,spectro.52286.tar
glst-051-of-167,spectro.52288.tar
glst-052-of-167,spectro.52289.tar
glst-052-of-167,spectro.52293.tar
glst-052-of-167,spectro.52294.tar
glst-052-of-167,spectro.52295.tar
glst-053-of-167,spectro.52296.tar
glst-053-of-167,spectro.52297.tar
glst-053-of-167,spectro.52312.tar
glst-053-of-167,spectro.52313.tar
glst-053-of-167,spectro.52314.tar
glst-053-of-167,spectro.52315.tar
glst-054-of-167,spectro.52316.tar
glst-054-of-167,spectro.52317.tar
glst-054-of-167,spectro.52318.tar
glst-055-of-167,spectro.52319.tar
glst-055-of-167,spectro.52320.tar
glst-055-of-167,spectro.52323.tar
glst-055-of-167,spectro.52325.tar
glst-056-of-167,spectro.52326.tar
glst-056-of-167,spectro.52327.tar
glst-056-of-167,spectro.52337.tar
glst-057-of-167,spectro.52338.tar
glst-057-of-167,spectro.52339.tar
glst-057-of-167,spectro.52342.tar
glst-057-of-167,spectro.52343.tar
glst-057-of-167,spectro.52345.tar
glst-057-of-167,spectro.52346.tar
glst-058-of-167,spectro.52347.tar
glst-058-of-167,spectro.52352.tar
glst-058-of-167,spectro.52353.tar
glst-058-of-167,spectro.52354.tar
glst-058-of-167,spectro.52355.tar
glst-058-of-167,spectro.52356.tar
glst-059-of-167,spectro.52365.tar
glst-059-of-167,spectro.52366.tar
glst-059-of-167,spectro.52367.tar
glst-059-of-167,spectro.52368.tar
glst-060-of-167,spectro.52370.tar
glst-060-of-167,spectro.52374.tar
glst-060-of-167,spectro.52375.tar
glst-061-of-167,spectro.52376.tar
glst-061-of-167,spectro.52377.tar
glst-061-of-167,spectro.52378.tar
glst-062-of-167,spectro.52379.tar
glst-062-of-167,spectro.52381.tar
glst-062-of-167,spectro.52384.tar
glst-062-of-167,spectro.52385.tar
glst-062-of-167,spectro.52395.tar
glst-062-of-167,spectro.52397.tar
glst-062-of-167,spectro.52398.tar
glst-063-of-167,spectro.52399.tar
glst-063-of-167,spectro.52400.tar
glst-063-of-167,spectro.52401.tar
glst-063-of-167,spectro.52404.tar
glst-064-of-167,spectro.52405.tar
glst-064-of-167,spectro.52407.tar
glst-064-of-167,spectro.52408.tar
glst-064-of-167,spectro.52409.tar
glst-065-of-167,spectro.52410.tar
glst-065-of-167,spectro.52411.tar
glst-065-of-167,spectro.52412.tar
glst-065-of-167,spectro.52413.tar
glst-065-of-167,spectro.52424.tar
glst-066-of-167,spectro.52425.tar
glst-066-of-167,spectro.52426.tar
glst-066-of-167,spectro.52427.tar
glst-066-of-167,spectro.52428.tar
glst-066-of-167,spectro.52430.tar
glst-067-of-167,spectro.52433.tar
glst-067-of-167,spectro.52434.tar
glst-067-of-167,spectro.52435.tar
glst-067-of-167,spectro.52438.tar
glst-067-of-167,spectro.52439.tar
glst-067-of-167,spectro.52441.tar
glst-067-of-167,spectro.52442.tar
glst-068-of-167,spectro.52443.tar
glst-068-of-167,spectro.52444.tar
glst-068-of-167,spectro.52457.tar
glst-068-of-167,spectro.52460.tar
glst-068-of-167,spectro.52465.tar
glst-068-of-167,spectro.52466.tar
glst-069-of-167,spectro.52468.tar
glst-069-of-167,spectro.52516.tar
glst-069-of-167,spectro.52518.tar
glst-069-of-167,spectro.52519.tar
glst-069-of-167,spectro.52520.tar
glst-070-of-167,spectro.52521.tar
glst-070-of-167,spectro.52522.tar
glst-070-of-167,spectro.52523.tar
glst-070-of-167,spectro.52524.tar
glst-071-of-167,spectro.52525.tar
glst-071-of-167,spectro.52527.tar
glst-071-of-167,spectro.52531.tar
glst-071-of-167,spectro.52534.tar
glst-071-of-167,spectro.52551.tar
glst-071-of-167,spectro.52552.tar
glst-071-of-167,spectro.52553.tar
glst-072-of-167,spectro.52556.tar
glst-072-of-167,spectro.52557.tar
glst-072-of-167,spectro.52558.tar
glst-072-of-167,spectro.52559.tar
glst-072-of-167,spectro.52562.tar
glst-072-of-167,spectro.52576.tar
glst-072-of-167,spectro.52577.tar
glst-072-of-167,spectro.52578.tar
glst-073-of-167,spectro.52579.tar
glst-073-of-167,spectro.52581.tar
glst-073-of-167,spectro.52582.tar
glst-073-of-167,spectro.52583.tar
glst-073-of-167,spectro.52584.tar
glst-073-of-167,spectro.52585.tar
glst-073-of-167,spectro.52586.tar
glst-073-of-167,spectro.52589.tar
glst-074-of-167,spectro.52590.tar
glst-074-of-167,spectro.52591.tar
glst-074-of-167,spectro.52592.tar
glst-074-of-167,spectro.52604.tar
glst-074-of-167,spectro.52605.tar
glst-075-of-167,spectro.52606.tar
glst-075-of-167,spectro.52614.tar
glst-075-of-167,spectro.52615.tar
glst-075-of-167,spectro.52616.tar
glst-076-of-167,spectro.52618.tar
glst-076-of-167,spectro.52619.tar
glst-076-of-167,spectro.52620.tar
glst-077-of-167,spectro.52621.tar
glst-077-of-167,spectro.52622.tar
glst-077-of-167,spectro.52636.tar
glst-077-of-167,spectro.52637.tar
glst-077-of-167,spectro.52638.tar
glst-077-of-167,spectro.52639.tar
glst-078-of-167,spectro.52641.tar
glst-078-of-167,spectro.52642.tar
glst-079-of-167,spectro.52643.tar
glst-079-of-167,spectro.52644.tar
glst-079-of-167,spectro.52645.tar
glst-079-of-167,spectro.52646.tar
glst-080-of-167,spectro.52647.tar
glst-080-of-167,spectro.52649.tar
glst-080-of-167,spectro.52650.tar
glst-080-of-167,spectro.52652.tar
glst-080-of-167,spectro.52662.tar
glst-081-of-167,spectro.52663.tar
glst-081-of-167,spectro.52666.tar
glst-081-of-167,spectro.52668.tar
glst-081-of-167,spectro.52669.tar
glst-082-of-167,spectro.52670.tar
glst-082-of-167,spectro.52672.tar
glst-082-of-167,spectro.52673.tar
glst-083-of-167,spectro.52674.tar
glst-083-of-167,spectro.52675.tar
glst-083-of-167,spectro.52677.tar
glst-083-of-167,spectro.52681.tar
glst-083-of-167,spectro.52701.tar
glst-084-of-167,spectro.52703.tar
glst-084-of-167,spectro.52705.tar
glst-084-of-167,spectro.52706.tar
glst-085-of-167,spectro.52707.tar
glst-085-of-167,spectro.52708.tar
glst-085-of-167,spectro.52709.tar
glst-085-of-167,spectro.52710.tar
glst-085-of-167,spectro.52713.tar
glst-086-of-167,spectro.52721.tar
glst-086-of-167,spectro.52722.tar
glst-086-of-167,spectro.52723.tar
glst-086-of-167,spectro.52724.tar
glst-086-of-167,spectro.52725.tar
glst-087-of-167,spectro.52728.tar
glst-087-of-167,spectro.52731.tar
glst-087-of-167,spectro.52733.tar
glst-088-of-167,spectro.52734.tar
glst-088-of-167,spectro.52735.tar
glst-088-of-167,spectro.52736.tar
glst-088-of-167,spectro.52737.tar
glst-089-of-167,spectro.52738.tar
glst-089-of-167,spectro.52749.tar
glst-089-of-167,spectro.52750.tar
glst-089-of-167,spectro.52751.tar
glst-089-of-167,spectro.52753.tar
glst-089-of-167,spectro.52756.tar
glst-089-of-167,spectro.52757.tar
glst-089-of-167,spectro.52758.tar
glst-090-of-167,spectro.52759.tar
glst-090-of-167,spectro.52760.tar
glst-090-of-167,spectro.52761.tar
glst-090-of-167,spectro.52762.tar
glst-090-of-167,spectro.52763.tar
glst-091-of-167,spectro.52764.tar
glst-091-of-167,spectro.52765.tar
glst-091-of-167,spectro.52766.tar
glst-091-of-167,spectro.52767.tar
glst-091-of-167,spectro.52778.tar
glst-092-of-167,spectro.52781.tar
glst-092-of-167,spectro.52782.tar
glst-092-of-167,spectro.52783.tar
glst-092-of-167,spectro.52784.tar
glst-092-of-167,spectro.52786.tar
glst-092-of-167,spectro.52787.tar
glst-092-of-167,spectro.52788.tar
glst-092-of-167,spectro.52789.tar
glst-093-of-167,spectro.52790.tar
glst-093-of-167,spectro.52791.tar
glst-093-of-167,spectro.52792.tar
glst-093-of-167,spectro.52793.tar
glst-093-of-167,spectro.52795.tar
glst-094-of-167,spectro.52797.tar
glst-094-of-167,spectro.52809.tar
glst-094-of-167,spectro.52811.tar
glst-094-of-167,spectro.52812.tar
glst-094-of-167,spectro.52813.tar
glst-094-of-167,spectro.52814.tar
glst-094-of-167,spectro.52815.tar
glst-094-of-167,spectro.52816.tar
glst-094-of-167,spectro.52817.tar
glst-095-of-167,spectro.52818.tar
glst-095-of-167,spectro.52819.tar
glst-095-of-167,spectro.52821.tar
glst-095-of-167,spectro.52822.tar
glst-095-of-167,spectro.52823.tar
glst-096-of-167,spectro.52824.tar
glst-096-of-167,spectro.52825.tar
glst-096-of-167,spectro.52826.tar
glst-096-of-167,spectro.52872.tar
glst-096-of-167,spectro.52873.tar
glst-096-of-167,spectro.52875.tar
glst-097-of-167,spectro.52876.tar
glst-097-of-167,spectro.52877.tar
glst-097-of-167,spectro.52878.tar
glst-097-of-167,spectro.52880.tar
glst-097-of-167,spectro.52882.tar
glst-097-of-167,spectro.52883.tar
glst-097-of-167,spectro.52884.tar
glst-098-of-167,spectro.52885.tar
glst-098-of-167,spectro.52886.tar
glst-098-of-167,spectro.52901.tar
glst-098-of-167,spectro.52902.tar
glst-098-of-167,spectro.52903.tar
glst-098-of-167,spectro.52907.tar
glst-099-of-167,spectro.52908.tar
glst-099-of-167,spectro.52910.tar
glst-099-of-167,spectro.52911.tar
glst-099-of-167,spectro.52912.tar
glst-099-of-167,spectro.52929.tar
glst-099-of-167,spectro.52930.tar
glst-099-of-167,spectro.52931.tar
glst-100-of-167,spectro.52932.tar
glst-100-of-167,spectro.52933.tar
glst-100-of-167,spectro.52934.tar
glst-101-of-167,spectro.52937.tar
glst-101-of-167,spectro.52939.tar
glst-101-of-167,spectro.52940.tar
glst-101-of-167,spectro.52941.tar
glst-102-of-167,spectro.52942.tar
glst-102-of-167,spectro.52943.tar
glst-102-of-167,spectro.52944.tar
glst-102-of-167,spectro.52945.tar
glst-103-of-167,spectro.52946.tar
glst-103-of-167,spectro.52959.tar
glst-103-of-167,spectro.52962.tar
glst-103-of-167,spectro.52963.tar
glst-103-of-167,spectro.52964.tar
glst-104-of-167,spectro.52965.tar
glst-104-of-167,spectro.52968.tar
glst-104-of-167,spectro.52970.tar
glst-104-of-167,spectro.52971.tar
glst-105-of-167,spectro.52972.tar
glst-105-of-167,spectro.52973.tar
glst-105-of-167,spectro.52974.tar
glst-106-of-167,spectro.52975.tar
glst-106-of-167,spectro.52976.tar
glst-106-of-167,spectro.52987.tar
glst-106-of-167,spectro.52989.tar
glst-106-of-167,spectro.52990.tar
glst-106-of-167,spectro.52990.tar-0
glst-107-of-167,spectro.52992.tar
glst-107-of-167,spectro.52993.tar
glst-107-of-167,spectro.52994.tar
glst-108-of-167,spectro.52995.tar
glst-108-of-167,spectro.52996.tar
glst-108-of-167,spectro.52997.tar
glst-108-of-167,spectro.52998.tar
glst-109-of-167,spectro.52999.tar
glst-109-of-167,spectro.53003.tar
glst-109-of-167,spectro.53018.tar
glst-110-of-167,spectro.53024.tar
glst-110-of-167,spectro.53027.tar
glst-110-of-167,spectro.53028.tar
glst-110-of-167,spectro.53032.tar
glst-110-of-167,spectro.53033.tar
glst-110-of-167,spectro.53034.tar
glst-111-of-167,spectro.53035.tar
glst-111-of-167,spectro.53046.tar
glst-111-of-167,spectro.53047.tar
glst-111-of-167,spectro.53050.tar
glst-112-of-167,spectro.53051.tar
glst-112-of-167,spectro.53052.tar
glst-112-of-167,spectro.53053.tar
glst-112-of-167,spectro.53055.tar
glst-113-of-167,spectro.53061.tar
glst-113-of-167,spectro.53062.tar
glst-113-of-167,spectro.53063.tar
glst-114-of-167,spectro.53075.tar
glst-114-of-167,spectro.53080.tar
glst-114-of-167,spectro.53081.tar
glst-114-of-167,spectro.53082.tar
glst-114-of-167,spectro.53083.tar
glst-115-of-167,spectro.53084.tar
glst-115-of-167,spectro.53086.tar
glst-115-of-167,spectro.53088.tar
glst-115-of-167,spectro.53089.tar
glst-115-of-167,spectro.53091.tar
glst-116-of-167,spectro.53104.tar
glst-116-of-167,spectro.53108.tar
glst-116-of-167,spectro.53109.tar
glst-116-of-167,spectro.53110.tar
glst-116-of-167,spectro.53111.tar
glst-116-of-167,spectro.53112.tar
glst-116-of-167,spectro.53115.tar
glst-117-of-167,spectro.53116.tar
glst-117-of-167,spectro.53117.tar
glst-117-of-167,spectro.53118.tar
glst-118-of-167,spectro.53119.tar
glst-118-of-167,spectro.53120.tar
glst-118-of-167,spectro.53121.tar
glst-118-of-167,spectro.53134.tar
glst-118-of-167,spectro.53135.tar
glst-118-of-167,spectro.53137.tar
glst-118-of-167,spectro.53138.tar
glst-119-of-167,spectro.53139.tar
glst-119-of-167,spectro.53140.tar
glst-119-of-167,spectro.53141.tar
glst-119-of-167,spectro.53142.tar
glst-120-of-167,spectro.53143.tar
glst-120-of-167,spectro.53144.tar
glst-120-of-167,spectro.53145.tar
glst-120-of-167,spectro.53146.tar
glst-121-of-167,spectro.53147.tar
glst-121-of-167,spectro.53148.tar
glst-121-of-167,spectro.53149.tar
glst-121-of-167,spectro.53166.tar
glst-121-of-167,spectro.53167.tar
glst-121-of-167,spectro.53168.tar
glst-121-of-167,spectro.53169.tar
glst-122-of-167,spectro.53170.tar
glst-122-of-167,spectro.53171.tar
glst-122-of-167,spectro.53172.tar
glst-122-of-167,spectro.53173.tar
glst-122-of-167,spectro.53174.tar
glst-122-of-167,spectro.53175.tar
glst-123-of-167,spectro.53177.tar
glst-123-of-167,spectro.53178.tar
glst-123-of-167,spectro.53179.tar
glst-123-of-167,spectro.53180.tar
glst-123-of-167,spectro.53182.tar
glst-123-of-167,spectro.53224.tar
glst-123-of-167,spectro.53226.tar
glst-124-of-167,spectro.53227.tar
glst-124-of-167,spectro.53228.tar
glst-124-of-167,spectro.53229.tar
glst-125-of-167,spectro.53230.tar
glst-125-of-167,spectro.53237.tar
glst-125-of-167,spectro.53238.tar
glst-126-of-167,spectro.53239.tar
glst-126-of-167,spectro.53240.tar
glst-126-of-167,spectro.53241.tar
glst-126-of-167,spectro.53242.tar
glst-127-of-167,spectro.53243.tar
glst-127-of-167,spectro.53260.tar
glst-127-of-167,spectro.53261.tar
glst-127-of-167,spectro.53262.tar
glst-127-of-167,spectro.53263.tar
glst-128-of-167,spectro.53264.tar
glst-128-of-167,spectro.53265.tar
glst-128-of-167,spectro.53269.tar
glst-128-of-167,spectro.53271.tar
glst-128-of-167,spectro.53286.tar
glst-129-of-167,spectro.53287.tar
glst-129-of-167,spectro.53289.tar
glst-129-of-167,spectro.53291.tar
glst-129-of-167,spectro.53293.tar
glst-129-of-167,spectro.53295.tar
glst-130-of-167,spectro.53297.tar
glst-130-of-167,spectro.53299.tar
glst-130-of-167,spectro.53301.tar
glst-130-of-167,spectro.53312.tar
glst-130-of-167,spectro.53313.tar
glst-131-of-167,spectro.53314.tar
glst-131-of-167,spectro.53315.tar
glst-131-of-167,spectro.53316.tar
glst-131-of-167,spectro.53317.tar
glst-131-of-167,spectro.53318.tar
glst-132-of-167,spectro.53319.tar
glst-132-of-167,spectro.53320.tar
glst-132-of-167,spectro.53321.tar
glst-132-of-167,spectro.53327.tar
glst-133-of-167,spectro.53330.tar
glst-133-of-167,spectro.53341.tar
glst-133-of-167,spectro.53342.tar
glst-133-of-167,spectro.53347.tar
glst-133-of-167,spectro.53348.tar
glst-134-of-167,spectro.53349.tar
glst-134-of-167,spectro.53350.tar
glst-134-of-167,spectro.53351.tar
glst-134-of-167,spectro.53352.tar
glst-134-of-167,spectro.53354.tar
glst-134-of-167,spectro.53355.tar
glst-135-of-167,spectro.53357.tar
glst-135-of-167,spectro.53358.tar
glst-135-of-167,spectro.53359.tar
glst-136-of-167,spectro.53360.tar
glst-136-of-167,spectro.53371.tar
glst-136-of-167,spectro.53376.tar
glst-136-of-167,spectro.53377.tar
glst-136-of-167,spectro.53378.tar
glst-137-of-167,spectro.53379.tar
glst-137-of-167,spectro.53380.tar
glst-137-of-167,spectro.53381.tar
glst-138-of-167,spectro.53383.tar
glst-138-of-167,spectro.53384.tar
glst-138-of-167,spectro.53385.tar
glst-139-of-167,spectro.53386.tar
glst-139-of-167,spectro.53387.tar
glst-139-of-167,spectro.53388.tar
glst-139-of-167,spectro.53389.tar
glst-139-of-167,spectro.53401.tar
glst-140-of-167,spectro.53405.tar
glst-140-of-167,spectro.53415.tar
glst-140-of-167,spectro.53429.tar
glst-140-of-167,spectro.53430.tar
glst-141-of-167,spectro.53431.tar
glst-141-of-167,spectro.53432.tar
glst-141-of-167,spectro.53433.tar
glst-142-of-167,spectro.53436.tar
glst-142-of-167,spectro.53437.tar
glst-142-of-167,spectro.53438.tar
glst-142-of-167,spectro.53440.tar
glst-142-of-167,spectro.53441.tar
glst-143-of-167,spectro.53442.tar
glst-143-of-167,spectro.53443.tar
glst-143-of-167,spectro.53446.tar
glst-143-of-167,spectro.53447.tar
glst-144-of-167,spectro.53460.tar
glst-144-of-167,spectro.53461.tar
glst-144-of-167,spectro.53462.tar
glst-144-of-167,spectro.53463.tar
glst-144-of-167,spectro.53464.tar
glst-145-of-167,spectro.53465.tar
glst-145-of-167,spectro.53466.tar
glst-145-of-167,spectro.53467.tar
glst-145-of-167,spectro.53468.tar
glst-146-of-167,spectro.53469.tar
glst-146-of-167,spectro.53470.tar
glst-146-of-167,spectro.53471.tar
glst-146-of-167,spectro.53472.tar
glst-147-of-167,spectro.53473.tar
glst-147-of-167,spectro.53474.tar
glst-147-of-167,spectro.53475.tar
glst-147-of-167,spectro.53476.tar
glst-148-of-167,spectro.53488.tar
glst-148-of-167,spectro.53491.tar
glst-148-of-167,spectro.53492.tar
glst-148-of-167,spectro.53493.tar
glst-149-of-167,spectro.53494.tar
glst-149-of-167,spectro.53495.tar
glst-149-of-167,spectro.53496.tar
glst-149-of-167,spectro.53498.tar
glst-149-of-167,spectro.53499.tar
glst-149-of-167,spectro.53500.tar
glst-150-of-167,spectro.53501.tar
glst-150-of-167,spectro.53502.tar
glst-150-of-167,spectro.53503.tar
glst-150-of-167,spectro.53504.tar
glst-150-of-167,spectro.53520.tar
glst-151-of-167,spectro.53521.tar
glst-151-of-167,spectro.53522.tar
glst-151-of-167,spectro.53523.tar
glst-151-of-167,spectro.53524.tar
glst-151-of-167,spectro.53527.tar
glst-151-of-167,spectro.53530.tar
glst-151-of-167,spectro.53531.tar
glst-151-of-167,spectro.53532.tar
glst-152-of-167,spectro.53533.tar
glst-152-of-167,spectro.53534.tar
glst-152-of-167,spectro.53535.tar
glst-152-of-167,spectro.53536.tar
glst-153-of-167,spectro.53555.tar
glst-153-of-167,spectro.53556.tar
glst-153-of-167,spectro.53557.tar
glst-154-of-167,spectro.53558.tar
glst-154-of-167,spectro.53562.tar
glst-154-of-167,spectro.53564.tar
glst-154-of-167,spectro.53565.tar
glst-154-of-167,spectro.53566.tar
glst-155-of-167,tpm.51612.tar
glst-155-of-167,tpm.51614.tar
glst-155-of-167,tpm.51615.tar
glst-155-of-167,tpm.51660.tar
glst-155-of-167,tpm.51673.tar
glst-155-of-167,tpm.51688.tar
glst-155-of-167,tpm.51690.tar
glst-155-of-167,tpm.51691.tar
glst-155-of-167,tpm.51692.tar
glst-155-of-167,tpm.51693.tar
glst-155-of-167,tpm.51694.tar
glst-155-of-167,tpm.51695.tar
glst-155-of-167,tpm.51696.tar
glst-155-of-167,tpm.51698.tar
glst-155-of-167,tpm.51699.tar
glst-155-of-167,tpm.51700.tar
glst-155-of-167,tpm.51701.tar
glst-155-of-167,tpm.51703.tar
glst-155-of-167,tpm.51779.tar
glst-155-of-167,tpm.51809.tar
glst-155-of-167,tpm.51882.tar
glst-155-of-167,tpm.51906.tar
glst-155-of-167,tpm.51924.tar
glst-155-of-167,tpm.51925.tar
glst-155-of-167,tpm.51928.tar
glst-155-of-167,tpm.51929.tar
glst-155-of-167,tpm.51930.tar
glst-155-of-167,tpm.51935.tar
glst-155-of-167,tpm.51937.tar
glst-155-of-167,tpm.51940.tar
glst-156-of-167,tpm.51941.tar
glst-156-of-167,tpm.51942.tar
glst-156-of-167,tpm.51943.tar
glst-156-of-167,tpm.51951.tar
glst-156-of-167,tpm.51955.tar
glst-156-of-167,tpm.51956.tar
glst-156-of-167,tpm.51957.tar
glst-156-of-167,tpm.51959.tar
glst-156-of-167,tpm.51965.tar
glst-156-of-167,tpm.51966.tar
glst-156-of-167,tpm.51967.tar
glst-156-of-167,tpm.51970.tar
glst-156-of-167,tpm.51971.tar
glst-156-of-167,tpm.51972.tar
glst-156-of-167,tpm.51973.tar
glst-156-of-167,tpm.51981.tar
glst-156-of-167,tpm.51982.tar
glst-156-of-167,tpm.51983.tar
glst-156-of-167,tpm.51984.tar
glst-156-of-167,tpm.51985.tar
glst-156-of-167,tpm.51986.tar
glst-156-of-167,tpm.51992.tar
glst-156-of-167,tpm.51994.tar
glst-156-of-167,tpm.51995.tar
glst-156-of-167,tpm.51998.tar
glst-157-of-167,tpm.52000.tar
glst-157-of-167,tpm.52017.tar
glst-157-of-167,tpm.52019.tar
glst-157-of-167,tpm.52020.tar
glst-157-of-167,tpm.52021.tar
glst-157-of-167,tpm.52022.tar
glst-157-of-167,tpm.52024.tar
glst-157-of-167,tpm.52025.tar
glst-157-of-167,tpm.52026.tar
glst-157-of-167,tpm.52027.tar
glst-157-of-167,tpm.52028.tar
glst-157-of-167,tpm.52029.tar
glst-157-of-167,tpm.52030.tar
glst-157-of-167,tpm.52041.tar
glst-157-of-167,tpm.52043.tar
glst-157-of-167,tpm.52044.tar
glst-157-of-167,tpm.52045.tar
glst-157-of-167,tpm.52049.tar
glst-157-of-167,tpm.52050.tar
glst-157-of-167,tpm.52051.tar
glst-157-of-167,tpm.52055.tar
glst-157-of-167,tpm.52056.tar
glst-157-of-167,tpm.52057.tar
glst-157-of-167,tpm.52072.tar
glst-157-of-167,tpm.52073.tar
glst-157-of-167,tpm.52074.tar
glst-157-of-167,tpm.52078.tar
glst-157-of-167,tpm.52079.tar
glst-157-of-167,tpm.52081.tar
glst-157-of-167,tpm.52083.tar
glst-157-of-167,tpm.52129.tar
glst-157-of-167,tpm.52134.tar
glst-157-of-167,tpm.52135.tar
glst-158-of-167,tpm.52136.tar
glst-158-of-167,tpm.52137.tar
glst-158-of-167,tpm.52138.tar
glst-158-of-167,tpm.52140.tar
glst-158-of-167,tpm.52141.tar
glst-158-of-167,tpm.52143.tar
glst-158-of-167,tpm.52145.tar
glst-158-of-167,tpm.52146.tar
glst-158-of-167,tpm.52147.tar
glst-158-of-167,tpm.52148.tar
glst-158-of-167,tpm.52149.tar
glst-158-of-167,tpm.52160.tar
glst-158-of-167,tpm.52163.tar
glst-158-of-167,tpm.52164.tar
glst-158-of-167,tpm.52168.tar
glst-158-of-167,tpm.52175.tar
glst-158-of-167,tpm.52176.tar
glst-158-of-167,tpm.52177.tar
glst-158-of-167,tpm.52178.tar
glst-158-of-167,tpm.52179.tar
glst-158-of-167,tpm.52198.tar
glst-158-of-167,tpm.52199.tar
glst-158-of-167,tpm.52200.tar
glst-158-of-167,tpm.52201.tar
glst-158-of-167,tpm.52202.tar
glst-158-of-167,tpm.52204.tar
glst-158-of-167,tpm.52205.tar
glst-158-of-167,tpm.52206.tar
glst-158-of-167,tpm.52208.tar
glst-158-of-167,tpm.52209.tar
glst-158-of-167,tpm.52220.tar
glst-158-of-167,tpm.52221.tar
glst-158-of-167,tpm.52226.tar
glst-158-of-167,tpm.52228.tar
glst-158-of-167,tpm.52229.tar
glst-158-of-167,tpm.52230.tar
glst-158-of-167,tpm.52232.tar
glst-158-of-167,tpm.52235.tar
glst-158-of-167,tpm.52237.tar
glst-158-of-167,tpm.52238.tar
glst-158-of-167,tpm.52247.tar
glst-158-of-167,tpm.52248.tar
glst-158-of-167,tpm.52250.tar
glst-158-of-167,tpm.52251.tar
glst-158-of-167,tpm.52252.tar
glst-158-of-167,tpm.52253.tar
glst-158-of-167,tpm.52264.tar
glst-159-of-167,tpm.52265.tar
glst-159-of-167,tpm.52266.tar
glst-159-of-167,tpm.52281.tar
glst-159-of-167,tpm.52289.tar
glst-159-of-167,tpm.52293.tar
glst-159-of-167,tpm.52294.tar
glst-159-of-167,tpm.52295.tar
glst-159-of-167,tpm.52296.tar
glst-159-of-167,tpm.52297.tar
glst-159-of-167,tpm.52312.tar
glst-159-of-167,tpm.52314.tar
glst-159-of-167,tpm.52315.tar
glst-159-of-167,tpm.52316.tar
glst-159-of-167,tpm.52317.tar
glst-159-of-167,tpm.52318.tar
glst-159-of-167,tpm.52319.tar
glst-159-of-167,tpm.52320.tar
glst-159-of-167,tpm.52323.tar
glst-159-of-167,tpm.52325.tar
glst-159-of-167,tpm.52326.tar
glst-159-of-167,tpm.52327.tar
glst-159-of-167,tpm.52335.tar
glst-159-of-167,tpm.52336.tar
glst-159-of-167,tpm.52337.tar
glst-159-of-167,tpm.52338.tar
glst-159-of-167,tpm.52339.tar
glst-159-of-167,tpm.52340.tar
glst-159-of-167,tpm.52341.tar
glst-159-of-167,tpm.52342.tar
glst-159-of-167,tpm.52343.tar
glst-159-of-167,tpm.52344.tar
glst-159-of-167,tpm.52345.tar
glst-159-of-167,tpm.52346.tar
glst-159-of-167,tpm.52347.tar
glst-159-of-167,tpm.52348.tar
glst-159-of-167,tpm.52349.tar
glst-159-of-167,tpm.52350.tar
glst-159-of-167,tpm.52351.tar
glst-159-of-167,tpm.52352.tar
glst-159-of-167,tpm.52353.tar
glst-159-of-167,tpm.52354.tar
glst-159-of-167,tpm.52355.tar
glst-159-of-167,tpm.52356.tar
glst-159-of-167,tpm.52357.tar
glst-159-of-167,tpm.52358.tar
glst-159-of-167,tpm.52359.tar
glst-159-of-167,tpm.52360.tar
glst-159-of-167,tpm.52361.tar
glst-159-of-167,tpm.52362.tar
glst-159-of-167,tpm.52363.tar
glst-159-of-167,tpm.52364.tar
glst-159-of-167,tpm.52365.tar
glst-159-of-167,tpm.52366.tar
glst-159-of-167,tpm.52367.tar
glst-160-of-167,tpm.52368.tar
glst-160-of-167,tpm.52370.tar
glst-160-of-167,tpm.52371.tar
glst-160-of-167,tpm.52374.tar
glst-160-of-167,tpm.52375.tar
glst-160-of-167,tpm.52376.tar
glst-160-of-167,tpm.52377.tar
glst-160-of-167,tpm.52378.tar
glst-160-of-167,tpm.52379.tar
glst-160-of-167,tpm.52381.tar
glst-160-of-167,tpm.52384.tar
glst-160-of-167,tpm.52385.tar
glst-160-of-167,tpm.52395.tar
glst-160-of-167,tpm.52397.tar
glst-160-of-167,tpm.52398.tar
glst-160-of-167,tpm.52399.tar
glst-160-of-167,tpm.52400.tar
glst-160-of-167,tpm.52401.tar
glst-160-of-167,tpm.52402.tar
glst-160-of-167,tpm.52403.tar
glst-160-of-167,tpm.52404.tar
glst-160-of-167,tpm.52405.tar
glst-160-of-167,tpm.52407.tar
glst-160-of-167,tpm.52408.tar
glst-160-of-167,tpm.52409.tar
glst-160-of-167,tpm.52410.tar
glst-160-of-167,tpm.52411.tar
glst-160-of-167,tpm.52412.tar
glst-160-of-167,tpm.52413.tar
glst-160-of-167,tpm.52414.tar
glst-160-of-167,tpm.52424.tar
glst-160-of-167,tpm.52425.tar
glst-160-of-167,tpm.52426.tar
glst-160-of-167,tpm.52427.tar
glst-160-of-167,tpm.52428.tar
glst-160-of-167,tpm.52430.tar
glst-160-of-167,tpm.52433.tar
glst-160-of-167,tpm.52434.tar
glst-160-of-167,tpm.52435.tar
glst-160-of-167,tpm.52438.tar
glst-160-of-167,tpm.52439.tar
glst-160-of-167,tpm.52441.tar
glst-160-of-167,tpm.52442.tar
glst-161-of-167,tpm.52443.tar
glst-161-of-167,tpm.52444.tar
glst-161-of-167,tpm.52457.tar
glst-161-of-167,tpm.52460.tar
glst-161-of-167,tpm.52465.tar
glst-161-of-167,tpm.52466.tar
glst-161-of-167,tpm.52468.tar
glst-161-of-167,tpm.52516.tar
glst-161-of-167,tpm.52517.tar
glst-161-of-167,tpm.52518.tar
glst-161-of-167,tpm.52519.tar
glst-161-of-167,tpm.52520.tar
glst-161-of-167,tpm.52521.tar
glst-161-of-167,tpm.52522.tar
glst-161-of-167,tpm.52523.tar
glst-161-of-167,tpm.52524.tar
glst-161-of-167,tpm.52525.tar
glst-161-of-167,tpm.52527.tar
glst-161-of-167,tpm.52531.tar
glst-161-of-167,tpm.52534.tar
glst-161-of-167,tpm.52551.tar
glst-161-of-167,tpm.52553.tar
glst-161-of-167,tpm.52556.tar
glst-161-of-167,tpm.52557.tar
glst-161-of-167,tpm.52558.tar
glst-161-of-167,tpm.52559.tar
glst-161-of-167,tpm.52562.tar
glst-161-of-167,tpm.52574.tar
glst-161-of-167,tpm.52575.tar
glst-161-of-167,tpm.52576.tar
glst-161-of-167,tpm.52577.tar
glst-161-of-167,tpm.52578.tar
glst-161-of-167,tpm.52579.tar
glst-161-of-167,tpm.52581.tar
glst-161-of-167,tpm.52582.tar
glst-161-of-167,tpm.52583.tar
glst-161-of-167,tpm.52584.tar
glst-161-of-167,tpm.52585.tar
glst-161-of-167,tpm.52586.tar
glst-161-of-167,tpm.52589.tar
glst-161-of-167,tpm.52590.tar
glst-161-of-167,tpm.52591.tar
glst-161-of-167,tpm.52592.tar
glst-161-of-167,tpm.52603.tar
glst-161-of-167,tpm.52604.tar
glst-161-of-167,tpm.52605.tar
glst-161-of-167,tpm.52606.tar
glst-161-of-167,tpm.52614.tar
glst-161-of-167,tpm.52615.tar
glst-161-of-167,tpm.52616.tar
glst-161-of-167,tpm.52618.tar
glst-162-of-167,tpm.52619.tar
glst-162-of-167,tpm.52620.tar
glst-162-of-167,tpm.52621.tar
glst-162-of-167,tpm.52622.tar
glst-162-of-167,tpm.52636.tar
glst-162-of-167,tpm.52637.tar
glst-162-of-167,tpm.52638.tar
glst-162-of-167,tpm.52639.tar
glst-162-of-167,tpm.52640.tar
glst-162-of-167,tpm.52641.tar
glst-162-of-167,tpm.52642.tar
glst-162-of-167,tpm.52643.tar
glst-162-of-167,tpm.52644.tar
glst-162-of-167,tpm.52645.tar
glst-162-of-167,tpm.52646.tar
glst-162-of-167,tpm.52647.tar
glst-162-of-167,tpm.52649.tar
glst-162-of-167,tpm.52650.tar
glst-162-of-167,tpm.52652.tar
glst-162-of-167,tpm.52662.tar
glst-162-of-167,tpm.52663.tar
glst-162-of-167,tpm.52664.tar
glst-162-of-167,tpm.52666.tar
glst-162-of-167,tpm.52668.tar
glst-162-of-167,tpm.52669.tar
glst-162-of-167,tpm.52670.tar
glst-162-of-167,tpm.52671.tar
glst-162-of-167,tpm.52672.tar
glst-162-of-167,tpm.52673.tar
glst-162-of-167,tpm.52674.tar
glst-162-of-167,tpm.52675.tar
glst-162-of-167,tpm.52677.tar
glst-162-of-167,tpm.52681.tar
glst-162-of-167,tpm.52701.tar
glst-162-of-167,tpm.52703.tar
glst-162-of-167,tpm.52704.tar
glst-162-of-167,tpm.52705.tar
glst-162-of-167,tpm.52706.tar
glst-162-of-167,tpm.52707.tar
glst-162-of-167,tpm.52708.tar
glst-162-of-167,tpm.52709.tar
glst-163-of-167,tpm.52710.tar
glst-163-of-167,tpm.52713.tar
glst-163-of-167,tpm.52721.tar
glst-163-of-167,tpm.52722.tar
glst-163-of-167,tpm.52723.tar
glst-163-of-167,tpm.52724.tar
glst-163-of-167,tpm.52725.tar
glst-163-of-167,tpm.52728.tar
glst-163-of-167,tpm.52729.tar
glst-163-of-167,tpm.52730.tar
glst-163-of-167,tpm.52731.tar
glst-163-of-167,tpm.52733.tar
glst-163-of-167,tpm.52734.tar
glst-163-of-167,tpm.52735.tar
glst-163-of-167,tpm.52736.tar
glst-163-of-167,tpm.52737.tar
glst-163-of-167,tpm.52738.tar
glst-163-of-167,tpm.52749.tar
glst-163-of-167,tpm.52750.tar
glst-163-of-167,tpm.52751.tar
glst-163-of-167,tpm.52753.tar
glst-163-of-167,tpm.52754.tar
glst-163-of-167,tpm.52755.tar
glst-163-of-167,tpm.52756.tar
glst-163-of-167,tpm.52757.tar
glst-163-of-167,tpm.52758.tar
glst-163-of-167,tpm.52759.tar
glst-163-of-167,tpm.52760.tar
glst-163-of-167,tpm.52761.tar
glst-163-of-167,tpm.52762.tar
glst-163-of-167,tpm.52763.tar
glst-163-of-167,tpm.52764.tar
glst-163-of-167,tpm.52765.tar
glst-163-of-167,tpm.52766.tar
glst-163-of-167,tpm.52767.tar
glst-163-of-167,tpm.52778.tar
glst-163-of-167,tpm.52781.tar
glst-163-of-167,tpm.52782.tar
glst-163-of-167,tpm.52783.tar
glst-163-of-167,tpm.52784.tar
glst-163-of-167,tpm.52786.tar
glst-163-of-167,tpm.52787.tar
glst-163-of-167,tpm.52788.tar
glst-163-of-167,tpm.52789.tar
glst-163-of-167,tpm.52790.tar
glst-163-of-167,tpm.52791.tar
glst-164-of-167,tpm.52792.tar
glst-164-of-167,tpm.52793.tar
glst-164-of-167,tpm.52795.tar
glst-164-of-167,tpm.52797.tar
glst-164-of-167,tpm.52809.tar
glst-164-of-167,tpm.52811.tar
glst-164-of-167,tpm.52812.tar
glst-164-of-167,tpm.52813.tar
glst-164-of-167,tpm.52814.tar
glst-164-of-167,tpm.52815.tar
glst-164-of-167,tpm.52816.tar
glst-164-of-167,tpm.52817.tar
glst-164-of-167,tpm.52818.tar
glst-164-of-167,tpm.52819.tar
glst-164-of-167,tpm.52821.tar
glst-164-of-167,tpm.52822.tar
glst-164-of-167,tpm.52823.tar
glst-164-of-167,tpm.52824.tar
glst-164-of-167,tpm.52825.tar
glst-164-of-167,tpm.52826.tar
glst-164-of-167,tpm.52872.tar
glst-164-of-167,tpm.52873.tar
glst-164-of-167,tpm.52875.tar
glst-164-of-167,tpm.52876.tar
glst-164-of-167,tpm.52877.tar
glst-164-of-167,tpm.52878.tar
glst-164-of-167,tpm.52880.tar
glst-164-of-167,tpm.52882.tar
glst-164-of-167,tpm.52883.tar
glst-164-of-167,tpm.52884.tar
glst-164-of-167,tpm.52885.tar
glst-164-of-167,tpm.52886.tar
glst-164-of-167,tpm.52900.tar
glst-164-of-167,tpm.52901.tar
glst-164-of-167,tpm.52902.tar
glst-164-of-167,tpm.52903.tar
glst-164-of-167,tpm.52907.tar
glst-164-of-167,tpm.52908.tar
glst-164-of-167,tpm.52909.tar
glst-164-of-167,tpm.52911.tar
glst-164-of-167,tpm.52912.tar
glst-164-of-167,tpm.52930.tar
glst-164-of-167,tpm.52931.tar
glst-164-of-167,tpm.52932.tar
glst-165-of-167,tpm.52933.tar
glst-165-of-167,tpm.52934.tar
glst-165-of-167,tpm.52935.tar
glst-165-of-167,tpm.52936.tar
glst-165-of-167,tpm.52937.tar
glst-165-of-167,tpm.52939.tar
glst-165-of-167,tpm.52940.tar
glst-165-of-167,tpm.52941.tar
glst-165-of-167,tpm.52942.tar
glst-165-of-167,tpm.52943.tar
glst-165-of-167,tpm.52944.tar
glst-165-of-167,tpm.52945.tar
glst-165-of-167,tpm.52946.tar
glst-165-of-167,tpm.52959.tar
glst-165-of-167,tpm.52962.tar
glst-165-of-167,tpm.52963.tar
glst-165-of-167,tpm.52964.tar
glst-165-of-167,tpm.52965.tar
glst-165-of-167,tpm.52968.tar
glst-165-of-167,tpm.52970.tar
glst-165-of-167,tpm.52971.tar
glst-165-of-167,tpm.52972.tar
glst-165-of-167,tpm.52973.tar
glst-165-of-167,tpm.52974.tar
glst-165-of-167,tpm.52975.tar
glst-165-of-167,tpm.52976.tar
glst-165-of-167,tpm.52987.tar
glst-165-of-167,tpm.52989.tar
glst-166-of-167,tpm.52990.tar
glst-166-of-167,tpm.52992.tar
glst-166-of-167,tpm.52993.tar
glst-166-of-167,tpm.52995.tar
glst-166-of-167,tpm.52996.tar
glst-166-of-167,tpm.52997.tar
glst-166-of-167,tpm.52998.tar
glst-166-of-167,tpm.52999.tar
glst-166-of-167,tpm.53003.tar
glst-166-of-167,tpm.53018.tar
glst-166-of-167,tpm.53024.tar
glst-166-of-167,tpm.53027.tar
glst-166-of-167,tpm.53032.tar
glst-166-of-167,tpm.53033.tar
glst-166-of-167,tpm.53034.tar
glst-166-of-167,tpm.53035.tar
glst-166-of-167,tpm.53046.tar
glst-166-of-167,tpm.53047.tar
glst-166-of-167,tpm.53050.tar
glst-166-of-167,tpm.53051.tar
glst-167-of-167,tpm.53052.tar
glst-167-of-167,tpm.53053.tar
glst-167-of-167,tpm.53055.tar
glst-167-of-167,tpm.53061.tar
glst-167-of-167,tpm.53062.tar
glst-167-of-167,tpm.53063.tar
glst-167-of-167,tpm.53075.tar
glst-167-of-167,tpm.53080.tar
glst-167-of-167,tpm.53081.tar
glst-167-of-167,tpm.53082.tar
glst-167-of-167,tpm.53083.tar
glst-167-of-167,tpm.53084.tar
glst-167-of-167,tpm.53086.tar
glst-167-of-167,tpm.53088.tar
glst-167-of-167,tpm.53089.tar
glst-167-of-167,tpm.53091.tar
glst-167-of-167,tpm.53104.tar
glst-167-of-167,tpm.53108.tar
glst-167-of-167,tpm.53109.tar
glst-167-of-167,tpm.53110.tar
glst-167-of-167,tpm.53111.tar
glst-167-of-167,tpm.53112.tar
glst-167-of-167,tpm.53115.tar
glst-167-of-167,tpm.53116.tar
glst-167-of-167,tpm.53117.tar
glst-167-of-167,tpm.53118.tar
glst-167-of-167,tpm.53119.tar
glst-167-of-167,tpm.53120.tar
glst-167-of-167,tpm.53121.tar
glst-167-of-167,tpm.53134.tar
glst-167-of-167,tpm.53135.tar
glst-167-of-167,tpm.53137.tar
glst-167-of-167,tpm.53138.tar
glst-167-of-167,tpm.53139.tar
glst-167-of-167,tpm.53140.tar
glst-167-of-167,tpm.53141.tar
glst-167-of-167,tpm.53142.tar
glst-167-of-167,tpm.53143.tar
glst-167-of-167,tpm.53144.tar
glst-167-of-167,tpm.53145.tar
glst-167-of-167,tpm.53146.tar
glst-167-of-167,tpm.53148.tar
glst-167-of-167,tpm.53149.tar
glst-167-of-167,tpm.53166.tar
glst-167-of-167,tpm.53167.tar
glst-167-of-167,tpm.53168.tar
glst-167-of-167,tpm.53169.tar
glst-167-of-167,tpm.53170.tar
glst-167-of-167,tpm.53171.tar
glst-167-of-167,tpm.53172.tar
glst-167-of-167,tpm.53173.tar
glst-167-of-167,tpm.53174.tar
glst-167-of-167,tpm.53175.tar
glst-167-of-167,tpm.53177.tar
glst-167-of-167,tpm.53178.tar
glst-167-of-167,tpm.53179.tar
glst-167-of-167,tpm.53180.tar
glst-167-of-167,tpm.53182.tar
glst-167-of-167,tpm.53224.tar
glst-167-of-167,tpm.53226.tar
glst-167-of-167,tpm.53227.tar
glst-167-of-167,tpm.53228.tar
glst-167-of-167,tpm.53229.tar
glst-167-of-167,tpm.53230.tar
glst-167-of-167,tpm.53237.tar
glst-167-of-167,tpm.53238.tar
glst-167-of-167,tpm.53239.tar
glst-167-of-167,tpm.53240.tar
glst-167-of-167,tpm.53241.tar
glst-167-of-167,tpm.53242.tar
glst-167-of-167,tpm.53243.tar
glst-167-of-167,tpm.53260.tar
glst-167-of-167,tpm.53261.tar
glst-167-of-167,tpm.53262.tar
glst-167-of-167,tpm.53263.tar
glst-167-of-167,tpm.53264.tar
glst-167-of-167,tpm.53265.tar
glst-167-of-167,tpm.53269.tar
glst-167-of-167,tpm.53270.tar
glst-167-of-167,tpm.53271.tar
glst-167-of-167,tpm.53272.tar
glst-167-of-167,tpm.53286.tar
glst-167-of-167,tpm.53287.tar
glst-167-of-167,tpm.53288.tar
glst-167-of-167,tpm.53289.tar
glst-167-of-167,tpm.53291.tar
glst-167-of-167,tpm.53293.tar
glst-167-of-167,tpm.53295.tar
glst-167-of-167,tpm.53296.tar
glst-167-of-167,tpm.53297.tar
glst-167-of-167,tpm.53298.tar
glst-167-of-167,tpm.53299.tar
glst-167-of-167,tpm.53301.tar
glst-167-of-167,tpm.53302.tar
glst-167-of-167,tpm.53310.tar
glst-167-of-167,tpm.53312.tar
glst-167-of-167,tpm.53313.tar
glst-167-of-167,tpm.53314.tar
glst-167-of-167,tpm.53315.tar
glst-167-of-167,tpm.53316.tar
glst-167-of-167,tpm.53317.tar
glst-167-of-167,tpm.53318.tar
glst-167-of-167,tpm.53319.tar
glst-167-of-167,tpm.53320.tar
glst-167-of-167,tpm.53321.tar
glst-167-of-167,tpm.53327.tar
glst-167-of-167,tpm.53330.tar
glst-167-of-167,tpm.53341.tar
glst-167-of-167,tpm.53342.tar
glst-167-of-167,tpm.53347.tar
glst-167-of-167,tpm.53348.tar
glst-167-of-167,tpm.53349.tar
glst-167-of-167,tpm.53350.tar
glst-167-of-167,tpm.53351.tar
glst-167-of-167,tpm.53352.tar
glst-167-of-167,tpm.53353.tar
glst-167-of-167,tpm.53354.tar
glst-167-of-167,tpm.53355.tar
glst-167-of-167,tpm.53357.tar
glst-167-of-167,tpm.53358.tar
glst-167-of-167,tpm.53359.tar
glst-167-of-167,tpm.53360.tar
glst-167-of-167,tpm.53371.tar
glst-167-of-167,tpm.53376.tar
glst-167-of-167,tpm.53377.tar
glst-167-of-167,tpm.53378.tar
glst-167-of-167,tpm.53379.tar
glst-167-of-167,tpm.53380.tar
glst-167-of-167,tpm.53381.tar
glst-167-of-167,tpm.53383.tar
glst-167-of-167,tpm.53384.tar
glst-167-of-167,tpm.53385.tar
glst-167-of-167,tpm.53387.tar
glst-167-of-167,tpm.53388.tar
glst-167-of-167,tpm.53389.tar
glst-167-of-167,tpm.53401.tar
glst-167-of-167,tpm.53405.tar
glst-167-of-167,tpm.53415.tar
glst-167-of-167,tpm.53429.tar
glst-167-of-167,tpm.53430.tar
glst-167-of-167,tpm.53431.tar
glst-167-of-167,tpm.53432.tar
glst-167-of-167,tpm.53433.tar
glst-167-of-167,tpm.53436.tar
glst-167-of-167,tpm.53437.tar
glst-167-of-167,tpm.53438.tar
glst-167-of-167,tpm.53439.tar
glst-167-of-167,tpm.53440.tar
glst-167-of-167,tpm.53441.tar
glst-167-of-167,tpm.53442.tar
glst-167-of-167,tpm.53443.tar
glst-167-of-167,tpm.53446.tar
glst-167-of-167,tpm.53447.tar
glst-167-of-167,tpm.53460.tar
glst-167-of-167,tpm.53461.tar
glst-167-of-167,tpm.53462.tar
glst-167-of-167,tpm.53463.tar
glst-167-of-167,tpm.53464.tar
glst-167-of-167,tpm.53465.tar
glst-167-of-167,tpm.53466.tar
glst-167-of-167,tpm.53467.tar
glst-167-of-167,tpm.53468.tar
glst-167-of-167,tpm.53469.tar
glst-167-of-167,tpm.53470.tar
glst-167-of-167,tpm.53471.tar
glst-167-of-167,tpm.53472.tar
glst-167-of-167,tpm.53473.tar
glst-167-of-167,tpm.53474.tar
glst-167-of-167,tpm.53475.tar
glst-167-of-167,tpm.53476.tar
glst-167-of-167,tpm.53488.tar
glst-167-of-167,tpm.53491.tar
glst-167-of-167,tpm.53492.tar
glst-167-of-167,tpm.53493.tar
glst-167-of-167,tpm.53494.tar
glst-167-of-167,tpm.53495.tar
glst-167-of-167,tpm.53496.tar
glst-167-of-167,tpm.53498.tar
glst-167-of-167,tpm.53499.tar
glst-167-of-167,tpm.53500.tar
glst-167-of-167,tpm.53501.tar
glst-167-of-167,tpm.53502.tar
glst-167-of-167,tpm.53503.tar
glst-167-of-167,tpm.53504.tar
glst-167-of-167,tpm.53520.tar
glst-167-of-167,tpm.53521.tar
glst-167-of-167,tpm.53522.tar
glst-167-of-167,tpm.53523.tar
glst-167-of-167,tpm.53524.tar
glst-167-of-167,tpm.53526.tar
glst-167-of-167,tpm.53527.tar
glst-167-of-167,tpm.53528.tar
glst-167-of-167,tpm.53529.tar
glst-167-of-167,tpm.53530.tar
glst-167-of-167,tpm.53531.tar
glst-167-of-167,tpm.53532.tar
glst-167-of-167,tpm.53533.tar
glst-167-of-167,tpm.53534.tar
glst-167-of-167,tpm.53535.tar
glst-167-of-167,tpm.53536.tar
glst-167-of-167,tpm.53555.tar
glst-167-of-167,tpm.53556.tar
glst-167-of-167,tpm.53557.tar
glst-167-of-167,tpm.53558.tar
glst-167-of-167,tpm.53562.tar
glst-167-of-167,tpm.53563.tar
glst-167-of-167,tpm.53564.tar
glst-167-of-167,tpm.53565.tar
glst-167-of-167,tpm.53566.tar
