imagMirror-01-of-24,imagMirror-dp30.a-data-prs.20080229.Part.1-of-5.tgz
imagMirror-01-of-24,imagMirror-dp30.a-data-prs.20080229.Part.2-of-5.tgz
imagMirror-02-of-24,imagMirror-dp30.a-data-prs.20080229.Part.3-of-5.tgz
imagMirror-02-of-24,imagMirror-dp30.a-data-prs.20080229.Part.4-of-5.tgz
imagMirror-02-of-24,imagMirror-dp30.a-data-prs.20080229.Part.5-of-5.tgz
imagMirror-03-of-24,imagMirror-dp30.a-data-RUNS-old.ONLY.20080229.Part.01-of-28.RUNS.91-727.tgz
imagMirror-03-of-24,imagMirror-dp30.a-data-RUNS-old.ONLY.20080229.Part.02-of-28.RUNS.745-752.tgz
imagMirror-03-of-24,imagMirror-dp30.a-data-RUNS-old.ONLY.20080229.Part.03-of-28.RUNS.756-1099.tgz
imagMirror-04-of-24,imagMirror-dp30.a-data-RUNS-old.ONLY.20080229.Part.04-of-28.RUNS.1100-1345.tgz
imagMirror-04-of-24,imagMirror-dp30.a-data-RUNS-old.ONLY.20080229.Part.05-of-28.RUNS.1350-1477.tgz
imagMirror-04-of-24,imagMirror-dp30.a-data-RUNS-old.ONLY.20080229.Part.06-of-28.RUNS.1478-1755.tgz
imagMirror-05-of-24,imagMirror-dp30.a-data-RUNS-old.ONLY.20080229.Part.07-of-28.RUNS.1869-2126.tgz
imagMirror-05-of-24,imagMirror-dp30.a-data-RUNS-old.ONLY.20080229.Part.08-of-28.RUNS.2127-2299.tgz
imagMirror-05-of-24,imagMirror-dp30.a-data-RUNS-old.ONLY.20080229.Part.09-of-28.RUNS.2303-2583.tgz
imagMirror-06-of-24,imagMirror-dp30.a-data-RUNS-old.ONLY.20080229.Part.10-of-28.RUNS.2585-2828.tgz
imagMirror-06-of-24,imagMirror-dp30.a-data-RUNS-old.ONLY.20080229.Part.11-of-28.RUNS.2830-3129.tgz
imagMirror-07-of-24,imagMirror-dp30.a-data-RUNS-old.ONLY.20080229.Part.12-of-28.RUNS.3130-3385.tgz
imagMirror-07-of-24,imagMirror-dp30.a-data-RUNS-old.ONLY.20080229.Part.13-of-28.RUNS.3388-3609.tgz
imagMirror-07-of-24,imagMirror-dp30.a-data-RUNS-old.ONLY.20080229.Part.14-of-28.RUNS.3610-3724.tgz
imagMirror-08-of-24,imagMirror-dp30.a-data-RUNS-old.ONLY.20080229.Part.15-of-28.RUNS.3804-3919.tgz
imagMirror-08-of-24,imagMirror-dp30.a-data-RUNS-old.ONLY.20080229.Part.16-of-28.RUNS.3924-4208.tgz
imagMirror-08-of-24,imagMirror-dp30.a-data-RUNS-old.ONLY.20080229.Part.17-of-28.RUNS.4233-4622.tgz
imagMirror-09-of-24,imagMirror-dp30.a-data-RUNS-old.ONLY.20080229.Part.18-of-28.RUNS.4623-4898.tgz
imagMirror-09-of-24,imagMirror-dp30.a-data-RUNS-old.ONLY.20080229.Part.19-of-28.RUNS.4899-5328.tgz
imagMirror-10-of-24,imagMirror-dp30.a-data-RUNS-old.ONLY.20080229.Part.20-of-28.RUNS.5330-5636.tgz
imagMirror-10-of-24,imagMirror-dp30.a-data-RUNS-old.ONLY.20080229.Part.21-of-28.RUNS.5637-5787.tgz
imagMirror-11-of-24,imagMirror-dp30.a-data-RUNS-old.ONLY.20080229.Part.22-of-28.RUNS.5792-5923.tgz
imagMirror-11-of-24,imagMirror-dp30.a-data-RUNS-old.ONLY.20080229.Part.23-of-28.RUNS.5924-6369.tgz
imagMirror-12-of-24,imagMirror-dp30.a-data-RUNS-old.ONLY.20080229.Part.24-of-28.RUNS.6370-6479.tgz
imagMirror-12-of-24,imagMirror-dp30.a-data-RUNS-old.ONLY.20080229.Part.25-of-28.RUNS.6480-6568.tgz
imagMirror-13-of-24,imagMirror-dp30.a-data-RUNS-old.ONLY.20080229.Part.26-of-28.RUNS.6570-6957.tgz
imagMirror-13-of-24,imagMirror-dp30.a-data-RUNS-old.ONLY.20080229.Part.27-of-28.RUNS.6958-7109.tgz
imagMirror-13-of-24,imagMirror-dp30.a-data-RUNS-old.ONLY.20080229.Part.28-of-28.RUNS.7110-7244.tgz
imagMirror-13-of-24,imagMirror-dp30.a-data-standards.20080229.Part.1-of-1.tgz
imagMirror-14-of-24,imagMirror-dp30.a-data.wo.old.20080228.Part.01-of-31.RUNS.91-727.tgz
imagMirror-14-of-24,imagMirror-dp30.a-data.wo.old.20080228.Part.02-of-31.RUNS.745-752.tgz
imagMirror-14-of-24,imagMirror-dp30.a-data.wo.old.20080228.Part.03-of-31.RUNS.756-1099.tgz
imagMirror-15-of-24,imagMirror-dp30.a-data.wo.old.20080228.Part.04-of-31.RUNS.1100-1345.tgz
imagMirror-15-of-24,imagMirror-dp30.a-data.wo.old.20080228.Part.05-of-31.RUNS.1350-1477.tgz
imagMirror-15-of-24,imagMirror-dp30.a-data.wo.old.20080228.Part.06-of-31.RUNS.1478-1755.tgz
imagMirror-16-of-24,imagMirror-dp30.a-data.wo.old.20080228.Part.07-of-31.RUNS.1869-2126.tgz
imagMirror-16-of-24,imagMirror-dp30.a-data.wo.old.20080228.Part.08-0f-X.RUNS.2127-2259.tgz
imagMirror-16-of-24,imagMirror-dp30.a-data.wo.old.20080228.Part.09-of-31.RUNS.2283-2583.tgz
imagMirror-17-of-24,imagMirror-dp30.a-data.wo.old.20080228.Part.10-of-31.RUNS.2585-2828.tgz
imagMirror-17-of-24,imagMirror-dp30.a-data.wo.old.20080228.Part.11-of-31.RUNS.2830-3129.tgz
imagMirror-18-of-24,imagMirror-dp30.a-data.wo.old.20080228.Part.12-of-31.RUNS.3130-3424.tgz
imagMirror-18-of-24,imagMirror-dp30.a-data.wo.old.20080228.Part.13-of-31.RUNS.3427-3609.tgz
imagMirror-18-of-24,imagMirror-dp30.a-data.wo.old.20080228.Part.14-of-31.RUNS.3610-3724.tgz
imagMirror-19-of-24,imagMirror-dp30.a-data.wo.old.20080228.Part.15-of-31.RUNS.3804-3919.tgz
imagMirror-19-of-24,imagMirror-dp30.a-data.wo.old.20080228.Part.16-of-31.RUNS.3924-4208.tgz
imagMirror-19-of-24,imagMirror-dp30.a-data.wo.old.20080228.Part.17-of-31.RUNS.4233-4622.tgz
imagMirror-20-of-24,imagMirror-dp30.a-data.wo.old.20080228.Part.18-of-31.RUNS.4623-4898.tgz
imagMirror-20-of-24,imagMirror-dp30.a-data.wo.old.20080228.Part.19-of-31.RUNS.4899-5183.tgz
imagMirror-20-of-24,imagMirror-dp30.a-data.wo.old.20080228.Part.20-of-31.RUNS.5184-5238.tgz
imagMirror-21-of-24,imagMirror-dp30.a-data.wo.old.20080228.Part.21-of-31.RUNS.5308-5619.tgz
imagMirror-21-of-24,imagMirror-dp30.a-data.wo.old.20080228.Part.22-of-31.RUNS.5621-5768.tgz
imagMirror-21-of-24,imagMirror-dp30.a-data.wo.old.20080228.Part.23-of-31.RUNS.5770-5818.tgz
imagMirror-22-of-24,imagMirror-dp30.a-data.wo.old.20080228.Part.24-of-31.RUNS.5820-5977.tgz
imagMirror-22-of-24,imagMirror-dp30.a-data.wo.old.20080228.Part.25-of-31.RUNS.5982-6293.tgz
imagMirror-22-of-24,imagMirror-dp30.a-data.wo.old.20080228.Part.26-of-31.RUNS.6311-6458.tgz
imagMirror-23-of-24,imagMirror-dp30.a-data.wo.old.20080228.Part.27-of-31.RUNS.6460-6548.tgz
imagMirror-23-of-24,imagMirror-dp30.a-data.wo.old.20080228.Part.28-of-31.RUNS.6551-6754.tgz
imagMirror-24-of-24,imagMirror-dp30.a-data.wo.old.20080228.Part.29-of-31.RUNS.6781-7085.tgz
imagMirror-24-of-24,imagMirror-dp30.a-data.wo.old.20080228.Part.30-of-31.RUNS.7091-7199.tgz
imagMirror-24-of-24,imagMirror-dp30.a-data.wo.old.20080228.Part.31-of-31.RUNS.7201-300001.tgz
