mtRaw-apo24-01-of-77,JL0063
mtRaw-apo24-01-of-77,JL0065
mtRaw-apo24-01-of-77,JL0120
mtRaw-apo24-01-of-77,JL0126
mtRaw-apo24-01-of-77,JL0133
mtRaw-apo24-01-of-77,JL0125
mtRaw-apo24-01-of-77,JL0093
mtRaw-apo24-02-of-77,JL0083
mtRaw-apo24-03-of-77,JL0084
mtRaw-apo24-04-of-77,JL0085
mtRaw-apo24-05-of-77,JL0086
mtRaw-apo24-06-of-77,JL0090
mtRaw-apo24-07-of-77,JL0091
mtRaw-apo24-08-of-77,JL0092
mtRaw-apo24-09-of-77,JL0095
mtRaw-apo24-10-of-77,JL0096
mtRaw-apo24-11-of-77,JL0111
mtRaw-apo24-12-of-77,JL0112
mtRaw-apo24-13-of-77,JL0113
mtRaw-apo24-14-of-77,JL0114
mtRaw-apo24-15-of-77,JL0115
mtRaw-apo24-16-of-77,JL0116
mtRaw-apo24-17-of-77,JL0117
mtRaw-apo24-18-of-77,JL0118
mtRaw-apo24-19-of-77,JL0119
mtRaw-apo24-20-of-77,JL0121
mtRaw-apo24-21-of-77,JL0122
mtRaw-apo24-22-of-77,JL0123
mtRaw-apo24-23-of-77,JL0124
mtRaw-apo24-24-of-77,JL0127
mtRaw-apo24-25-of-77,JL0129
mtRaw-apo24-26-of-77,JL0131
mtRaw-apo24-27-of-77,JL0136
mtRaw-apo24-28-of-77,JL0139
mtRaw-apo24-29-of-77,JL0140
mtRaw-apo24-30-of-77,JL0141
mtRaw-apo24-31-of-77,JL0142
mtRaw-apo24-32-of-77,JL0159
mtRaw-apo24-33-of-77,JL0160
mtRaw-apo24-34-of-77,JL0161
mtRaw-apo24-35-of-77,JL0162
mtRaw-apo24-36-of-77,JL0163
mtRaw-apo24-37-of-77,JL0164
mtRaw-apo24-38-of-77,JL0166
mtRaw-apo24-39-of-77,JL0167
mtRaw-apo24-40-of-77,JL0168
mtRaw-apo24-41-of-77,JL0169
mtRaw-apo24-42-of-77,JL0171
mtRaw-apo24-43-of-77,JL0173
mtRaw-apo24-44-of-77,JL0192
mtRaw-apo24-45-of-77,JL0193
mtRaw-apo24-46-of-77,JL0195
mtRaw-apo24-47-of-77,JL0196
mtRaw-apo24-48-of-77,JL0197
mtRaw-apo24-49-of-77,JL0198
mtRaw-apo24-50-of-77,JL0199
mtRaw-apo24-51-of-77,JL0200
mtRaw-apo24-52-of-77,JL0201
mtRaw-apo24-53-of-77,JL0202
mtRaw-apo24-54-of-77,JL0203
mtRaw-apo24-55-of-77,JL0204
mtRaw-apo24-56-of-77,JL0205
mtRaw-apo24-57-of-77,JL0206
mtRaw-apo24-58-of-77,JL0207
mtRaw-apo24-59-of-77,JL0208
mtRaw-apo24-60-of-77,JL0209
mtRaw-apo24-61-of-77,JL0210
mtRaw-apo24-62-of-77,JL0211
mtRaw-apo24-63-of-77,JL0212
mtRaw-apo24-64-of-77,JL0226
mtRaw-apo24-65-of-77,JL0239
mtRaw-apo24-66-of-77,JL0252
mtRaw-apo24-67-of-77,JL0255
mtRaw-apo24-68-of-77,JL0256
mtRaw-apo24-69-of-77,JL0257
mtRaw-apo24-70-of-77,JL0259
mtRaw-apo24-71-of-77,JL0292
mtRaw-apo24-72-of-77,JL0306
mtRaw-apo24-73-of-77,JL0333
mtRaw-apo24-74-of-77,JL0346
mtRaw-apo24-75-of-77,JL0347
mtRaw-apo24-76-of-77,JL0348
mtRaw-apo24-77-of-77,JL0349