mtRuns-001-of-315,usno/mt-dp-usno-spool.20081111.Part.01-of-38.MT0002.tar
mtRuns-001-of-315,usno/mt-dp-usno-spool.20081111.Part.02-of-38.MT0003.tar
mtRuns-002-of-315,usno/mt-dp-usno-spool.20081111.Part.03-of-38.MT0007.tar
mtRuns-003-of-315,usno/mt-dp-usno-spool.20081111.Part.04-of-38.MT0008.tar
mtRuns-004-of-315,usno/mt-dp-usno-spool.20081111.Part.05-of-38.MT0009.tar
mtRuns-005-of-315,usno/mt-dp-usno-spool.20081111.Part.06-of-38.MT0010.tar
mtRuns-006-of-315,usno/mt-dp-usno-spool.20081111.Part.07-of-38.MT0012.tar
mtRuns-007-of-315,usno/mt-dp-usno-spool.20081111.Part.08-of-38.MT0013.tar
mtRuns-008-of-315,usno/mt-dp-usno-spool.20081111.Part.09-of-38.MT0015.tar
mtRuns-009-of-315,usno/mt-dp-usno-spool.20081111.Part.10-of-38.MT0017.tar
mtRuns-010-of-315,usno/mt-dp-usno-spool.20081111.Part.11-of-38.MT0019.tar
mtRuns-011-of-315,usno/mt-dp-usno-spool.20081111.Part.12-of-38.MT0021.tar
mtRuns-012-of-315,usno/mt-dp-usno-spool.20081111.Part.13-of-38.MT0023.tar
mtRuns-013-of-315,usno/mt-dp-usno-spool.20081111.Part.14-of-38.MT0025.tar
mtRuns-014-of-315,usno/mt-dp-usno-spool.20081111.Part.15-of-38.MT0027.tar
mtRuns-015-of-315,usno/mt-dp-usno-spool.20081111.Part.16-of-38.MT0029.tar
mtRuns-016-of-315,usno/mt-dp-usno-spool.20081111.Part.17-of-38.MT0031.tar
mtRuns-017-of-315,usno/mt-dp-usno-spool.20081111.Part.18-of-38.MT0033.tar
mtRuns-018-of-315,usno/mt-dp-usno-spool.20081111.Part.19-of-38.MT0035.tar
mtRuns-019-of-315,usno/mt-dp-usno-spool.20081111.Part.20-of-38.MT0038.tar
mtRuns-020-of-315,usno/mt-dp-usno-spool.20081111.Part.21-of-38.NEW-op.par.OLD-op.par.listed_by_mjd-mjd50883-50943.tar
mtRuns-021-of-315,usno/mt-dp-usno-spool.20081111.Part.22-of-38.listed_by_mjd-mjd50944-50972.tar
mtRuns-022-of-315,usno/mt-dp-usno-spool.20081111.Part.23-of-38.listed_by_mjd-mjd50973-51091.tar
mtRuns-023-of-315,usno/mt-dp-usno-spool.20081111.Part.24-of-38.listed_by_mjd-mjd51092-51122.tar
mtRuns-024-of-315,usno/mt-dp-usno-spool.20081111.Part.25-of-38.listed_by_mjd-mjd51123-51181.tar
mtRuns-025-of-315,usno/mt-dp-usno-spool.20081111.Part.26-of-38.listed_by_mjd-mjd51182-51213.tar
mtRuns-026-of-315,usno/mt-dp-usno-spool.20081111.Part.27-of-38.listed_by_mjd-mjd51239-51296.tar
mtRuns-027-of-315,usno/mt-dp-usno-spool.20081111.Part.28-of-38.listed_by_mjd-mjd51300-51446.tar
mtRuns-028-of-315,usno/mt-dp-usno-spool.20081111.Part.29-of-38.listed_by_mjd-mjd51447-51473.tar
mtRuns-029-of-315,usno/mt-dp-usno-spool.20081111.Part.30-of-38.listed_by_mjd-mjd51474-51532.tar
mtRuns-030-of-315,usno/mt-dp-usno-spool.20081111.Part.31-of-38.listed_by_mjd-mjd51533-53562.tar
mtRuns-031-of-315,usno/mt-dp-usno-spool.20081111.Part.32-of-38.listed_by_mjd-mjd53563-53648.tar
mtRuns-032-of-315,usno/mt-dp-usno-spool.20081111.Part.33-of-38.listed_by_mjd-mjd53649-53687.tar
mtRuns-033-of-315,usno/mt-dp-usno-spool.20081111.Part.34-of-38.listed_by_mjd-mjd53702-53739.tar
mtRuns-034-of-315,usno/mt-dp-usno-spool.20081111.Part.35-of-38.listed_by_mjd-mjd53740-53797.tar
mtRuns-035-of-315,usno/mt-dp-usno-spool.20081111.Part.36-of-38.listed_by_mjd-mjd53798-53855.tar
mtRuns-036-of-315,usno/mt-dp-usno-spool.20081111.Part.37-of-38.listed_by_mjd-mjd53887-54282.tar
mtRuns-037-of-315,usno/mt-dp-usno-spool.20081111.Part.38-of-38.listed_by_mjd-mjd54283-54286.mjdsToDo.txtSTAR.obslogs.usnoLinks.csh.pixels.tar
mtRuns-038-of-315,mtCalibFrames/mtCalibFrames.20081111.Part-01-of-14.apo20-domeSTAR.mjd51257-51848.tgz
mtRuns-039-of-315,mtCalibFrames/mtCalibFrames.20081111.Part-02-of-14.apo20-mjd51849-52006.tgz
mtRuns-040-of-315,mtCalibFrames/mtCalibFrames.20081111.Part-03-of-14.apo20-mjd52007-52262.tgz
mtRuns-041-of-315,mtCalibFrames/mtCalibFrames.20081111.Part-04-of-14.apo20-mjd52263-52586.tgz
mtRuns-042-of-315,mtCalibFrames/mtCalibFrames.20081111.Part-05-of-14.apo20-mjd52589-52751.tgz
mtRuns-043-of-315,mtCalibFrames/mtCalibFrames.20081111.Part-06-of-14.apo20-mjd52753-52987.tgz
mtRuns-044-of-315,mtCalibFrames/mtCalibFrames.20081111.Part-07-of-14.apo20-mjd52988-53237.tgz
mtRuns-045-of-315,mtCalibFrames/mtCalibFrames.20081111.Part-08-of-14.apo20-mjd53239-53440.tgz
mtRuns-046-of-315,mtCalibFrames/mtCalibFrames.20081111.Part-09-of-14.apo20-mjd53441-53673.tgz
mtRuns-047-of-315,mtCalibFrames/mtCalibFrames.20081111.Part-10-of-14.apo20-mjd53674-53846.tgz
mtRuns-048-of-315,mtCalibFrames/mtCalibFrames.20081111.Part-11-of-14.apo20-mjd53848-54057.tgz
mtRuns-049-of-315,mtCalibFrames/mtCalibFrames.20081111.Part-12-of-14.apo20-mjd54059-54331.tgz
mtRuns-050-of-315,mtCalibFrames/mtCalibFrames.20081111.Part-13-of-14.apo20-mjd54333-54455.tgz
mtRuns-051-of-315,mtCalibFrames/mtCalibFrames.20081111.Part-14-of-14.apo20-mjd54459-54649.apo20-twiSTAR.usno-mjd51359.tgz
mtRuns-052-of-315,Final/20080915.160018/mtRuns-dp40.c.FINAL.20080915.Part.001-of-263.tar
mtRuns-053-of-315,Final/20080915.160018/mtRuns-dp40.c.FINAL.20080915.Part.002-of-263.tar
mtRuns-054-of-315,Final/20080915.160018/mtRuns-dp40.c.FINAL.20080915.Part.003-of-263.tar
mtRuns-055-of-315,Final/20080915.160018/mtRuns-dp40.c.FINAL.20080915.Part.004-of-263.tar
mtRuns-056-of-315,Final/20080915.160018/mtRuns-dp40.c.FINAL.20080915.Part.005-of-263.tar
mtRuns-057-of-315,Final/20080915.160018/mtR80915.160018/mtRuns-dp40.c.FINAL.20080915.Part.075-of-263.tar
mtRuns-127-of-315,Final/20080915.160018/mtRuns-dp40.c.FINAL.20080915.Part.076-of-263.tar
mtRuns-128-of-315,Final/20080915.160018/mtRuns-dp40.c.FINAL.20080915.Part.077-of-263.tar
mtRuns-129-of-315,Final/20080915.160018/mtRuns-dp40.c.FINAL.20080915.Part.078-of-263.tar
mtRuns-130-of-315,Final/20080915.160018/mtRuns-dp40.c.FINAL.20080915.Part.079-of-263.tar
mtRuns-131-of-315,Final/20080915.160018/mtRuns-dp40.c.FINAL.20080915.Part.080-of-263.tar
mtRuns-132-of-315,Final/20080915.160018/mtRuns-dp40.c.FINAL.20080915.Part.081-of-263.tar
mtRuns-133-of-315,Final/20080915.160018/mtRuns-dp40.c.FINAL.20080915.Part.082-of-263.tar
mtRuns-134-of-315,Final/20080915.160018/mtRuns-dp40.c.FINAL.20080915.Part.083-of-263.tar
mtRuns-135-of-315,Final/20080915.160018/mtRuns-dp40.c.FINAL.20080915.Part.084-of-263.tar
mtRuns-136-of-315,Final/20080915.160018/mtRuns-dp40.c.FINAL.20080915.Part.085-of-263.tar
mtRuns-137-of-315,Final/20080915.160018/mtRuns-dp40.c.FINAL.20080915.Part.086-of-263.tar
mtRuns-138-of-315,Final/20080915.160018/mtRuns-dp40.c.FINAL.20080915.Part.087-of-263.tar
mtRuns-139-of-315,Final/20080915.160018/mtRuns-dp40.c.FINAL.20080915.Part.088-of-263.tar
mtRuns-140-of-315,Final/20080915.160018/mtRuns-dp40.c.FINAL.20080915.Part.089-of-263.tar
mtRuns-141-of-315,Final/20080915.160018/mtRuns-dp40.c.FINAL.20080915.Part.090-of-263.tar
mtRuns-142-of-315,Final/20080915.160018/mtRuns-dp40.c.FINAL.20080915.Part.091-of-263.tar
mtRuns-143-of-315,Final/20080915.160018/mtRuns-dp40.c.FINAL.20080915.Part.092-of-263.tar
mtRuns-144-of-315,Final/20080915.160018/mtRuns-dp40.c.FINAL.20080915.Part.093-of-263.tar
mtRuns-145-of-315,Final/20080915.160018/mtRuns-dp40.c.FINAL.20080915.Part.094-of-263.tar
mtRuns-146-of-315,Final/20080915.160018/mtRuns-dp40.c.FINAL.20080915.Part.095-of-263.tar
mtRuns-147-of-315,Final/20080915.160018/mtRuns-dp40.c.FINAL.20080915.Part.096-of-263.tar
mtRuns-148-of-315,Final/20080915.160018/mtRuns-dp40.c.FINAL.20080915.Part.097-of-263.tar
mtRuns-149-of-315,Final/20080915.160018/mtRuns-dp40.c.FINAL.20080915.Part.098-of-263.tar
mtRuns-150-of-315,Final/20080915.160018/mtRuns-dp40.c.FINAL.20080915.Part.099-of-263.tar
mtRuns-151-of-315,Final/20080915.160018/mtRuns-dp40.c.FINAL.20080915.Part.100-of-263.tar
mtRuns-152-of-315,Final/20080915.160018/mtRuns-dp40.c.FINAL.20080915.Part.101-of-263.tar
mtRuns-153-of-315,Final/20080915.160018/mtRuns-dp40.c.FINAL.20080915.Part.102-of-263.tar
mtRuns-154-of-315,Final/20080915.160018/mtRuns-dp40.c.FINAL.20080915.Part.103-of-263.tar
mtRuns-155-of-315,Final/20080915.160018/mtRuns-dp40.c.FINAL.20080915.Part.104-of-263.tar
mtRuns-156-of-315,Final/20080915.160018/mtRuns-dp40.c.FINAL.20080915.Part.105-of-263.tar
mtRuns-157-of-315,Final/20080915.160018/mtRuns-dp40.c.FINAL.20080915.Part.106-of-263.tar
mtRuns-158-of-315,Final/20080915.160018/mtRuns-dp40.c.FINAL.20080915.Part.107-of-263.tar
mtRuns-159-of-315,Final/20080915.160018/mtRuns-dp40.c.FINAL.20080915.Part.108-of-263.tar
mtRuns-160-of-315,Final/20080915.160018/mtRuns-dp40.c.FINAL.20080915.Part.109-of-263.tar
mtRuns-161-of-315,Final/20080915.160018/mtRuns-dp40.c.FINAL.20080915.Part.110-of-263.tar
mtRuns-162-of-315,Final/20080915.160018/mtRuns-dp40.c.FINAL.20080915.Part.111-of-263.tar
mtRuns-163-of-315,Final/20080915.160018/mtRuns-dp40.c.FINAL.20080915.Part.112-of-263.tar
mtRuns-164-of-315,Final/20080915.160018/mtRuns-dp40.c.FINAL.20080915.Part.113-of-263.tar
mtRuns-165-of-315,Final/20080915.160018/mtRuns-dp40.c.FINAL.20080915.Part.114-of-263.tar
mtRuns-166-of-315,Final/20080915.160018/mtRuns-dp40.c.FINAL.20080915.Part.115-of-263.tar
mtRuns-167-of-315,Final/20080915.160018/mtRuns-dp40.c.FINAL.20080915.Part.116-of-263.tar
mtRuns-168-of-315,Final/20080915.160018/mtRuns-dp40.c.FINAL.20080915.Part.117-of-263.tar
mtRuns-169-of-315,Final/20080915.160018/mtRuns-dp40.c.FINAL.20080915.Part.118-of-263.tar
mtRuns-170-of-315,Final/20080915.160018/mtRuns-dp40.c.FINAL.20080915.Part.119-of-263.tar
mtRuns-171-of-315,Final/20080915.160018/mtRuns-dp40.c.FINAL.20080915.Part.120-of-263.tar
mtRuns-172-of-315,Final/20080915.160018/mtRuns-dp40.c.FINAL.20080915.Part.121-of-263.tar
mtRuns-173-of-315,Final/20080915.160018/mtRuns-dp40.c.FINAL.20080915.Part.122-of-263.tar
mtRuns-174-of-315,Final/20080915.160018/mtRuns-dp40.c.FINAL.20080915.Part.123-of-263.tar
mtRuns-175-of-315,Final/20080915.160018/mtRuns-dp40.c.FINAL.20080915.Part.124-of-263.tar
mtRuns-176-of-315,Final/20080915.160018/mtRuns-dp40.c.FINAL.20080915.Part.125-of-263.tar
mtRuns-177-of-315,Final/20080915.160018/mtRuns-dp40.c.FINAL.20080915.Part.126-of-263.tar
mtRuns-178-of-315,Final/20080915.160018/mtRuns-dp40.c.FINAL.20080915.Part.127-of-263.tar
mtRuns-179-of-315,Final/20080915.160018/mtRuns-dp40.c.FINAL.20080915.Part.128-of-263.tar
mtRuns-180-of-315,Final/20080915.160018/mtRuns-dp40.c.FINAL.20080915.Part.129-of-263.tar
mtRuns-181-of-315,Final/20080915.160018/mtRuns-dp40.c.FINAL.20080915.Part.130-of-263.tar
mtRuns-182-of-315,Final/20080915.160018/mtRuns-dp40.c.FINAL.20080915.Part.131-of-263.tar
mtRuns-183-of-315,Final/20080915.160018/mtRuns-dp40.c.FINAL.20080915.Part.132-of-263.tar
mtRuns-184-of-315,Final/20080915.160018/mtRuns-dp40.c.FINAL.20080915.Part.133-of-263.tar
mtRuns-185-of-315,Final/20080915.160018/mtRuns-dp40.c.FINAL.20080915.Part.134-of-263.tar
mtRuns-186-of-315,Final/20080915.160018/mtRuns-dp40.c.FINAL.20080915.Part.135-of-263.tar
mtRuns-187-of-315,Final/20080915.160018/mtRuns-dp40.c.FINAL.20080915.Part.136-of-263.tar
mtRuns-188-of-315,Final/20080915.160018/mtRuns-dp40.c.FINAL.20080915.Part.137-of-263.tar
mtRuns-189-of-315,Final/20080915.160018/mtRuns-dp40.c.FINAL.20080915.Part.138-of-263.tar
mtRuns-190-of-315,Final/20080915.160018/mtRuns-dp40.c.FINAL.20080915.Part.139-of-263.tar
mtRuns-191-of-315,Final/20080915.160018/mtRuns-dp40.c.FINAL.20080915.Part.140-of-263.tar
mtRuns-192-of-315,Final/20080915.160018/mtRuns-dp40.c.FINAL.20080915.Part.141-of-263.tar
mtRuns-193-of-315,Final/20080915.160018/mtRuns-dp40.c.FINAL.20080915.Part.142-of-263.tar
mtRuns-194-of-315,Final/20080915.160018/mtRuns-dp40.c.FINAL.20080915.Part.143-of-263.tar
mtRuns-195-of-315,Final/20080915.160018/mtRuns-dp40.c.FINAL.20080915.Part.144-of-263.tar
mtRuns-196-of-315,Final/20080915.160018/mtRuns-dp40.c.FINAL.20080915.Part.145-of-263.tar
mtRuns-197-of-315,Final/20080915.160018/mtRuns-dp40.c.FINAL.20080915.Part.146-of-263.tar
mtRuns-198-of-315,Final/20080915.160018/mtRuns-dp40.c.FINAL.20080915.Part.147-of-263.tar
mtRuns-199-of-315,Final/20080915.160018/mtRuns-dp40.c.FINAL.20080915.Part.148-of-263.tar
mtRuns-200-of-315,Final/20080915.160018/mtRuns-dp40.c.FINAL.20080915.Part.149-of-263.tar
mtRuns-201-of-315,Final/20080915.160018/mtRuns-dp40.c.FINAL.20080915.Part.150-of-263.tar
mtRuns-202-of-315,Final/20080915.160018/mtRuns-dp40.c.FINAL.20080915.Part.151-of-263.tar
mtRuns-203-of-315,Final/20080915.160018/mtRuns-dp40.c.FINAL.20080915.Part.152-of-263.tar
mtRuns-204-of-315,Final/20080915.160018/mtRuns-dp40.c.FINAL.20080915.Part.153-of-263.tar
mtRuns-205-of-315,Final/20080915.160018/mtRuns-dp40.c.FINAL.20080915.Part.154-of-263.tar
mtRuns-206-of-315,Final/20080915.160018/mtRuns-dp40.c.FINAL.20080915.Part.155-of-263.tar
mtRuns-207-of-315,Final/20080915.160018/mtRuns-dp40.c.FINAL.20080915.Part.156-of-263.tar
mtRuns-208-of-315,Final/20080915.160018/mtRuns-dp40.c.FINAL.20080915.Part.157-of-263.tar
mtRuns-209-of-315,Final/20080915.160018/mtRuns-dp40.c.FINAL.20080915.Part.158-of-263.tar
mtRuns-210-of-315,Final/20080915.160018/mtRuns-dp40.c.FINAL.20080915.Part.159-of-263.tar
mtRuns-211-of-315,Final/20080915.160018/mtRuns-dp40.c.FINAL.20080915.Part.160-of-263.tar
mtRuns-212-of-315,Final/20080915.160018/mtRuns-dp40.c.FINAL.20080915.Part.161-of-263.tar
mtRuns-213-of-315,Final/20080915.160018/mtRuns-dp40.c.FINAL.20080915.Part.162-of-263.tar
mtRuns-214-of-315,Final/20080915.160018/mtRuns-dp40.c.FINAL.20080915.Part.163-of-263.tar
mtRuns-215-of-315,Final/20080915.160018/mtRuns-dp40.c.FINAL.20080915.Part.164-of-263.tar
mtRuns-216-of-315,Final/20080915.160018/mtRuns-dp40.c.FINAL.20080915.Part.165-of-263.tar
mtRuns-217-of-315,Final/20080915.160018/mtRuns-dp40.c.FINAL.20080915.Part.166-of-263.tar
mtRuns-218-of-315,Final/20080915.160018/mtRuns-dp40.c.FINAL.20080915.Part.167-of-263.tar
mtRuns-219-of-315,Final/20080915.160018/mtRuns-dp40.c.FINAL.20080915.Part.168-of-263.tar
mtRuns-220-of-315,Final/20080915.160018/mtRuns-dp40.c.FINAL.20080915.Part.169-of-263.tar
mtRuns-221-of-315,Final/20080915.160018/mtRuns-dp40.c.FINAL.20080915.Part.170-of-263.tar
mtRuns-222-of-315,Final/20080915.160018/mtRuns-dp40.c.FINAL.20080915.Part.171-of-263.tar
mtRuns-223-of-315,Final/20080915.160018/mtRuns-dp40.c.FINAL.20080915.Part.172-of-263.tar
mtRuns-224-of-315,Final/20080915.160018/mtRuns-dp40.c.FINAL.20080915.Part.173-of-263.tar
mtRuns-225-of-315,Final/20080915.160018/mtRuns-dp40.c.FINAL.20080915.Part.174-of-263.tar
mtRuns-226-of-315,Final/20080915.160018/mtRuns-dp40.c.FINAL.20080915.Part.175-of-263.tar
mtRuns-227-of-315,Final/20080915.160018/mtRuns-dp40.c.FINAL.20080915.Part.176-of-263.tar
mtRuns-228-of-315,Final/20080915.160018/mtRuns-dp40.c.FINAL.20080915.Part.177-of-263.tar
mtRuns-229-of-315,Final/20080915.160018/mtRuns-dp40.c.FINAL.20080915.Part.178-of-263.tar
mtRuns-230-of-315,Final/20080915.160018/mtRuns-dp40.c.FINAL.20080915.Part.179-of-263.tar
mtRuns-231-of-315,Final/20080915.160018/mtRuns-dp40.c.FINAL.20080915.Part.180-of-263.tar
mtRuns-232-of-315,Final/20080915.160018/mtRuns-dp40.c.FINAL.20080915.Part.181-of-263.tar
mtRuns-233-of-315,Final/20080915.160018/mtRuns-dp40.c.FINAL.20080915.Part.182-of-263.tar
mtRuns-234-of-315,Final/20080915.160018/mtRuns-dp40.c.FINAL.20080915.Part.183-of-263.tar
mtRuns-235-of-315,Final/20080915.160018/mtRuns-dp40.c.FINAL.20080915.Part.184-of-263.tar
mtRuns-236-of-315,Final/20080915.160018/mtRuns-dp40.c.FINAL.20080915.Part.185-of-263.tar
mtRuns-237-of-315,Final/20080915.160018/mtRuns-dp40.c.FINAL.20080915.Part.186-of-263.tar
mtRuns-238-of-315,Final/20080915.160018/mtRuns-dp40.c.FINAL.20080915.Part.187-of-263.tar
mtRuns-239-of-315,Final/20080915.160018/mtRuns-dp40.c.FINAL.20080915.Part.188-of-263.tar
mtRuns-240-of-315,Final/20080915.160018/mtRuns-dp40.c.FINAL.20080915.Part.189-of-263.tar
mtRuns-241-of-315,Final/20080915.160018/mtRuns-dp40.c.FINAL.20080915.Part.190-of-263.tar
mtRuns-242-of-315,Final/20080915.160018/mtRuns-dp40.c.FINAL.20080915.Part.191-of-263.tar
mtRuns-243-of-315,Final/20080915.160018/mtRuns-dp40.c.FINAL.20080915.Part.192-of-263.tar
mtRuns-244-of-315,Final/20080915.160018/mtRuns-dp40.c.FINAL.20080915.Part.193-of-263.tar
mtRuns-245-of-315,Final/20080915.160018/mtRuns-dp40.c.FINAL.20080915.Part.194-of-263.tar
mtRuns-246-of-315,Final/20080915.160018/mtRuns-dp40.c.FINAL.20080915.Part.195-of-263.tar
mtRuns-247-of-315,Final/20080915.160018/mtRuns-dp40.c.FINAL.20080915.Part.196-of-263.tar
mtRuns-248-of-315,Final/20080915.160018/mtRuns-dp40.c.FINAL.20080915.Part.197-of-263.tar
mtRuns-249-of-315,Final/20080915.160018/mtRuns-dp40.c.FINAL.20080915.Part.198-of-263.tar
mtRuns-250-of-315,Final/20080915.160018/mtRuns-dp40.c.FINAL.20080915.Part.199-of-263.tar
mtRuns-251-of-315,Final/20080915.160018/mtRuns-dp40.c.FINAL.20080915.Part.200-of-263.tar
mtRuns-252-of-315,Final/20080915.160018/mtRuns-dp40.c.FINAL.20080915.Part.201-of-263.tar
mtRuns-253-of-315,Final/20080915.160018/mtRuns-dp40.c.FINAL.20080915.Part.202-of-263.tar
mtRuns-254-of-315,Final/20080915.160018/mtRuns-dp40.c.FINAL.20080915.Part.203-of-263.tar
mtRuns-255-of-315,Final/20080915.160018/mtRuns-dp40.c.FINAL.20080915.Part.204-of-263.tar
mtRuns-256-of-315,Final/20080915.160018/mtRuns-dp40.c.FINAL.20080915.Part.205-of-263.tar
mtRuns-257-of-315,Final/20080915.160018/mtRuns-dp40.c.FINAL.20080915.Part.206-of-263.tar
mtRuns-258-of-315,Final/20080915.160018/mtRuns-dp40.c.FINAL.20080915.Part.207-of-263.tar
mtRuns-259-of-315,Final/20080915.160018/mtRuns-dp40.c.FINAL.20080915.Part.208-of-263.tar
mtRuns-260-of-315,Final/20080915.160018/mtRuns-dp40.c.FINAL.20080915.Part.209-of-263.tar
mtRuns-261-of-315,Final/20080915.160018/mtRuns-dp40.c.FINAL.20080915.Part.210-of-263.tar
mtRuns-262-of-315,Final/20080915.160018/mtRuns-dp40.c.FINAL.20080915.Part.211-of-263.tar
mtRuns-263-of-315,Final/20080915.160018/mtRuns-dp40.c.FINAL.20080915.Part.212-of-263.tar
mtRuns-264-of-315,Final/20080915.160018/mtRuns-dp40.c.FINAL.20080915.Part.213-of-263.tar
mtRuns-265-of-315,Final/20080915.160018/mtRuns-dp40.c.FINAL.20080915.Part.214-of-263.tar
mtRuns-266-of-315,Final/20080915.160018/mtRuns-dp40.c.FINAL.20080915.Part.215-of-263.tar
mtRuns-267-of-315,Final/20080915.160018/mtRuns-dp40.c.FINAL.20080915.Part.216-of-263.tar
mtRuns-268-of-315,Final/20080915.160018/mtRuns-dp40.c.FINAL.20080915.Part.217-of-263.tar
mtRuns-269-of-315,Final/20080915.160018/mtRuns-dp40.c.FINAL.20080915.Part.218-of-263.tar
mtRuns-270-of-315,Final/20080915.160018/mtRuns-dp40.c.FINAL.20080915.Part.219-of-263.tar
mtRuns-271-of-315,Final/20080915.160018/mtRuns-dp40.c.FINAL.20080915.Part.220-of-263.tar
mtRuns-272-of-315,Final/20080915.160018/mtRuns-dp40.c.FINAL.20080915.Part.221-of-263.tar
mtRuns-273-of-315,Final/20080915.160018/mtRuns-dp40.c.FINAL.20080915.Part.222-of-263.tar
mtRuns-274-of-315,Final/20080915.160018/mtRuns-dp40.c.FINAL.20080915.Part.223-of-263.tar
mtRuns-275-of-315,Final/20080915.160018/mtRuns-dp40.c.FINAL.20080915.Part.224-of-263.tar
mtRuns-276-of-315,Final/20080915.160018/mtRuns-dp40.c.FINAL.20080915.Part.225-of-263.tar
mtRuns-277-of-315,Final/20080915.160018/mtRuns-dp40.c.FINAL.20080915.Part.226-of-263.tar
mtRuns-278-of-315,Final/20080915.160018/mtRuns-dp40.c.FINAL.20080915.Part.227-of-263.tar
mtRuns-279-of-315,Final/20080915.160018/mtRuns-dp40.c.FINAL.20080915.Part.228-of-263.tar
mtRuns-280-of-315,Final/20080915.160018/mtRuns-dp40.c.FINAL.20080915.Part.229-of-263.tar
mtRuns-281-of-315,Final/20080915.160018/mtRuns-dp40.c.FINAL.20080915.Part.230-of-263.tar
mtRuns-282-of-315,Final/20080915.160018/mtRuns-dp40.c.FINAL.20080915.Part.231-of-263.tar
mtRuns-283-of-315,Final/20080915.160018/mtRuns-dp40.c.FINAL.20080915.Part.232-of-263.tar
mtRuns-284-of-315,Final/20080915.160018/mtRuns-dp40.c.FINAL.20080915.Part.233-of-263.tar
mtRuns-285-of-315,Final/20080915.160018/mtRuns-dp40.c.FINAL.20080915.Part.234-of-263.tar
mtRuns-286-of-315,Final/20080915.160018/mtRuns-dp40.c.FINAL.20080915.Part.235-of-263.tar
mtRuns-287-of-315,Final/20080915.160018/mtRuns-dp40.c.FINAL.20080915.Part.236-of-263.tar
mtRuns-288-of-315,Final/20080915.160018/mtRuns-dp40.c.FINAL.20080915.Part.237-of-263.tar
mtRuns-289-of-315,Final/20080915.160018/mtRuns-dp40.c.FINAL.20080915.Part.238-of-263.tar
mtRuns-290-of-315,Final/20080915.160018/mtRuns-dp40.c.FINAL.20080915.Part.239-of-263.tar
mtRuns-291-of-315,Final/20080915.160018/mtRuns-dp40.c.FINAL.20080915.Part.240-of-263.tar
mtRuns-292-of-315,Final/20080915.160018/mtRuns-dp40.c.FINAL.20080915.Part.241-of-263.tar
mtRuns-293-of-315,Final/20080915.160018/mtRuns-dp40.c.FINAL.20080915.Part.242-of-263.tar
mtRuns-294-of-315,Final/20080915.160018/mtRuns-dp40.c.FINAL.20080915.Part.243-of-263.tar
mtRuns-295-of-315,Final/20080915.160018/mtRuns-dp40.c.FINAL.20080915.Part.244-of-263.tar
mtRuns-296-of-315,Final/20080915.160018/mtRuns-dp40.c.FINAL.20080915.Part.245-of-263.tar
mtRuns-297-of-315,Final/20080915.160018/mtRuns-dp40.c.FINAL.20080915.Part.246-of-263.tar
mtRuns-298-of-315,Final/20080915.160018/mtRuns-dp40.c.FINAL.20080915.Part.247-of-263.tar
mtRuns-299-of-315,Final/20080915.160018/mtRuns-dp40.c.FINAL.20080915.Part.248-of-263.tar
mtRuns-300-of-315,Final/20080915.160018/mtRuns-dp40.c.FINAL.20080915.Part.249-of-263.tar
mtRuns-301-of-315,Final/20080915.160018/mtRuns-dp40.c.FINAL.20080915.Part.250-of-263.tar
mtRuns-302-of-315,Final/20080915.160018/mtRuns-dp40.c.FINAL.20080915.Part.251-of-263.tar
mtRuns-303-of-315,Final/20080915.160018/mtRuns-dp40.c.FINAL.20080915.Part.252-of-263.tar
mtRuns-304-of-315,Final/20080915.160018/mtRuns-dp40.c.FINAL.20080915.Part.253-of-263.tar
mtRuns-305-of-315,Final/20080915.160018/mtRuns-dp40.c.FINAL.20080915.Part.254-of-263.tar
mtRuns-306-of-315,Final/20080915.160018/mtRuns-dp40.c.FINAL.20080915.Part.255-of-263.tar
mtRuns-307-of-315,Final/20080915.160018/mtRuns-dp40.c.FINAL.20080915.Part.256-of-263.tar
mtRuns-308-of-315,Final/20080915.160018/mtRuns-dp40.c.FINAL.20080915.Part.257-of-263.tar
mtRuns-309-of-315,Final/20080915.160018/mtRuns-dp40.c.FINAL.20080915.Part.258-of-263.tar
mtRuns-310-of-315,Final/20080915.160018/mtRuns-dp40.c.FINAL.20080915.Part.259-of-263.tar
mtRuns-311-of-315,Final/20080915.160018/mtRuns-dp40.c.FINAL.20080915.Part.260-of-263.tar
mtRuns-312-of-315,Final/20080915.160018/mtRuns-dp40.c.FINAL.20080915.Part.261-of-263.tar
mtRuns-313-of-315,Final/20080915.160018/mtRuns-dp40.c.FINAL.20080915.Part.262-of-263.tar
mtRuns-314-of-315,Final/20080915.160018/mtRuns-dp40.c.FINAL.20080915.Part.263-of-263.tar
mtRuns-315-of-315,mtQA/mtQA.20081111.tgz
