products-001-of-213,dependencies/sdssProdDependencies-20040910.tar
products-001-of-213,dependencies/sdssProdDependencies-20050310.tar
products-001-of-213,dependencies/sdssProdDependencies-20060222.tgz
products-001-of-213,farm/farmProds.fnsfo.TRY.Aug2003.tar
products-001-of-213,farm/farmProds.Linux-old-good.Aug2003.tar
products-001-of-213,farm/farmProds.NoNeed.astrom.mt.photo.sdsscvs.IRIX-6.Aug2003.tar
products-001-of-213,farm/farmProds.NoNeed.astrom.v3_7.Linux.Aug2003.tar
products-001-of-213,farm/farmProds.NoNeed.mt.v8_0.Linux.Aug2003.tar
products-001-of-213,farm/farmProds.NoNeed.sdsscvs.v1_4.Linux.Aug2003.tar
products-001-of-213,farm/farmProds.OLD-or-NoNeed.upsdb.Aug2003.tar
products-001-of-213,farm/farmProds.OLD.astrotools.v5_9-14.Linux.Aug2003.tar
products-001-of-213,farm/farmProds.OLD.dervish.v8_9-15.Linux.Aug2003.tar
products-001-of-213,farm/farmProds.OLD.fftw.v1_3.Linux.Aug2003.tar
products-001-of-213,farm/farmProds.OLD.photo.v5_3_47.55.58.Linux.Aug2003.tar
products-001-of-213,farm/farmProds.OLD.photo.v5_4_16-24.Linux.Aug2003.tar
products-001-of-213,farm/farmProds.OLD.photo.v5_4_2-15.Linux.Aug2003.tar
products-001-of-213,farm/farmProds.OLD.sdssmath.v5_6-11.Linux.Aug2003.tar
products-001-of-213,farm/farmProds.OLD.sdsstools.v4_14-17.Linux.Aug2003.tar
products-002-of-213,grid/fnpcSdssUpsProds.After64bitChgs.20070124.tgz
products-002-of-213,grid/fnpcSdssUpsProds.Before64bitChgs.20070124.tgz
products-002-of-213,grid/grid-app-sdss_apps-products-ups.20071002.UPS-PRODUCTS.tgz
products-003-of-213,grid/grid-app-sdss_apps.20071002.GRID-PRODUCTS.tgz
products-003-of-213,grid/home-sdssdp-p.AND-products.20071002.GRID-PRODUCTS-B4elimHomeDir.tgz
products-004-of-213,monthly/20011227.1515/sdssprd1_from_idl_thru_mtstds.Part002.20011227.tar
products-004-of-213,monthly/20011227.1515/sdssprd1_from_Info_thru_gtools.Part001.20011227.tar
products-005-of-213,monthly/20011227.1515/sdssprd1_from_ncd_thru_sdssdp.Part003.tar
products-005-of-213,monthly/20011227.1515/sdssprd1_from_sdssidl_thru_tycho2.Part004.20011227.tar
products-005-of-213,monthly/20011227.1515/sdssprd1_from_ucac_thru_xntp_PLUS.updfiles_PLUS.upsfiles.Part005.20011227.tar
products-006-of-213,monthly/20020125.1556/sdssprd1_from_db_ghostscript_thru_prd_lsf.Part002.20020125.1556.tar
products-006-of-213,monthly/20020125.1556/sdssprd1_from_db_lynx_thru_prd_sdsscvs.Part003.20020125.1556.tar
products-006-of-213,monthly/20020125.1556/sdssprd1_from_db_target_thru_prd_tycho2.Part005.20020125.1556.tar
products-007-of-213,monthly/20020125.1556/sdssprd1_from_db_ucac_thru_prd_xntp.Part006.20020125.1556.tar
products-007-of-213,monthly/20020125.1556/sdssprd1_from_DOT-FILES,etc,manFiles_THEN-PRODUCTS_db_apache_thru_prd_geomview.Part001.20020125.1556.tar
products-007-of-213,monthly/20020125.1556/sdssprd1_from_prd_sdssdp_thru_prd_tables.Part004.20020125.1556.tar
products-008-of-213,monthly/20020201.0005/sdssprd1_from_db_ghostscript_thru_prd_lsf.Part002.20020201.0005.tar
products-008-of-213,monthly/20020201.0005/sdssprd1_from_db_lynx_thru_prd_sdsscvs.Part003.20020201.0005.tar
products-008-of-213,monthly/20020201.0005/sdssprd1_from_db_target_thru_prd_tycho2.Part005.20020201.0005.tar
products-009-of-213,monthly/20020201.0005/sdssprd1_from_db_ucac_thru_prd_xntp.Part006.20020201.0005.tar
products-009-of-213,monthly/20020201.0005/sdssprd1_from_DOT-FILES,etc,manFiles_THEN-PRODUCTS_db_apache_thru_prd_geomview.Part001.20020201.0005.tar
products-009-of-213,monthly/20020201.0005/sdssprd1_from_prd_sdssdp_thru_prd_tables.Part004.20020201.0005.tar
products-010-of-213,monthly/20020301.0005/sdssprd1_from_db_encp_thru_prd_iraf.Part002.20020301.0005.tar
products-010-of-213,monthly/20020301.0005/sdssprd1_from_db_ispell_thru_prd_pgplot.Part003.20020301.0005.tar
products-011-of-213,monthly/20020301.0005/sdssprd1_from_db_photo_thru_prd_sdsscvs.Part004.20020301.0005.tar
products-011-of-213,monthly/20020301.0005/sdssprd1_from_db_sxLoader_thru_prd_tycho2.Part006.20020301.0005.tar
products-011-of-213,monthly/20020301.0005/sdssprd1_from_db_ucac_thru_prd_xntp.Part007.20020301.0005.tar
products-012-of-213,monthly/20020301.0005/sdssprd1_from_DOT-FILES,etc,manFiles_THEN-PRODUCTS_prd_acroread_thru_prd_emacs.Part001.20020301.0005.tar
products-012-of-213,monthly/20020301.0005/sdssprd1_from_prd_sdssdp_thru_prd_sxGeneral.Part005.20020301.0005.tar
products-013-of-213,monthly/20020403.1653/sdssprd1_from_db_emacs_thru_prd_insure.Part002.20020403.1653.tar
products-013-of-213,monthly/20020403.1653/sdssprd1_from_db_iraf_thru_prd_mtSch.Part003.20020403.1653.tar
products-013-of-213,monthly/20020403.1653/sdssprd1_from_db_mtstds_thru_prd_pgplot.Part004a.20020403.1653.tar
products-014-of-213,monthly/20020403.1653/sdssprd1_from_db_photo_thru_prd_photo.Part004b.20020403.1653.tar
products-014-of-213,monthly/20020403.1653/sdssprd1_from_db_photoSch_thru_prd_specflat.Part005.20020403.1653.tar
products-014-of-213,monthly/20020403.1653/sdssprd1_from_db_spectro_thru_prd_tex.Part006.20020403.1653.tar
products-015-of-213,monthly/20020403.1653/sdssprd1_from_db_tex_files_thru_prd_tycho2.Part007.20020403.1653.tar
products-015-of-213,monthly/20020403.1653/sdssprd1_from_db_ucac_thru_prd_xntp.Part008.20020403.1653.tar
products-015-of-213,monthly/20020403.1653/sdssprd1_from_DOT-FILES,etc,manFiles_THEN-PRODUCTS_prd_acroread_thru_prd_dust.Part001.20020403.1653.tar
products-016-of-213,monthly/20020501.0950/sdssprd1_from_db_dust_thru_prd_insure.Part002.20020501.0950.tar
products-016-of-213,monthly/20020501.0950/sdssprd1_from_db_iraf_thru_prd_mt.Part003.20020501.0950.tar
products-016-of-213,monthly/20020501.0950/sdssprd1_from_db_mtSch_thru_prd_pgplot.Part004.20020501.0950.tar
products-017-of-213,monthly/20020501.0950/sdssprd1_from_db_photo_thru_prd_ptdb.Part005.20020501.0950.tar
products-017-of-213,monthly/20020501.0950/sdssprd1_from_db_python_thru_prd_strategy.Part006.20020501.0950.tar
products-017-of-213,monthly/20020501.0950/sdssprd1_from_db_stsdas_thru_prd_ts.Part007.20020501.0950.tar
products-018-of-213,monthly/20020501.0950/sdssprd1_from_db_tycho2_thru_prd_xemacs.Part008.20020501.0950.tar
products-018-of-213,monthly/20020501.0950/sdssprd1_from_db_xfig_thru_prd_xntp.Part009.20020501.0950.tar
products-018-of-213,monthly/20020501.0950/sdssprd1_from_DOT-FILES,etc,manFiles_THEN-PRODUCTS_head_thru_prd_dss.Part001.20020501.0950.tar
products-019-of-213,monthly/20020603.0924/sdssprd1_from_db_dss_thru_prd_idl.Part002.20020603.0924.tar
products-019-of-213,monthly/20020603.0924/sdssprd1_from_db_idlastron_thru_prd_lsf.Part003.20020603.0924.tar
products-020-of-213,monthly/20020603.0924/sdssprd1_from_db_lynx_thru_prd_pgplot.Part004.20020603.0924.tar
products-020-of-213,monthly/20020603.0924/sdssprd1_from_DOT-FILES,etc,manFiles_THEN-PRODUCTS_prd_acroread_thru_prd_dp.Part001.20020603.0924.tar
products-021-of-213,monthly/20020603.1025/sdssprd1_from_db_dss_thru_prd_idl.Part002.20020603.1025.tar
products-021-of-213,monthly/20020603.1025/sdssprd1_from_db_idlastron_thru_prd_lsf.Part003.20020603.1025.tar
products-022-of-213,monthly/20020603.1025/sdssprd1_from_db_lynx_thru_prd_pgplot.Part004.20020603.1025.tar
products-022-of-213,monthly/20020603.1025/sdssprd1_from_DOT-FILES,etc,manFiles_THEN-PRODUCTS_prd_acroread_thru_prd_dp.Part001.20020603.1025.tar
products-023-of-213,monthly/20020603.1328/sdssprd1_from_db_dss_thru_prd_idl.Part002.20020603.1328.tar
products-023-of-213,monthly/20020603.1328/sdssprd1_from_db_idlastron_thru_prd_lsf.Part003.20020603.1328.tar
products-023-of-213,monthly/20020603.1328/sdssprd1_from_DOT-FILES,etc,manFiles_THEN-PRODUCTS_prd_acroread_thru_prd_dp.Part001.20020603.1328.tar
products-024-of-213,monthly/20020605.1206/sdssprd1_from_db_dp_thru_prd_gtools.Part002.20020605.1206.tar
products-024-of-213,monthly/20020605.1206/sdssprd1_from_db_idl_thru_prd_lapack.Part003.20020605.1206.tar
products-024-of-213,monthly/20020605.1206/sdssprd1_from_db_libfits_thru_prd_pgplot.Part004.20020605.1206.tar
products-025-of-213,monthly/20020605.1206/sdssprd1_from_db_photoSch_thru_prd_spectro.Part006.20020605.1206.tar
products-025-of-213,monthly/20020605.1206/sdssprd1_from_DOT-FILES,etc,manFiles_THEN-PRODUCTS_prd_acroread_thru_prd_dm.Part001.20020605.1206.tar
products-026-of-213,monthly/20020605.1943/sdssprd1_from_db_dss_thru_prd_idlspec2d.Part002.20020605.1943.tar
products-026-of-213,monthly/20020605.1943/sdssprd1_from_db_idlutils_thru_prd_lsf.Part003.20020605.1943.tar
products-026-of-213,monthly/20020605.1943/sdssprd1_from_db_lynx_thru_prd_pgplot.Part004.20020605.1943.tar
products-027-of-213,monthly/20020605.1943/sdssprd1_from_db_photo_thru_prd_photo.Part005.20020605.1943.tar.gz
products-027-of-213,monthly/20020605.1943/sdssprd1_from_db_photoSch_thru_prd_spectro.Part006.20020605.1943.tar
products-027-of-213,monthly/20020605.1943/sdssprd1_from_db_spectrodoc_thru_prd_tiling.Part007.20020605.1943.tar
products-028-of-213,monthly/20020605.1943/sdssprd1_from_db_tk_thru_prd_ucac.Part008.20020605.1943.tar
products-028-of-213,monthly/20020605.1943/sdssprd1_from_db_upd_thru_prd_xntp.Part009.20020605.1943.tar
products-028-of-213,monthly/20020605.1943/sdssprd1_from_DOT-FILES,etc,manFiles_THEN-PRODUCTS_prd_acroread_thru_prd_dp.Part001.20020605.1943.tar
products-029-of-213,monthly/20020701.0005/sdssprd1_from_db_dss_thru_prd_idlspec2d.Part002.20020701.0005.tar
products-029-of-213,monthly/20020701.0005/sdssprd1_from_db_idlutils_thru_prd_lsf.Part003.20020701.0005.tar
products-029-of-213,monthly/20020701.0005/sdssprd1_from_db_lynx_thru_prd_pgplot.Part004.20020701.0005.tar
products-030-of-213,monthly/20020701.0005/sdssprd1_from_db_photo_thru_prd_ptdb.Part005.20020701.0005.tar
products-030-of-213,monthly/20020701.0005/sdssprd1_from_db_python_thru_prd_ssc.Part006.20020701.0005.tar
products-030-of-213,monthly/20020701.0005/sdssprd1_from_db_stdcpplib_thru_prd_ts.Part007.20020701.0005.tar
products-031-of-213,monthly/20020701.0005/sdssprd1_from_db_tycho2_thru_prd_xemacs.Part008.20020701.0005.tar
products-031-of-213,monthly/20020701.0005/sdssprd1_from_db_xfig_thru_prd_xntp.Part009.20020701.0005.tar
products-031-of-213,monthly/20020701.0005/sdssprd1_from_DOT-FILES,etc,manFiles_THEN-PRODUCTS_prd_acroread_thru_prd_dp.Part001.20020701.0005.tar
products-032-of-213,monthly/20020801.0005/sdssprd1_from_db_diff_thru_prd_idl.Part002.20020801.0005.tar
products-032-of-213,monthly/20020801.0005/sdssprd1_from_db_idlastron_thru_prd_lsf.Part003.20020801.0005.tar
products-033-of-213,monthly/20020801.0005/sdssprd1_from_db_lynx_thru_prd_photo.Part004.20020801.0005.tar
products-033-of-213,monthly/20020801.0005/sdssprd1_from_db_photoSch_thru_prd_specflat.Part005.20020801.0005.tar
products-033-of-213,monthly/20020801.0005/sdssprd1_from_db_spectro_thru_prd_target.Part006.20020801.0005.tar
products-034-of-213,monthly/20020801.0005/sdssprd1_from_db_tcl_thru_prd_tycho2.Part007.20020801.0005.tar
products-034-of-213,monthly/20020801.0005/sdssprd1_from_db_ucac_thru_prd_xntp.Part008.20020801.0005.tar
products-034-of-213,monthly/20020801.0005/sdssprd1_from_DOT-FILES,etc,manFiles_THEN-PRODUCTS_prd_acroread_thru_prd_dervish.Part001.20020801.0005.tar
products-035-of-213,monthly/20020901.0005/sdssprd1_from_db_dervish_thru_prd_fastt.Part002.20020901.0005.tar
products-035-of-213,monthly/20020901.0005/sdssprd1_from_db_fbsng_thru_prd_insure.Part003.20020901.0005.tar
products-035-of-213,monthly/20020901.0005/sdssprd1_from_db_invdata_thru_prd_mt.Part004.20020901.0005.tar
products-036-of-213,monthly/20020901.0005/sdssprd1_from_db_mtSch_thru_prd_photo.Part005.20020901.0005.tar
products-036-of-213,monthly/20020901.0005/sdssprd1_from_db_photoSch_thru_prd_specflat.Part006.20020901.0005.tar
products-036-of-213,monthly/20020901.0005/sdssprd1_from_db_spectro_thru_prd_target.Part007.20020901.0005.tar
products-037-of-213,monthly/20020901.0005/sdssprd1_from_db_tcl_thru_prd_tycho2.Part008.20020901.0005.tar
products-037-of-213,monthly/20020901.0005/sdssprd1_from_db_ucac_thru_prd_xntp.Part009.20020901.0005.tar
products-037-of-213,monthly/20020901.0005/sdssprd1_from_DOT-FILES,etc,manFiles_THEN-PRODUCTS_prd_acroread_thru_prd_dddebugger.Part001.20020901.0005.tar
products-038-of-213,monthly/20021001.0005/sdssprd1_from_db_dervish_thru_prd_fastt.Part002.20021001.0005.tar
products-038-of-213,monthly/20021001.0005/sdssprd1_from_db_fbsng_thru_prd_insure.Part003.20021001.0005.tar
products-038-of-213,monthly/20021001.0005/sdssprd1_from_db_invdata_thru_prd_mt.Part004.20021001.0005.tar
products-039-of-213,monthly/20021001.0005/sdssprd1_from_db_mtSch_thru_prd_photo.Part005.20021001.0005.tar
products-039-of-213,monthly/20021001.0005/sdssprd1_from_db_photoSch_thru_prd_specflat.Part006.20021001.0005.tar
products-039-of-213,monthly/20021001.0005/sdssprd1_from_db_spectro_thru_prd_target.Part007.20021001.0005.tar
products-040-of-213,monthly/20021001.0005/sdssprd1_from_db_tcl_thru_prd_tycho2.Part008.20021001.0005.tar
products-040-of-213,monthly/20021001.0005/sdssprd1_from_db_ucac_thru_prd_xntp.Part009.20021001.0005.tar
products-040-of-213,monthly/20021001.0005/sdssprd1_from_DOT-FILES,etc,manFiles_THEN-PRODUCTS_prd_acroread_thru_prd_dddebugger.Part001.20021001.0005.tar
products-041-of-213,monthly/20021101.0005/sdssprd1_from_db_dervish_thru_prd_fits2jpeg.Part002.20021101.0005.tar
products-041-of-213,monthly/20021101.0005/sdssprd1_from_db_fitsio_thru_prd_insure.Part003.20021101.0005.tar
products-041-of-213,monthly/20021101.0005/sdssprd1_from_db_invdata_thru_prd_libtppy.Part004.20021101.0005.tar
products-042-of-213,monthly/20021101.0005/sdssprd1_from_db_lsf_thru_prd_photo.Part005.20021101.0005.tar
products-042-of-213,monthly/20021101.0005/sdssprd1_from_db_photoSch_thru_prd_specflat.Part006.20021101.0005.tar
products-042-of-213,monthly/20021101.0005/sdssprd1_from_db_spectro_thru_prd_strategy.Part007.20021101.0005.tar
products-043-of-213,monthly/20021101.0005/sdssprd1_from_db_stsdas_thru_prd_tcldp.Part008.20021101.0005.tar
products-043-of-213,monthly/20021101.0005/sdssprd1_from_db_tclhttpd_thru_prd_tycho2.Part009.20021101.0005.tar
products-043-of-213,monthly/20021101.0005/sdssprd1_from_db_ucac_thru_prd_xntp.Part010.20021101.0005.tar
products-043-of-213,monthly/20021101.0005/sdssprd1_from_DOT-FILES,etc,manFiles_THEN-PRODUCTS_prd_acroread_thru_prd_dddebugger.Part001.20021101.0005.tar
products-044-of-213,monthly/20021201.0005/sdssprd1_from_db_dervish_thru_prd_fvogle.Part002.20021201.0005.tar
products-044-of-213,monthly/20021201.0005/sdssprd1_from_db_gcc_thru_prd_insure.Part003.20021201.0005.tar
products-044-of-213,monthly/20021201.0005/sdssprd1_from_db_invdata_thru_prd_libtppy.Part004.20021201.0005.tar
products-045-of-213,monthly/20021201.0005/sdssprd1_from_db_lsf_thru_prd_pgplot.Part005.20021201.0005.tar
products-045-of-213,monthly/20021201.0005/sdssprd1_from_db_photo_thru_prd_sm.Part006.20021201.0005.tar
products-045-of-213,monthly/20021201.0005/sdssprd1_from_db_SpatialIndex_thru_prd_strategy.Part007.20021201.0005.tar
products-046-of-213,monthly/20021201.0005/sdssprd1_from_db_stsdas_thru_prd_tcldp.Part008.20021201.0005.tar
products-046-of-213,monthly/20021201.0005/sdssprd1_from_db_tclhttpd_thru_prd_tycho2.Part009.20021201.0005.tar
products-046-of-213,monthly/20021201.0005/sdssprd1_from_db_ucac_thru_prd_xntp.Part010.20021201.0005.tar
products-046-of-213,monthly/20021201.0005/sdssprd1_from_DOT-FILES,etc,manFiles_THEN-PRODUCTS_prd_acroread_thru_prd_dddebugger.Part001.20021201.0005.tar
products-047-of-213,monthly/20030102.1418/sdssprd1_from_db_dervish_thru_prd_fvogle.Part002.20030102.1418.tar
products-047-of-213,monthly/20030102.1418/sdssprd1_from_db_gcc_thru_prd_insure.Part003.20030102.1418.tar
products-047-of-213,monthly/20030102.1418/sdssprd1_from_db_invdata_thru_prd_libtppy.Part004.20030102.1418.tar
products-048-of-213,monthly/20030102.1418/sdssprd1_from_db_lsf_thru_prd_perl.Part005.20030102.1418.tar
products-048-of-213,monthly/20030102.1418/sdssprd1_from_db_pgplot_thru_prd_sdssmath.Part006.20030102.1418.tar
products-048-of-213,monthly/20030102.1418/sdssprd1_from_db_sdssmosaic_thru_prd_strategy.Part007.20030102.1418.tar
products-049-of-213,monthly/20030102.1418/sdssprd1_from_db_stsdas_thru_prd_tcldp.Part008.20030102.1418.tar
products-049-of-213,monthly/20030102.1418/sdssprd1_from_db_tclhttpd_thru_prd_tycho2.Part009.20030102.1418.tar
products-049-of-213,monthly/20030102.1418/sdssprd1_from_DOT-FILES,etc,manFiles_THEN-PRODUCTS_prd_acroread_thru_prd_dddebugger.Part001.20030102.1418.tar
products-049-of-213,monthly/20030102.1418/sdssprd1_from_prd_unity_thru_prd_xntp.Part010.20030102.1418.tar
products-050-of-213,monthly/20030203.1408/sdssprd1_from_db_dervish_thru_prd_fastt.Part002.20030203.1408.tar
products-050-of-213,monthly/20030203.1408/sdssprd1_from_db_fbsng_thru_prd_insure.Part003.20030203.1408.tar
products-050-of-213,monthly/20030203.1408/sdssprd1_from_db_invdata_thru_prd_libtppy.Part004.20030203.1408.tar
products-051-of-213,monthly/20030203.1408/sdssprd1_from_db_lsf_thru_prd_pgplot.Part005.20030203.1408.tar
products-051-of-213,monthly/20030203.1408/sdssprd1_from_db_photo_thru_prd_quasar.Part006.20030203.1408.tar
products-051-of-213,monthly/20030203.1408/sdssprd1_from_db_ray_thru_prd_strategy.Part007.20030203.1408.tar
products-052-of-213,monthly/20030203.1408/sdssprd1_from_db_stsdas_thru_prd_tcldp.Part008.20030203.1408.tar
products-052-of-213,monthly/20030203.1408/sdssprd1_from_db_tclhttpd_thru_prd_xntp.Part009.20030203.1408.tar
products-052-of-213,monthly/20030203.1408/sdssprd1_from_DOT-FILES,etc,manFiles_THEN-PRODUCTS_prd_acroread_thru_prd_dddebugger.Part001.20030203.1408.tar
products-053-of-213,monthly/20030301.0001/sdssprd1_from_db_dervish_thru_prd_fbsng.Part002.20030301.0001.tar
products-053-of-213,monthly/20030301.0001/sdssprd1_from_db_fcp_thru_prd_insure.Part003.20030301.0001.tar
products-053-of-213,monthly/20030301.0001/sdssprd1_from_db_invdata_thru_prd_libtppy.Part004.20030301.0001.tar
products-054-of-213,monthly/20030301.0001/sdssprd1_from_db_lsf_thru_prd_pgplot.Part005.20030301.0001.tar
products-054-of-213,monthly/20030301.0001/sdssprd1_from_db_photo_thru_prd_pine.Part006.20030301.0001.tar
products-054-of-213,monthly/20030301.0001/sdssprd1_from_db_plate_thru_prd_ssc.Part007.20030301.0001.tar
products-055-of-213,monthly/20030301.0001/sdssprd1_from_db_stdcpplib_thru_prd_target.Part008.20030301.0001.tar
products-055-of-213,monthly/20030301.0001/sdssprd1_from_db_tcl_thru_prd_xntp.Part009.20030301.0001.tar
products-055-of-213,monthly/20030301.0001/sdssprd1_from_DOT-FILES,etc,manFiles_THEN-PRODUCTS_prd_acroread_thru_prd_dddebugger.Part001.20030301.0001.tar
products-056-of-213,monthly/20030401.0001/sdssprd1_from_db_dervish_thru_prd_emacs.Part002.20030401.0001.tar
products-056-of-213,monthly/20030401.0001/sdssprd1_from_db_encp_thru_prd_insure.Part003.20030401.0001.tar
products-057-of-213,monthly/20030401.0001/sdssprd1_from_db_invdata_thru_prd_libtppy.Part004.20030401.0001.tar
products-057-of-213,monthly/20030401.0001/sdssprd1_from_db_lsf_thru_prd_pgplot.Part005.20030401.0001.tar
products-058-of-213,monthly/20030401.0001/sdssprd1_from_db_photo_thru_prd_photo.Part006a.20030401.0001.tar
products-058-of-213,monthly/20030401.0001/sdssprd1_from_db_photo_thru_prd_photo.Part006b.20030401.0001.tar
products-058-of-213,monthly/20030401.0001/sdssprd1_from_db_photoSch_thru_prd_specflat.Part007.20030401.0001.tar
products-059-of-213,monthly/20030401.0001/sdssprd1_from_db_spectro_thru_prd_tables.Part008.20030401.0001.tar
products-059-of-213,monthly/20030401.0001/sdssprd1_from_db_target_thru_prd_ximagetools.Part009.20030401.0001.tar
products-059-of-213,monthly/20030401.0001/sdssprd1_from_db_xntp_thru_prd_xntp.Part010.20030401.0001.tar
products-059-of-213,monthly/20030401.0001/sdssprd1_from_DOT-FILES,etc,manFiles_THEN-PRODUCTS_prd_acroread_thru_prd_dddebugger.Part001.20030401.0001.tar
products-060-of-213,monthly/20030501.0001/sdssprd1_from_db_dervish_thru_prd_dust.Part002.20030501.0001.tar
products-060-of-213,monthly/20030501.0001/sdssprd1_from_db_emacs_thru_prd_idl.Part003.20030501.0001.tar
products-061-of-213,monthly/20030501.0001/sdssprd1_from_db_idlastron_thru_prd_libfits.Part004.20030501.0001.tar
products-061-of-213,monthly/20030501.0001/sdssprd1_from_db_libtp_thru_prd_pgplot.Part005.20030501.0001.tar
products-061-of-213,monthly/20030501.0001/sdssprd1_from_db_photo_thru_prd_photo.Part006a.20030501.0001.tar
products-062-of-213,monthly/20030501.0001/sdssprd1_from_db_photo_thru_prd_photo.Part006b.20030501.0001.tar
products-062-of-213,monthly/20030501.0001/sdssprd1_from_db_photoSch_thru_prd_specflat.Part007.20030501.0001.tar
products-063-of-213,monthly/20030501.0001/sdssprd1_from_db_spectro_thru_prd_tables.Part008.20030501.0001.tar
products-063-of-213,monthly/20030501.0001/sdssprd1_from_db_target_thru_prd_xemacs.Part009.20030501.0001.tar
products-063-of-213,monthly/20030501.0001/sdssprd1_from_db_xerces_thru_prd_xntp.Part010.20030501.0001.tar
products-063-of-213,monthly/20030501.0001/sdssprd1_from_DOT-FILES,etc,manFiles_THEN-PRODUCTS_prd_acroread_thru_prd_dddebugger.Part001.20030501.0001.tar
products-064-of-213,monthly/20030606.2009/sdssprd1_from_db_dervish_thru_prd_dust.Part002.20030606.2009.tar
products-064-of-213,monthly/20030606.2009/sdssprd1_from_db_emacs_thru_prd_idl.Part003.20030606.2009.tar
products-064-of-213,monthly/20030606.2009/sdssprd1_from_db_idlastron_thru_prd_ko.Part004.20030606.2009.tar
products-065-of-213,monthly/20030606.2009/sdssprd1_from_db_kprinc_thru_prd_pgplot.Part005.20030606.2009.tar
products-065-of-213,monthly/20030606.2009/sdssprd1_from_db_photo_thru_prd_photo.Part006.20030606.2009.tar.Piece-1-of-3
products-066-of-213,monthly/20030606.2009/sdssprd1_from_db_photo_thru_prd_photo.Part006.20030606.2009.tar.Piece-2-of-3
products-066-of-213,monthly/20030606.2009/sdssprd1_from_db_photo_thru_prd_photo.Part006.20030606.2009.tar.Piece-3-of-3
products-066-of-213,monthly/20030606.2009/sdssprd1_from_db_photoSch_thru_prd_slatec.Part007.20030606.2009.tar
products-067-of-213,monthly/20030606.2009/sdssprd1_from_db_sm_thru_prd_stsdas.Part008.20030606.2009.tar
products-067-of-213,monthly/20030606.2009/sdssprd1_from_db_sxadmin_thru_prd_ts.Part009.20030606.2009.tar
products-067-of-213,monthly/20030606.2009/sdssprd1_from_db_tycho2_thru_prd_xntp.Part010.20030606.2009.tar
products-067-of-213,monthly/20030606.2009/sdssprd1_from_DOT-FILES,etc,manFiles_THEN-PRODUCTS_prd_acroread_thru_prd_dddebugger.Part001.20030606.2009.tar
products-068-of-213,monthly/20030702.2001/sdssprd_from_db_dervish_thru_prd_encp.Part002.20030702.2001.tar
products-068-of-213,monthly/20030702.2001/sdssprd_from_db_fastt_thru_prd_imagelibs.Part003.20030702.2001.tar
products-068-of-213,monthly/20030702.2001/sdssprd_from_db_imagemagick_thru_prd_lapack.Part004.20030702.2001.tar
products-069-of-213,monthly/20030702.2001/sdssprd_from_db_libfits_thru_prd_pgplot.Part005.20030702.2001.tar
products-069-of-213,monthly/20030702.2001/sdssprd_from_db_photo_thru_prd_photo.Part006.20030702.2001.tar.Piece-1-of-2
products-069-of-213,monthly/20030702.2001/sdssprd_from_db_photo_thru_prd_photo.Part006.20030702.2001.tar.Piece-2-of-2
products-070-of-213,monthly/20030702.2001/sdssprd_from_db_photoSch_thru_prd_slatec.Part007.20030702.2001.tar
products-070-of-213,monthly/20030702.2001/sdssprd_from_db_sm_thru_prd_stsdas.Part008.20030702.2001.tar
products-071-of-213,monthly/20030702.2001/sdssprd_from_db_sxadmin_thru_prd_ts.Part009.20030702.2001.tar
products-071-of-213,monthly/20030702.2001/sdssprd_from_db_tycho2_thru_prd_xntp.Part010.20030702.2001.tar
products-071-of-213,monthly/20030702.2001/sdssprd_from_DOT-FILES,etc,manFiles_THEN-PRODUCTS_prd_acroread_thru_prd_dddebugger.Part001.20030702.2001.tar
products-072-of-213,monthly/20030804.1144/sdssprd_from_db_dp_thru_prd_gtools.Part002.20030804.1144.tar
products-072-of-213,monthly/20030804.1144/sdssprd_from_db_idl_thru_prd_insure.Part003.20030804.1144.tar
products-072-of-213,monthly/20030804.1144/sdssprd_from_db_invdata_thru_prd_libtppy.Part004.20030804.1144.tar
products-073-of-213,monthly/20030804.1144/sdssprd_from_db_lsf_thru_prd_pgplot.Part005.20030804.1144.tar
products-073-of-213,monthly/20030804.1144/sdssprd_from_db_photo_thru_prd_pyraf.Part006.20030804.1144.tar
products-073-of-213,monthly/20030804.1144/sdssprd_from_db_python_thru_prd_strategy.Part007.20030804.1144.tar
products-074-of-213,monthly/20030804.1144/sdssprd_from_db_stsdas_thru_prd_tclhttpd.Part008.20030804.1144.tar
products-074-of-213,monthly/20030804.1144/sdssprd_from_db_tclx_thru_prd_xntp.Part009.20030804.1144.tar
products-074-of-213,monthly/20030804.1144/sdssprd_from_DOT-FILES,etc,manFiles_THEN-PRODUCTS_prd_acroread_thru_prd_dm.Part001.20030804.1144.tar
products-075-of-213,monthly/20030909.1458/sdssprd_from_db_dervish_thru_prd_ftcl_vx.Part002.20030909.1458.tar
products-075-of-213,monthly/20030909.1458/sdssprd_from_db_imagemagick_thru_prd_libtppy.Part004.20030909.1458.tar
products-075-of-213,monthly/20030909.1458/sdssprd_from_db_lsf_thru_prd_pgplot.Part005.20030909.1458.tar
products-076-of-213,monthly/20030909.1458/sdssprd_from_db_photo_thru_prd_pyraf.Part006.20030909.1458.tar
products-076-of-213,monthly/20030909.1458/sdssprd_from_db_python_thru_prd_sqlFits2Csv.Part007.20030909.1458.tar
products-076-of-213,monthly/20030909.1458/sdssprd_from_db_ssc_thru_prd_tables.Part008.20030909.1458.tar
products-077-of-213,monthly/20030909.1458/sdssprd_from_db_target_thru_prd_xntp.Part009.20030909.1458.tar
products-077-of-213,monthly/20030909.1458/sdssprd_from_DOT-FILES,etc,manFiles_THEN-PRODUCTS_prd_acroread_thru_prd_dddebugger.Part001.20030909.1458.tar
products-077-of-213,monthly/20030909.1458/sdssprd_from_prd_ftools_thru_prd_imagelibs.Part003.20030909.1458.tar
products-078-of-213,monthly/20030929.1616/sdssprd_from_db_dervish_thru_prd_ftcl_vx.Part002.20030929.1616.tar
products-078-of-213,monthly/20030929.1616/sdssprd_from_db_imagemagick_thru_prd_libtppy.Part004.20030929.1616.tar
products-078-of-213,monthly/20030929.1616/sdssprd_from_db_lsf_thru_prd_pgplot.Part005.20030929.1616.tar
products-079-of-213,monthly/20030929.1616/sdssprd_from_db_photo_thru_prd_ptdb.Part006.20030929.1616.tar
products-079-of-213,monthly/20030929.1616/sdssprd_from_db_pyraf_thru_prd_spectro.Part007.20030929.1616.tar
products-079-of-213,monthly/20030929.1616/sdssprd_from_db_spectrodoc_thru_prd_tables.Part008.20030929.1616.tar
products-080-of-213,monthly/20030929.1616/sdssprd_from_db_target_thru_prd_xntp.Part009.20030929.1616.tar
products-080-of-213,monthly/20030929.1616/sdssprd_from_DOT-FILES,etc,manFiles_THEN-PRODUCTS_prd_acroread_thru_prd_dddebugger.Part001.20030929.1616.tar
products-080-of-213,monthly/20030929.1616/sdssprd_from_prd_ftools_thru_prd_imagelibs.Part003.20030929.1616.tar
products-081-of-213,monthly/20031026.2011/sdssprd_from_db_fastt_thru_prd_imagelibs.Part002.20031026.2011.tar
products-081-of-213,monthly/20031026.2011/sdssprd_from_db_imagemagick_thru_prd_libtppy.Part003.20031026.2011.tar
products-082-of-213,monthly/20031026.2011/sdssprd_from_db_lsf_thru_prd_pgplot.Part004.20031026.2011.tar
products-082-of-213,monthly/20031026.2011/sdssprd_from_db_photo_thru_prd_SpatialIndex.Part005.20031026.2011.tar
products-082-of-213,monthly/20031026.2011/sdssprd_from_db_specdb_thru_prd_sxGeneral.Part006.20031026.2011.tar
products-083-of-213,monthly/20031026.2011/sdssprd_from_db_sxLoader_thru_prd_xntp.Part007.20031026.2011.tar
products-083-of-213,monthly/20031026.2011/sdssprd_from_DOT-FILES,etc,manFiles_THEN-PRODUCTS_prd_acroread_thru_prd_encp.Part001.20031026.2011.tar
products-084-of-213,monthly/20031202.1243/sdssprd_from_db_encp_thru_prd_idlastron.Part002.20031202.1243.tar
products-084-of-213,monthly/20031202.1243/sdssprd_from_db_idlspec2d_thru_prd_libtppy.Part003.20031202.1243.tar
products-085-of-213,monthly/20031202.1243/sdssprd_from_db_lsf_thru_prd_pgplot.Part004.20031202.1243.tar
products-085-of-213,monthly/20031202.1243/sdssprd_from_db_photo_thru_prd_SpatialIndex.Part005.20031202.1243.tar
products-085-of-213,monthly/20031202.1243/sdssprd_from_db_specdb_thru_prd_sxGeneral.Part006.20031202.1243.tar
products-086-of-213,monthly/20031202.1243/sdssprd_from_db_sxLoader_thru_prd_xntp.Part007.20031202.1243.tar
products-086-of-213,monthly/20031202.1243/sdssprd_from_DOT-FILES,etc,manFiles_THEN-PRODUCTS_prd_acroread_thru_prd_emacs.Part001.20031202.1243.tar
products-087-of-213,monthly/20040107.1034/sdssprd_from_db_emacs_thru_prd_imagelibs.Part002.20040107.1034.tar
products-087-of-213,monthly/20040107.1034/sdssprd_from_db_imagemagick_thru_prd_libtppy.Part003.20040107.1034.tar
products-088-of-213,monthly/20040107.1034/sdssprd_from_db_lsf_thru_prd_ocs.Part004.20040107.1034.tar
products-088-of-213,monthly/20040107.1034/sdssprd_from_db_perl_thru_prd_SpatialIndex.Part005.20040107.1034.tar
products-089-of-213,monthly/20040107.1034/sdssprd_from_db_specdb_thru_prd_target.Part006.20040107.1034.tar
products-089-of-213,monthly/20040107.1034/sdssprd_from_db_tcl_thru_prd_xntp.Part007.20040107.1034.tar
products-089-of-213,monthly/20040107.1034/sdssprd_from_DOT-FILES,etc,manFiles_THEN-PRODUCTS_prd_acroread_thru_prd_elodie.Part001.20040107.1034.tar
products-090-of-213,monthly/20040201.0001/sdssprd_from_db_elodie_thru_prd_imagelibs.Part002.20040201.0001.tar
products-090-of-213,monthly/20040201.0001/sdssprd_from_db_imagemagick_thru_prd_libtppy.Part003.20040201.0001.tar
products-091-of-213,monthly/20040201.0001/sdssprd_from_db_lsf_thru_prd_ocs.Part004.20040201.0001.tar
products-091-of-213,monthly/20040201.0001/sdssprd_from_db_perl_thru_prd_SpatialIndex.Part005.20040201.0001.tar
products-092-of-213,monthly/20040201.0001/sdssprd_from_db_specdb_thru_prd_tables.Part006.20040201.0001.tar
products-092-of-213,monthly/20040201.0001/sdssprd_from_db_target_thru_prd_xntp.Part007.20040201.0001.tar
products-092-of-213,monthly/20040201.0001/sdssprd_from_DOT-FILES,etc,manFiles_THEN-PRODUCTS_prd_acroread_thru_prd_edt.Part001.20040201.0001.tar
products-093-of-213,monthly/20040301.0001/sdssprd_from_db_elodie_thru_prd_imagelibs.Part002.20040301.0001.tar
products-093-of-213,monthly/20040301.0001/sdssprd_from_db_imagemagick_thru_prd_libtppy.Part003.20040301.0001.tar
products-094-of-213,monthly/20040301.0001/sdssprd_from_db_lsf_thru_prd_ocs.Part004.20040301.0001.tar
products-094-of-213,monthly/20040301.0001/sdssprd_from_db_perl_thru_prd_SpatialIndex.Part005.20040301.0001.tar
products-095-of-213,monthly/20040301.0001/sdssprd_from_db_specdb_thru_prd_tables.Part006.20040301.0001.tar
products-095-of-213,monthly/20040301.0001/sdssprd_from_db_target_thru_prd_xntp.Part007.20040301.0001.tar
products-095-of-213,monthly/20040301.0001/sdssprd_from_DOT-FILES,etc,manFiles_THEN-PRODUCTS_prd_acroread_thru_prd_edt.Part001.20040301.0001.tar
products-096-of-213,monthly/20040401.0001/sdssprd_from_db_elodie_thru_prd_imagelibs.Part002.20040401.0001.tar
products-096-of-213,monthly/20040401.0001/sdssprd_from_db_imagemagick_thru_prd_libtppy.Part003.20040401.0001.tar
products-097-of-213,monthly/20040401.0001/sdssprd_from_db_lsf_thru_prd_ocs.Part004.20040401.0001.tar
products-097-of-213,monthly/20040401.0001/sdssprd_from_db_perl_thru_prd_slalib.Part005.20040401.0001.tar
products-098-of-213,monthly/20040401.0001/sdssprd_from_db_slatec_thru_prd_sxSchema.Part006.20040401.0001.tar
products-098-of-213,monthly/20040401.0001/sdssprd_from_db_tables_thru_prd_xpa.Part007.20040401.0001.tar
products-098-of-213,monthly/20040401.0001/sdssprd_from_DOT-FILES,etc,manFiles_THEN-PRODUCTS_prd_acroread_thru_prd_edt.Part001.20040401.0001.tar
products-099-of-213,monthly/20040501.0001/sdssprd_from_db_dust_thru_prd_gtools.Part002.20040501.0001.tar
products-099-of-213,monthly/20040501.0001/sdssprd_from_db_idl_thru_prd_insure.Part003.20040501.0001.tar
products-099-of-213,monthly/20040501.0001/sdssprd_from_db_iraf_thru_prd_libtppy.Part004.20040501.0001.tar
products-100-of-213,monthly/20040501.0001/sdssprd_from_db_lsf_thru_prd_ocs.Part005.20040501.0001.tar
products-100-of-213,monthly/20040501.0001/sdssprd_from_db_perl_thru_prd_SpatialIndex.Part006.20040501.0001.tar
products-101-of-213,monthly/20040501.0001/sdssprd_from_db_specdb_thru_prd_tables.Part007.20040501.0001.tar
products-101-of-213,monthly/20040501.0001/sdssprd_from_db_target_thru_prd_xpa.Part008.20040501.0001.tar
products-101-of-213,monthly/20040501.0001/sdssprd_from_DOT-FILES,etc,manFiles_THEN-PRODUCTS_prd_acroread_thru_prd_dss.Part001.20040501.0001.tar
products-102-of-213,monthly/20040601.0001/sdssprd_from_db_elodie_thru_prd_imagelibs.Part002.20040601.0001.tar
products-102-of-213,monthly/20040601.0001/sdssprd_from_db_imagemagick_thru_prd_libtppy.Part003.20040601.0001.tar
products-103-of-213,monthly/20040601.0001/sdssprd_from_db_lsf_thru_prd_ocs.Part004.20040601.0001.tar
products-103-of-213,monthly/20040601.0001/sdssprd_from_db_perl_thru_prd_SpatialIndex.Part005.20040601.0001.tar
products-104-of-213,monthly/20040601.0001/sdssprd_from_db_specdb_thru_prd_tables.Part006.20040601.0001.tar
products-104-of-213,monthly/20040601.0001/sdssprd_from_db_target_thru_prd_xpa.Part007.20040601.0001.tar
products-104-of-213,monthly/20040601.0001/sdssprd_from_DOT-FILES,etc,manFiles_THEN-PRODUCTS_prd_acroread_thru_prd_edt.Part001.20040601.0001.tar
products-105-of-213,monthly/20040701.0001/sdssprd_from_db_emacs_thru_prd_imagelibs.Part002.20040701.0001.tar
products-105-of-213,monthly/20040701.0001/sdssprd_from_db_imagemagick_thru_prd_libtppy.Part003.20040701.0001.tar
products-106-of-213,monthly/20040701.0001/sdssprd_from_db_lsf_thru_prd_pgplot.Part004.20040701.0001.tar
products-106-of-213,monthly/20040701.0001/sdssprd_from_db_photo_thru_prd_SpatialIndex.Part005.20040701.0001.tar
products-106-of-213,monthly/20040701.0001/sdssprd_from_db_specdb_thru_prd_tables.Part006.20040701.0001.tar
products-107-of-213,monthly/20040701.0001/sdssprd_from_db_target_thru_prd_xpa.Part007.20040701.0001.tar
products-107-of-213,monthly/20040701.0001/sdssprd_from_DOT-FILES,etc,manFiles_THEN-PRODUCTS_db_acroread_thru_prd_elodie.Part001.20040701.0001.tar
products-108-of-213,monthly/20040801.0000/sdssprd_from_db_elodie_thru_prd_idlutils.Part002.20040801.0000.tar
products-108-of-213,monthly/20040801.0000/sdssprd_from_db_imagelibs_thru_prd_libtppy.Part003.20040801.0000.tar
products-109-of-213,monthly/20040801.0000/sdssprd_from_db_lsf_thru_prd_pgplot.Part004.20040801.0000.tar
products-109-of-213,monthly/20040801.0000/sdssprd_from_db_photo_thru_prd_SpatialIndex.Part005.20040801.0000.tar
products-110-of-213,monthly/20040801.0000/sdssprd_from_db_specdb_thru_prd_tables.Part006.20040801.0000.tar
products-110-of-213,monthly/20040801.0000/sdssprd_from_db_target_thru_prd_xpa.Part007.20040801.0000.tar
products-110-of-213,monthly/20040801.0000/sdssprd_from_DOT-FILES,etc,manFiles_THEN-PRODUCTS_db_acroread_thru_prd_edt.Part001.20040801.0000.tar
products-111-of-213,monthly/20040901.0000/sdssprd_from_db_dust_thru_prd_gtools.Part002.20040901.0000.tar
products-111-of-213,monthly/20040901.0000/sdssprd_from_db_idl_thru_prd_insure.Part003.20040901.0000.tar
products-111-of-213,monthly/20040901.0000/sdssprd_from_db_iraf_thru_prd_mtstds.Part004.20040901.0000.tar
products-112-of-213,monthly/20040901.0000/sdssprd_from_db_murmur_thru_prd_pyraf.Part005.20040901.0000.tar
products-112-of-213,monthly/20040901.0000/sdssprd_from_db_python_thru_prd_stdcpplib.Part006.20040901.0000.tar
products-113-of-213,monthly/20040901.0000/sdssprd_from_db_strategy_thru_prd_tycho2.Part007.20040901.0000.tar
products-113-of-213,monthly/20040901.0000/sdssprd_from_db_unity_thru_prd_xpa.Part008.20040901.0000.tar
products-113-of-213,monthly/20040901.0000/sdssprd_from_DOT-FILES,etc,manFiles_THEN-PRODUCTS_db_acroread_thru_prd_dss.Part001.20040901.0000.tar
products-114-of-213,monthly/20041001.0001/sdssprd_from_db_dust_thru_prd_gtools.Part002.20041001.0001.tar
products-114-of-213,monthly/20041001.0001/sdssprd_from_db_idl_thru_prd_insure.Part003.20041001.0001.tar
products-114-of-213,monthly/20041001.0001/sdssprd_from_db_iraf_thru_prd_mtstds.Part004.20041001.0001.tar
products-115-of-213,monthly/20041001.0001/sdssprd_from_db_murmur_thru_prd_pyraf.Part005.20041001.0001.tar
products-115-of-213,monthly/20041001.0001/sdssprd_from_db_python_thru_prd_spectrodoc.Part006.20041001.0001.tar
products-116-of-213,monthly/20041001.0001/sdssprd_from_db_sqlFits2Csv_thru_prd_ts.Part007.20041001.0001.tar
products-116-of-213,monthly/20041001.0001/sdssprd_from_db_tycho2_thru_prd_xpa.Part008.20041001.0001.tar
products-116-of-213,monthly/20041001.0001/sdssprd_from_DOT-FILES,etc,manFiles_THEN-PRODUCTS_db_acroread_thru_prd_dss.Part001.20041001.0001.tar
products-117-of-213,monthly/20041101.0001/sdssprd_from_db_dust_thru_prd_handScan.Part002.20041101.0001.tar
products-117-of-213,monthly/20041101.0001/sdssprd_from_db_idl_thru_prd_insure.Part003.20041101.0001.tar
products-117-of-213,monthly/20041101.0001/sdssprd_from_db_iraf_thru_prd_mtstds.Part004.20041101.0001.tar
products-118-of-213,monthly/20041101.0001/sdssprd_from_db_murmur_thru_prd_pyraf.Part005.20041101.0001.tar
products-118-of-213,monthly/20041101.0001/sdssprd_from_db_python_thru_prd_stdcpplib.Part006.20041101.0001.tar
products-119-of-213,monthly/20041101.0001/sdssprd_from_db_strategy_thru_prd_ts.Part007.20041101.0001.tar
products-119-of-213,monthly/20041101.0001/sdssprd_from_db_tycho2_thru_prd_xpa.Part008.20041101.0001.tar
products-119-of-213,monthly/20041101.0001/sdssprd_from_DOT-FILES,etc,manFiles_THEN-PRODUCTS_db_acroread_thru_prd_dss.Part001.20041101.0001.tar
products-120-of-213,monthly/20041202.1017/sdssprd_from_db_dp_thru_prd_ftcl_vx.Part002.20041202.1017.tar
products-120-of-213,monthly/20041202.1017/sdssprd_from_db_imagemagick_thru_prd_libtppy.Part004.20041202.1017.tar
products-120-of-213,monthly/20041202.1017/sdssprd_from_db_lsf_thru_prd_pgplot.Part005.20041202.1017.tar
products-121-of-213,monthly/20041202.1017/sdssprd_from_db_photo_thru_prd_SpatialIndex.Part006.20041202.1017.tar
products-121-of-213,monthly/20041202.1017/sdssprd_from_db_specdb_thru_prd_tables.Part007.20041202.1017.tar
products-122-of-213,monthly/20041202.1017/sdssprd_from_db_target_thru_prd_xpa.Part008.20041202.1017.tar
products-122-of-213,monthly/20041202.1017/sdssprd_from_DOT-FILES,etc,manFiles_THEN-PRODUCTS_db_acroread_thru_prd_dm.Part001.20041202.1017.tar
products-122-of-213,monthly/20041202.1017/sdssprd_from_prd_ftools_thru_prd_imagelibs.Part003.20041202.1017.tar
products-123-of-213,monthly/20050110.1643/sdssprd_from_db_dust_thru_prd_gd.Part002.20050110.1643.tar
products-123-of-213,monthly/20050110.1643/sdssprd_from_db_gdb_thru_prd_insure.Part003.20050110.1643.tar
products-124-of-213,monthly/20050110.1643/sdssprd_from_db_iraf_thru_prd_lsf.Part004.20050110.1643.tar
products-124-of-213,monthly/20050110.1643/sdssprd_from_db_lynx_thru_prd_photo.Part005.20050110.1643.tar
products-124-of-213,monthly/20050110.1643/sdssprd_from_db_photoSch_thru_prd_specialStripes.Part006.20050110.1643.tar
products-125-of-213,monthly/20050110.1643/sdssprd_from_db_speclog_thru_prd_tclhttpd.Part007.20050110.1643.tar
products-125-of-213,monthly/20050110.1643/sdssprd_from_db_tclx_thru_prd_xpa.Part008.20050110.1643.tar
products-125-of-213,monthly/20050110.1643/sdssprd_from_DOT-FILES,etc,manFiles_THEN-PRODUCTS_db_acroread_thru_prd_dss.Part001.20050110.1643.tar
products-126-of-213,monthly/20050201.0001/sdssprd_from_db_dust_thru_prd_fvogle.Part002.20050201.0001.tar
products-126-of-213,monthly/20050201.0001/sdssprd_from_db_gcc_thru_prd_imagelibs.Part003.20050201.0001.tar
products-126-of-213,monthly/20050201.0001/sdssprd_from_db_imagemagick_thru_prd_iraf.Part004.20050201.0001.tar
products-127-of-213,monthly/20050201.0001/sdssprd_from_db_ispell_thru_prd_oraLoader.Part005.20050201.0001.tar
products-127-of-213,monthly/20050201.0001/sdssprd_from_db_perl_thru_prd_rcs.Part006.20050201.0001.tar
products-127-of-213,monthly/20050201.0001/sdssprd_from_db_stsdas_thru_prd_ts.Part008.20050201.0001.tar
products-128-of-213,monthly/20050201.0001/sdssprd_from_db_tycho2_thru_prd_zlib.Part009.20050201.0001.tar
products-128-of-213,monthly/20050201.0001/sdssprd_from_DOT-FILES,etc,manFiles_THEN-PRODUCTS_db_acroread_thru_prd_dss.Part001.20050201.0001.tar
products-128-of-213,monthly/20050201.0001/sdssprd_from_prd_refdata_thru_prd_strategy.Part007.20050201.0001.tar
products-129-of-213,monthly/20050301.0001/sdssprd_from_db_dss_thru_prd_fvogle.Part002.20050301.0001.tar
products-129-of-213,monthly/20050301.0001/sdssprd_from_db_gcc_thru_prd_insure.Part003.20050301.0001.tar
products-129-of-213,monthly/20050301.0001/sdssprd_from_db_iraf_thru_prd_libtppy.Part004.20050301.0001.tar
products-130-of-213,monthly/20050301.0001/sdssprd_from_db_lsf_thru_prd_pgplot.Part005.20050301.0001.tar
products-130-of-213,monthly/20050301.0001/sdssprd_from_db_photo_thru_prd_rvsao.Part006.20050301.0001.tar
products-130-of-213,monthly/20050301.0001/sdssprd_from_db_saz_thru_prd_strategy.Part007.20050301.0001.tar
products-131-of-213,monthly/20050301.0001/sdssprd_from_db_stsdas_thru_prd_ts.Part008.20050301.0001.tar
products-131-of-213,monthly/20050301.0001/sdssprd_from_db_tycho2_thru_prd_zlib.Part009.20050301.0001.tar
products-131-of-213,monthly/20050301.0001/sdssprd_from_DOT-FILES,etc,manFiles_THEN-PRODUCTS_db_acroread_thru_prd_ds9.Part001.20050301.0001.tar
products-132-of-213,monthly/20050401.0001/sdssprd_from_db_dust_thru_prd_fvogle.Part002.20050401.0001.tar
products-132-of-213,monthly/20050401.0001/sdssprd_from_db_gcc_thru_prd_imagemagick.Part003.20050401.0001.tar
products-132-of-213,monthly/20050401.0001/sdssprd_from_db_insure_thru_prd_libtppy.Part004.20050401.0001.tar
products-133-of-213,monthly/20050401.0001/sdssprd_from_db_lsf_thru_prd_pgplot.Part005.20050401.0001.tar
products-133-of-213,monthly/20050401.0001/sdssprd_from_db_photo_thru_prd_rgang.Part006.20050401.0001.tar
products-133-of-213,monthly/20050401.0001/sdssprd_from_db_root_thru_prd_spectrodoc.Part007.20050401.0001.tar
products-134-of-213,monthly/20050401.0001/sdssprd_from_db_sqlFits2Csv_thru_prd_tclhttpd.Part008.20050401.0001.tar
products-134-of-213,monthly/20050401.0001/sdssprd_from_db_tclx_thru_prd_zlib.Part009.20050401.0001.tar
products-134-of-213,monthly/20050401.0001/sdssprd_from_DOT-FILES,etc,manFiles_THEN-PRODUCTS_db_acroread_thru_prd_dss.Part001.20050401.0001.tar
products-135-of-213,monthly/20050501.0000/sdssprd_from_db_dust_thru_prd_fvogle.Part002.20050501.0000.tar
products-135-of-213,monthly/20050501.0000/sdssprd_from_db_gcc_thru_prd_imagemagick.Part003.20050501.0000.tar
products-135-of-213,monthly/20050501.0000/sdssprd_from_db_insure_thru_prd_libtppy.Part004.20050501.0000.tar
products-136-of-213,monthly/20050501.0000/sdssprd_from_db_lsf_thru_prd_pgplot.Part005.20050501.0000.tar
products-136-of-213,monthly/20050501.0000/sdssprd_from_db_photo_thru_prd_rgang.Part006.20050501.0000.tar
products-136-of-213,monthly/20050501.0000/sdssprd_from_db_root_thru_prd_specialStripes.Part007.20050501.0000.tar
products-137-of-213,monthly/20050501.0000/sdssprd_from_db_speclog_thru_prd_sxSchema.Part008.20050501.0000.tar
products-137-of-213,monthly/20050501.0000/sdssprd_from_db_tables_thru_prd_zlib.Part009.20050501.0000.tar
products-137-of-213,monthly/20050501.0000/sdssprd_from_DOT-FILES,etc,manFiles_THEN-PRODUCTS_db_acroread_thru_prd_dss.Part001.20050501.0000.tar
products-138-of-213,monthly/20050601.0000/sdssprd_from_db_dust_thru_prd_fvogle.Part002.20050601.0000.tar
products-138-of-213,monthly/20050601.0000/sdssprd_from_db_gcc_thru_prd_Imaging.Part003.20050601.0000.tar
products-138-of-213,monthly/20050601.0000/sdssprd_from_db_insure_thru_prd_libtppy.Part004.20050601.0000.tar
products-139-of-213,monthly/20050601.0000/sdssprd_from_db_lsf_thru_prd_pgplot.Part005.20050601.0000.tar
products-139-of-213,monthly/20050601.0000/sdssprd_from_db_photo_thru_prd_readline.Part006.20050601.0000.tar
products-139-of-213,monthly/20050601.0000/sdssprd_from_db_refdata_thru_prd_SpatialIndex.Part007.20050601.0000.tar
products-140-of-213,monthly/20050601.0000/sdssprd_from_db_specdb_thru_prd_stsci_python.Part008.20050601.0000.tar
products-140-of-213,monthly/20050601.0000/sdssprd_from_db_stsdas_thru_prd_tiling.Part009.20050601.0000.tar
products-140-of-213,monthly/20050601.0000/sdssprd_from_db_tk_thru_prd_zlib.Part010.20050601.0000.tar
products-140-of-213,monthly/20050601.0000/sdssprd_from_DOT-FILES,etc,manFiles_THEN-PRODUCTS_db_acroread_thru_prd_dss.Part001.20050601.0000.tar
products-141-of-213,monthly/20050701.0001/sdssprd_from_db_dss_thru_prd_fvogle.Part002.20050701.0001.tar
products-141-of-213,monthly/20050701.0001/sdssprd_from_db_gcc_thru_prd_Imaging.Part003.20050701.0001.tar
products-141-of-213,monthly/20050701.0001/sdssprd_from_db_insure_thru_prd_libtppy.Part004.20050701.0001.tar
products-142-of-213,monthly/20050701.0001/sdssprd_from_db_lsf_thru_prd_pgplot.Part005.20050701.0001.tar
products-142-of-213,monthly/20050701.0001/sdssprd_from_db_photo_thru_prd_python.Part006.20050701.0001.tar
products-142-of-213,monthly/20050701.0001/sdssprd_from_db_quasar_thru_prd_SpatialIndex.Part007.20050701.0001.tar
products-143-of-213,monthly/20050701.0001/sdssprd_from_db_specdb_thru_prd_stsci_python.Part008.20050701.0001.tar
products-143-of-213,monthly/20050701.0001/sdssprd_from_db_stsdas_thru_prd_tiling.Part009.20050701.0001.tar
products-143-of-213,monthly/20050701.0001/sdssprd_from_db_tk_thru_prd_zlib.Part010.20050701.0001.tar
products-143-of-213,monthly/20050701.0001/sdssprd_from_DOT-FILES,etc,manFiles_THEN-PRODUCTS_db_acroread_thru_prd_ds9.Part001.20050701.0001.tar
products-144-of-213,monthly/20050801.0001/sdssprd_from_db_dp_thru_prd_ftcl_vx.Part002.20050801.0001.tar
products-144-of-213,monthly/20050801.0001/sdssprd_from_db_idlutils_thru_prd_lineindex.Part004.20050801.0001.tar
products-145-of-213,monthly/20050801.0001/sdssprd_from_db_lsf_thru_prd_pgplot.Part005.20050801.0001.tar
products-145-of-213,monthly/20050801.0001/sdssprd_from_db_photo_thru_prd_python.Part006.20050801.0001.tar
products-146-of-213,monthly/20050801.0001/sdssprd_from_db_quasar_thru_prd_SpatialIndex.Part007.20050801.0001.tar
products-146-of-213,monthly/20050801.0001/sdssprd_from_db_specdb_thru_prd_stsci_python.Part008.20050801.0001.tar
products-146-of-213,monthly/20050801.0001/sdssprd_from_db_stsdas_thru_prd_tiling.Part009.20050801.0001.tar
products-147-of-213,monthly/20050801.0001/sdssprd_from_db_tk_thru_prd_zlib.Part010.20050801.0001.tar
products-147-of-213,monthly/20050801.0001/sdssprd_from_DOT-FILES,etc,manFiles_THEN-PRODUCTS_db_acroread_thru_prd_dm.Part001.20050801.0001.tar
products-147-of-213,monthly/20050801.0001/sdssprd_from_prd_ftools_thru_prd_idlspec2d.Part003.20050801.0001.tar
products-148-of-213,monthly/20050901.1228/sdssprd_from_db_daedaleos_thru_prd_daedaleos.Part002.20050901.1228.tar
products-148-of-213,monthly/20050901.1228/sdssprd_from_db_ddd_thru_prd_fpostgres.Part003.20050901.1228.tar
products-148-of-213,monthly/20050901.1228/sdssprd_from_db_framesub_thru_prd_handScan.Part004.20050901.1228.tar
products-148-of-213,monthly/20050901.1228/sdssprd_from_db_idl_thru_prd_insure.Part005.20050901.1228.tar
products-149-of-213,monthly/20050901.1228/sdssprd_from_db_iraf_thru_prd_mask2Csv.Part006.20050901.1228.tar
products-149-of-213,monthly/20050901.1228/sdssprd_from_db_matplotlib_thru_prd_pgplot.Part007.20050901.1228.tar
products-149-of-213,monthly/20050901.1228/sdssprd_from_db_photo_thru_prd_python.Part008.20050901.1228.tar
products-150-of-213,monthly/20050901.1228/sdssprd_from_db_quasar_thru_prd_SpatialIndex.Part009.20050901.1228.tar
products-150-of-213,monthly/20050901.1228/sdssprd_from_db_specdb_thru_prd_stsci_python.Part010.20050901.1228.tar
products-151-of-213,monthly/20050901.1228/sdssprd_from_db_stsdas_thru_prd_tiling.Part011.20050901.1228.tar
products-151-of-213,monthly/20050901.1228/sdssprd_from_db_tk_thru_prd_zlib.Part012.20050901.1228.tar
products-151-of-213,monthly/20050901.1228/sdssprd_from_DOT-FILES,etc,manFiles_THEN-PRODUCTS_db_acroread_thru_prd_cxx2html.Part001.20050901.1228.tar
products-152-of-213,monthly/20051006.2156/sdssprd_from_db_dp_thru_prd_fpostgres.Part002.20051006.2156.tar
products-152-of-213,monthly/20051006.2156/sdssprd_from_db_framesub_thru_prd_geomview.Part003.20051006.2156.tar
products-153-of-213,monthly/20051006.2156/sdssprd_from_db_ghostscript_thru_prd_insure.Part004.20051006.2156.tar
products-153-of-213,monthly/20051006.2156/sdssprd_from_db_iraf_thru_prd_mask2Csv.Part005.20051006.2156.tar
products-153-of-213,monthly/20051006.2156/sdssprd_from_db_matplotlib_thru_prd_pgplot.Part006.20051006.2156.tar
products-154-of-213,monthly/20051006.2156/sdssprd_from_db_photo_thru_prd_python.Part007.20051006.2156.tar
products-154-of-213,monthly/20051006.2156/sdssprd_from_db_quasar_thru_prd_SpatialIndex.Part008.20051006.2156.tar
products-154-of-213,monthly/20051006.2156/sdssprd_from_db_specdb_thru_prd_stsci_python.Part009.20051006.2156.tar
products-155-of-213,monthly/20051006.2156/sdssprd_from_db_stsdas_thru_prd_tiling.Part010.20051006.2156.tar
products-155-of-213,monthly/20051006.2156/sdssprd_from_db_tk_thru_prd_zlib.Part011.20051006.2156.tar
products-155-of-213,monthly/20051006.2156/sdssprd_from_DOT-FILES,etc,manFiles_THEN-PRODUCTS_db_acroread_thru_prd_dm.Part001.20051006.2156.tar
products-156-of-213,monthly/20051101.0001/sdssprd_from_db_dp_thru_prd_elodie.Part002.20051101.0001.tar
products-156-of-213,monthly/20051101.0001/sdssprd_from_db_emacs_thru_prd_fvogle.Part003.20051101.0001.tar
products-156-of-213,monthly/20051101.0001/sdssprd_from_db_gcc_thru_prd_Imaging.Part004.20051101.0001.tar
products-157-of-213,monthly/20051101.0001/sdssprd_from_db_insure_thru_prd_lineindex.Part005.20051101.0001.tar
products-157-of-213,monthly/20051101.0001/sdssprd_from_db_lsf_thru_prd_pgplot.Part006.20051101.0001.tar
products-158-of-213,monthly/20051101.0001/sdssprd_from_db_photo_thru_prd_python.Part007.20051101.0001.tar
products-158-of-213,monthly/20051101.0001/sdssprd_from_db_quasar_thru_prd_SpatialIndex.Part008.20051101.0001.tar
products-158-of-213,monthly/20051101.0001/sdssprd_from_db_specdb_thru_prd_stsci_python.Part009.20051101.0001.tar
products-159-of-213,monthly/20051101.0001/sdssprd_from_db_stsdas_thru_prd_tiling.Part010.20051101.0001.tar
products-159-of-213,monthly/20051101.0001/sdssprd_from_db_tk_thru_prd_zlib.Part011.20051101.0001.tar
products-159-of-213,monthly/20051101.0001/sdssprd_from_DOT-FILES,etc,manFiles_THEN-PRODUCTS_db_acroread_thru_prd_dm.Part001.20051101.0001.tar
products-160-of-213,monthly/20051201.0001/sdssprd_from_db_dp_thru_prd_dss.Part002.20051201.0001.tar
products-160-of-213,monthly/20051201.0001/sdssprd_from_db_dust_thru_prd_ftcl_vx.Part003.20051201.0001.tar
products-160-of-213,monthly/20051201.0001/sdssprd_from_db_idlutils_thru_prd_lineindex.Part005.20051201.0001.tar
products-161-of-213,monthly/20051201.0001/sdssprd_from_db_lsf_thru_prd_pgplot.Part006.20051201.0001.tar
products-161-of-213,monthly/20051201.0001/sdssprd_from_db_photo_thru_prd_python.Part007.20051201.0001.tar
products-162-of-213,monthly/20051201.0001/sdssprd_from_db_quasar_thru_prd_SpatialIndex.Part008.20051201.0001.tar
products-162-of-213,monthly/20051201.0001/sdssprd_from_db_specdb_thru_prd_stsci_python.Part009.20051201.0001.tar
products-162-of-213,monthly/20051201.0001/sdssprd_from_db_stsdas_thru_prd_tiling.Part010.20051201.0001.tar
products-163-of-213,monthly/20051201.0001/sdssprd_from_db_tk_thru_prd_zlib.Part011.20051201.0001.tar
products-163-of-213,monthly/20051201.0001/sdssprd_from_DOT-FILES,etc,manFiles_THEN-PRODUCTS_db_acroread_thru_prd_dm.Part001.20051201.0001.tar
products-163-of-213,monthly/20051201.0001/sdssprd_from_prd_ftools_thru_prd_idlspec2d.Part004.20051201.0001.tar
products-164-of-213,monthly/20051216.1627/sdssprd_from_db_dust_thru_prd_fvogle.Part002.20051216.1627.tar
products-164-of-213,monthly/20051216.1627/sdssprd_from_db_gcc_thru_prd_insure.Part003.20051216.1627.tar
products-164-of-213,monthly/20051216.1627/sdssprd_from_db_iraf_thru_prd_pacman.Part004.20051216.1627.tar
products-165-of-213,monthly/20051216.1627/sdssprd_from_db_perl_thru_prd_pyraf.Part005.20051216.1627.tar
products-165-of-213,monthly/20051216.1627/sdssprd_from_db_python_thru_prd_slalib.Part006.20051216.1627.tar
products-165-of-213,monthly/20051216.1627/sdssprd_from_db_slatec_thru_prd_stsci_python.Part007.20051216.1627.tar
products-166-of-213,monthly/20051216.1627/sdssprd_from_db_stsdas_thru_prd_tripwire.Part008.20051216.1627.tar
products-166-of-213,monthly/20051216.1627/sdssprd_from_db_ts_thru_prd_zlib.Part009.20051216.1627.tar
products-166-of-213,monthly/20051216.1627/sdssprd_from_DOT-FILES,etc,manFiles_THEN-PRODUCTS_db_.updfiles_thru_prd_dss.Part001.20051216.1627.tar
products-167-of-213,periodic/20060222.1313/sdssprd_from_db_daedaleos_thru_prd_fpostgres.Part002.20060222.1313.tar
products-167-of-213,periodic/20060222.1313/sdssprd_from_db_framesub_thru_prd_fvogle.Part003.20060222.1313.tar
products-167-of-213,periodic/20060222.1313/sdssprd_from_db_gcc_thru_prd_imagelibs.Part004.20060222.1313.tar
products-168-of-213,periodic/20060222.1313/sdssprd_from_db_imagemagick_thru_prd_mongo2k.Part005.20060222.1313.tar
products-168-of-213,periodic/20060222.1313/sdssprd_from_db_mt_thru_prd_psutils.Part006.20060222.1313.tar
products-169-of-213,periodic/20060222.1313/sdssprd_from_db_ptdb_thru_prd_snana.Part007.20060222.1313.tar
products-169-of-213,periodic/20060222.1313/sdssprd_from_db_sndp_thru_prd_stsci_python.Part008.20060222.1313.tar
products-170-of-213,periodic/20060222.1313/sdssprd_from_db_stsdas_thru_prd_tiling.Part009.20060222.1313.tar
products-170-of-213,periodic/20060222.1313/sdssprd_from_db_tk_thru_prd_zlib.Part010.20060222.1313.tar
products-170-of-213,periodic/20060222.1313/sdssprd_from_DOT-FILES,etc,manFiles_THEN-PRODUCTS_db_.updfiles_thru_prd_cxx2html.Part001.20060222.1313.tar
products-171-of-213,periodic/20060301.1617/sdssprd_from_db_dp_thru_prd_fvogle.Part002.20060301.1617.tar
products-171-of-213,periodic/20060301.1617/sdssprd_from_db_gcc_thru_prd_Imaging.Part003.20060301.1617.tar
products-171-of-213,periodic/20060301.1617/sdssprd_from_db_insure_thru_prd_pacman.Part004.20060301.1617.tar
products-172-of-213,periodic/20060301.1617/sdssprd_from_db_perl_thru_prd_rgang.Part005.20060301.1617.tar
products-172-of-213,periodic/20060301.1617/sdssprd_from_db_root_thru_prd_ts.Part006.20060301.1617.tar
products-172-of-213,periodic/20060301.1617/sdssprd_from_db_tycho2_thru_prd_zlib.Part007.20060301.1617.tar
products-172-of-213,periodic/20060301.1617/sdssprd_from_DOT-FILES,etc,manFiles_THEN-PRODUCTS_db_.updfiles_thru_prd_dm.Part001.20060301.1617.tar
products-173-of-213,periodic/20060727.2259/sdssprd_from_db_ddd_thru_prd_ftcl_vx.Part002.20060727.2259.tar
products-173-of-213,periodic/20060727.2259/sdssprd_from_db_idl_thru_prd_iop.Part004.20060727.2259.tar
products-174-of-213,periodic/20060727.2259/sdssprd_from_db_iraf_thru_prd_pgplot.Part005.20060727.2259.tar
products-174-of-213,periodic/20060727.2259/sdssprd_from_db_photo_thru_prd_rgang.Part006.20060727.2259.tar
products-174-of-213,periodic/20060727.2259/sdssprd_from_db_root_thru_prd_tables.Part007.20060727.2259.tar
products-175-of-213,periodic/20060727.2259/sdssprd_from_db_target_thru_prd_zlib.Part008.20060727.2259.tar
products-175-of-213,periodic/20060727.2259/sdssprd_from_DOT-FILES,etc,manFiles_THEN-PRODUCTS_db_.updfiles_thru_prd_daedaleos.Part001.20060727.2259.tar
products-175-of-213,periodic/20060727.2259/sdssprd_from_prd_ftools_thru_prd_handScan.Part003.20060727.2259.tar
products-176-of-213,periodic/20061102.1420/sdssprd_from_db_diff_thru_prd_fvogle.Part002.20061102.1420.tar
products-176-of-213,periodic/20061102.1420/sdssprd_from_db_gcc_thru_prd_handScan.Part003.20061102.1420.tar
products-176-of-213,periodic/20061102.1420/sdssprd_from_db_idl_thru_prd_iop.Part004.20061102.1420.tar
products-177-of-213,periodic/20061102.1420/sdssprd_from_db_iraf_thru_prd_matplotlib.Part005.20061102.1420.tar
products-177-of-213,periodic/20061102.1420/sdssprd_from_db_metakit_thru_prd_python.Part006.20061102.1420.tar
products-178-of-213,periodic/20061102.1420/sdssprd_from_db_quasar_thru_prd_specflat.Part007.20061102.1420.tar
products-178-of-213,periodic/20061102.1420/sdssprd_from_db_specialStripes_thru_prd_xemacs.Part008.20061102.1420.tar
products-178-of-213,periodic/20061102.1420/sdssprd_from_db_xerces_thru_prd_zlib.Part009.20061102.1420.tar
products-178-of-213,periodic/20061102.1420/sdssprd_from_DOT-FILES,etc,manFiles_THEN-PRODUCTS_db_.updfiles_thru_prd_dervish.Part001.20061102.1420.tar
products-179-of-213,periodic/20070724.1502/sdssprd_from_db_diff_thru_prd_fastt.Part002.20070724.1502.tar
products-179-of-213,periodic/20070724.1502/sdssprd_from_db_fcslib_thru_prd_handScan.Part003.20070724.1502.tar
products-179-of-213,periodic/20070724.1502/sdssprd_from_db_idl_thru_prd_insure.Part004.20070724.1502.tar.Piece-1-of-2
products-179-of-213,periodic/20070724.1502/sdssprd_from_db_idl_thru_prd_insure.Part004.20070724.1502.tar.Piece-2-of-2
products-180-of-213,periodic/20070724.1502/sdssprd_from_db_iop_thru_prd_matplotlib.Part005.20070724.1502.tar
products-180-of-213,periodic/20070724.1502/sdssprd_from_db_metakit_thru_prd_pyraf.Part006.20070724.1502.tar
products-180-of-213,periodic/20070724.1502/sdssprd_from_db_python_thru_prd_sdssidl.Part007.20070724.1502.tar
products-181-of-213,periodic/20070724.1502/sdssprd_from_db_snid_thru_prd_ssc.Part009.20070724.1502.tar
products-181-of-213,periodic/20070724.1502/sdssprd_from_db_tcldp_thru_prd_zlib.Part011.20070724.1502.tar
products-181-of-213,periodic/20070724.1502/sdssprd_from_DOT-FILES,etc,manFiles_THEN-PRODUCTS_db_.updfiles_thru_prd_dervish.Part001.20070724.1502.tar
products-182-of-213,periodic/20070724.1502/sdssprd_from_prd_sdsslsf_thru_prd_sndp.Part008.20070724.1502.tar
products-182-of-213,periodic/20070724.1502/sdssprd_from_prd_sspp_thru_prd_tcl.Part010.20070724.1502.tar
products-183-of-213,periodic/20071221.1546/sdssprd_from_db_clhep_thru_prd_emacs.Part002.20071221.1546.tar
products-183-of-213,periodic/20071221.1546/sdssprd_from_db_encp_thru_prd_g4radiative.Part003.20071221.1546.tar
products-183-of-213,periodic/20071221.1546/sdssprd_from_db_gcc_thru_prd_handScan.Part004.20071221.1546.tar
products-184-of-213,periodic/20071221.1546/sdssprd_from_db_idl_thru_prd_idlastron.Part005.20071221.1546.tar
products-184-of-213,periodic/20071221.1546/sdssprd_from_db_idlspec2d_thru_prd_ispell.Part006.20071221.1546.tar
products-184-of-213,periodic/20071221.1546/sdssprd_from_db_java_thru_prd_mask2Csv.Part007.20071221.1546.tar
products-185-of-213,periodic/20071221.1546/sdssprd_from_db_mathematica_thru_prd_mathematica.Part008.20071221.1546.tar
products-185-of-213,periodic/20071221.1546/sdssprd_from_db_matplotlib_thru_prd_pgplot.Part009.20071221.1546.tar
products-185-of-213,periodic/20071221.1546/sdssprd_from_db_photo_thru_prd_pyraf.Part010.20071221.1546.tar
products-186-of-213,periodic/20071221.1546/sdssprd_from_db_python_thru_prd_rgang.Part011.20071221.1546.tar
products-186-of-213,periodic/20071221.1546/sdssprd_from_db_root_thru_prd_sm.Part012.20071221.1546.tar
products-186-of-213,periodic/20071221.1546/sdssprd_from_db_snana_thru_prd_snana.Part013.20071221.1546.tar
products-187-of-213,periodic/20071221.1546/sdssprd_from_db_sndp_thru_prd_ssc.Part014.20071221.1546.tar
products-187-of-213,periodic/20071221.1546/sdssprd_from_db_sspp_thru_prd_stsci_python.Part015.20071221.1546.tar
products-188-of-213,periodic/20071221.1546/sdssprd_from_db_stsdas_thru_prd_wcstools.Part016.20071221.1546.tar
products-188-of-213,periodic/20071221.1546/sdssprd_from_db_wdcat_thru_prd_zlib.Part017.20071221.1546.tar
products-188-of-213,periodic/20071221.1546/sdssprd_from_DOT-FILES,etc,manFiles_THEN-PRODUCTS_db_.updfiles_thru_prd_cfitsio.Part001.20071221.1546.tar
products-189-of-213,periodic/20080414.1102/sdssprd_from_db_clhep_thru_prd_dust.Part002.20080414.1102.tar
products-189-of-213,periodic/20080414.1102/sdssprd_from_db_elodie_thru_prd_g4emlow.Part003.20080414.1102.tar
products-189-of-213,periodic/20080414.1102/sdssprd_from_db_g4neutron_thru_prd_g95.Part004.20080414.1102.tar
products-189-of-213,periodic/20080414.1102/sdssprd_from_db_gcc_thru_prd_gcc.Part005.20080414.1102.tar
products-190-of-213,periodic/20080414.1102/sdssprd_from_db_gd_thru_prd_handScan.Part006.20080414.1102.tar
products-190-of-213,periodic/20080414.1102/sdssprd_from_db_idl_thru_prd_idlastron.Part007.20080414.1102.tar
products-190-of-213,periodic/20080414.1102/sdssprd_from_db_idlspec2d_thru_prd_ipython.Part008.20080414.1102.tar
products-191-of-213,periodic/20080414.1102/sdssprd_from_db_iraf_thru_prd_mask2Csv.Part009.20080414.1102.tar
products-191-of-213,periodic/20080414.1102/sdssprd_from_db_mathematica_thru_prd_mathematica.Part010.20080414.1102.tar
products-191-of-213,periodic/20080414.1102/sdssprd_from_db_matplotlib_thru_prd_mongo2k.Part011.20080414.1102.tar
products-191-of-213,periodic/20080414.1102/sdssprd_from_db_mt_thru_prd_pgplot.Part013.20080414.1102.tar
products-192-of-213,periodic/20080414.1102/sdssprd_from_db_photo_thru_prd_psutils.Part014.20080414.1102.tar
products-192-of-213,periodic/20080414.1102/sdssprd_from_db_pyfits_thru_prd_rgang.Part015.20080414.1102.tar
products-192-of-213,periodic/20080414.1102/sdssprd_from_db_root_thru_prd_sm.Part016.20080414.1102.tar
products-193-of-213,periodic/20080414.1102/sdssprd_from_db_snana_thru_prd_snana.Part017.20080414.1102.tar
products-193-of-213,periodic/20080414.1102/sdssprd_from_db_sndp_thru_prd_ssc.Part018.20080414.1102.tar
products-194-of-213,periodic/20080414.1102/sdssprd_from_db_sspp_thru_prd_strategy.Part019.20080414.1102.tar
products-194-of-213,periodic/20080414.1102/sdssprd_from_db_stsci_python_thru_prd_tycho2.Part020.20080414.1102.tar
products-194-of-213,periodic/20080414.1102/sdssprd_from_db_ucac_thru_prd_zlib.Part021.20080414.1102.tar
products-195-of-213,periodic/20080414.1102/sdssprd_from_DOT-FILES,etc,manFiles_THEN-PRODUCTS_db_.updfiles_thru_prd_cfitsio.Part001.20080414.1102.tar
products-195-of-213,periodic/20080414.1102/sdssprd_msuspec_v1_1.Part012a.20080414.1102.tgz
products-195-of-213,periodic/20080414.1102/sdssprd_msuspec_v1_2.Part012b.20080414.1102.tgz
products-196-of-213,periodic/20080724.1806/sdssprd_from_db_cfitsio_thru_prd_dust.Part002.20080724.1806.tar
products-196-of-213,periodic/20080724.1806/sdssprd_from_db_elodie_thru_prd_g4emlow.Part003.20080724.1806.tar
products-196-of-213,periodic/20080724.1806/sdssprd_from_db_g4ndl_thru_prd_galphot.Part004.20080724.1806.tar
products-197-of-213,periodic/20080724.1806/sdssprd_from_db_gcc_thru_prd_gcc.Part005.20080724.1806.tar
products-197-of-213,periodic/20080724.1806/sdssprd_from_db_gd_thru_prd_gdtcl.Part006.20080724.1806.tar
products-197-of-213,periodic/20080724.1806/sdssprd_from_db_geant4_thru_prd_geant4.Part007.20080724.1806.tar
products-197-of-213,periodic/20080724.1806/sdssprd_from_db_geant4source_thru_prd_handScan.Part008.20080724.1806.tar
products-198-of-213,periodic/20080724.1806/sdssprd_from_db_idl_thru_prd_idl.Part009.20080724.1806.tar
products-198-of-213,periodic/20080724.1806/sdssprd_from_db_idlastron_thru_prd_ipython.Part010.20080724.1806.tar
products-198-of-213,periodic/20080724.1806/sdssprd_from_db_iraf_thru_prd_mask2Csv.Part011.20080724.1806.tar
products-199-of-213,periodic/20080724.1806/sdssprd_from_db_mathematica_thru_prd_mathematica.Part012.20080724.1806.tar
products-199-of-213,periodic/20080724.1806/sdssprd_from_db_matplotlib_thru_prd_mpfr.Part013.20080724.1806.tar
products-200-of-213,periodic/20080724.1806/sdssprd_from_db_msuspec_thru_prd_msuspec.Part014.20080724.1806.tar.gz
products-200-of-213,periodic/20080724.1806/sdssprd_from_db_mt_thru_prd_phot2d.Part015.20080724.1806.tar
products-201-of-213,periodic/20080724.1806/sdssprd_from_db_photo_thru_prd_Pmw.Part016.20080724.1806.tar
products-201-of-213,periodic/20080724.1806/sdssprd_from_db_port3_thru_prd_rgang.Part017.20080724.1806.tar
products-201-of-213,periodic/20080724.1806/sdssprd_from_db_root_thru_prd_sdsslsf.Part018.20080724.1806.tar
products-201-of-213,periodic/20080724.1806/sdssprd_from_db_sdssmath_thru_prd_sm.Part019.20080724.1806.tar
products-202-of-213,periodic/20080724.1806/sdssprd_from_db_snana_thru_prd_snana.Part020.20080724.1806.tar
products-202-of-213,periodic/20080724.1806/sdssprd_from_db_sndp_thru_prd_specview.Part021.20080724.1806.tar
products-202-of-213,periodic/20080724.1806/sdssprd_from_db_sqlFits2Csv_thru_prd_ssc.Part022.20080724.1806.tar
products-203-of-213,periodic/20080724.1806/sdssprd_from_db_sspp_thru_prd_sspp.Part023.20080724.1806.tar
products-204-of-213,periodic/20080724.1806/sdssprd_from_db_stdcpplib_thru_prd_tables.Part024.20080724.1806.tar
products-204-of-213,periodic/20080724.1806/sdssprd_from_db_target_thru_prd_tycho2.Part025.20080724.1806.tar
products-205-of-213,periodic/20080724.1806/sdssprd_from_db_ucac_thru_prd_zlib.Part026.20080724.1806.tar
products-205-of-213,periodic/20080724.1806/sdssprd_from_DOT-FILES,etc,manFiles_THEN-PRODUCTS_db_.updfiles_thru_prd_cernsource.Part001.20080724.1806.tar
products-206-of-213,preServer/act.v1_0.20010918.tar
products-206-of-213,preServer/adaprods.tsch.telephone.template_home.testcvs.texinfo.tiny.uas_build.upc.upd.upr.xfig.zlib.20010925.tar
products-206-of-213,preServer/apache.v1_3_13-v1_3_14.20010925.tar
products-206-of-213,preServer/ared.v1_2.20010920.tar
products-206-of-213,preServer/astroline.v6_1-v10_8.20010920.tar
products-206-of-213,preServer/astrom.v2_0-v3_5.20010918.tar
products-206-of-213,preServer/astrotools.v4_0-v5_4.20010918.tar
products-206-of-213,preServer/bash.v2_02-v2_03.20010925.tar
products-206-of-213,preServer/basicSch.v2_3-v2_4,mt2_3-mt2_4.20010918.tar
products-206-of-213,preServer/bison.cvsh.cxx2html.distools.edt.etc.fake.fcslib.flex.fulib.funkern.gccfix.gd.gdtcl.kcommon.kcroninit.libpng.lscvs.nedit.COMBINED.20011001.tar
products-206-of-213,preServer/blt.v1_9-v2_3.20010924.tar
products-206-of-213,preServer/cern.v95a-v95b.20010920.tar
products-206-of-213,preServer/cia.v1_0-v1_0a.20010924.tar
products-206-of-213,preServer/cluster_disk.aliases.chep92_murmur.tex.cluster_qa.dart-logo.doc.fonts.minutes-archive.quotas.scripts.standards.COMBINED.20011002.tar
products-206-of-213,preServer/cluster_disk.catman.man.COMBINED.20011002.tar
products-206-of-213,preServer/cluster_disk.latex.tex_files.COMBINED.20011002.tar
products-206-of-213,preServer/cluster_disk.MIPSpro_7.2.1.3m.tar.20011002.tar
products-206-of-213,preServer/cluster_disk.ncd.20011002.tar
products-206-of-213,preServer/cluster_disk.upsII_database.ups_database.upsdb.upsdb2.COMBINED.20011002.tar
products-206-of-213,preServer/cmdbin.v1_0-v1_1.20010920.tar
products-206-of-213,preServer/cmdbincmd.v1_1.20010920.tar
products-206-of-213,preServer/cmdbingen.v1_1.cmdbinutl.v1_1.20010925.tar
products-206-of-213,preServer/condor.v6.0.3-v6.1.16.20010924.tar
products-206-of-213,preServer/cop.v2_14-v3_13.20010920.tar
products-206-of-213,preServer/cps.v3_0.20010924.tar
products-206-of-213,preServer/cvs.sdss.B-T,a-p.COMBINED.Part01.20011003.tar
products-207-of-213,preServer/cvs.sdss.q-x_.bin.quotas.sdss.saved.sdsscvs_admin.src.vtk.SpatialIndex.DOTFILES.COMBINED.Part02.20011003.tar
products-207-of-213,preServer/cvs.v1_6-v1_10.20010924.tar
products-207-of-213,preServer/dddebugger.v3_1_2.20010924.tar
products-207-of-213,preServer/dervish.v6_10-v8_1.20010914.tar
products-207-of-213,preServer/diff.v1_0-v2_7.20010920.tar
products-207-of-213,preServer/diffutils.v2_7.20010928.tar
products-207-of-213,preServer/dm.v1_0-v2_0.20010928.tar
products-207-of-213,preServer/dp.v11_5-v11_14.objbackup.v1_8.tiling.v3_6-v3_7.ups_database.Linux.20011018.tar
products-207-of-213,preServer/dp.v8_6-v11_4.20010919.tar
products-207-of-213,preServer/dss.GENERIC_UNIX.20010920.tar
products-207-of-213,preServer/dust.v1_0.20010920.tar
products-207-of-213,preServer/eagphot.v2_0.20010927.tar
products-207-of-213,preServer/elm.v2_4p25.20010924.tar
products-207-of-213,preServer/emacs.v19_30a,emacs-20.7.20010927.tar
products-207-of-213,preServer/enstore.devel.20010927.tar
products-207-of-213,preServer/expect.v5_18,v5_18a,v5_18_light.20010928.tar
products-207-of-213,preServer/fastt.v1_0-v2_0.20010918.tar
products-207-of-213,preServer/fbsng.v1_0-v1_3.20010928.tar
products-207-of-213,preServer/fcalib.v1_0-v3_2.20010924.tar
products-207-of-213,preServer/fftw.v1_2-v1_3.20010924.tar
products-207-of-213,preServer/fitsio.v1_0.20010921.tar
products-207-of-213,preServer/fmb.GENERIC_UNIX.20010924.tar
products-207-of-213,preServer/fmss.v1_2a-v3_1.20010924.tar
products-207-of-213,preServer/focas.v1_0.20010924.tar
products-207-of-213,preServer/fpgplot.v1_7-v1_8a.20010921.tar
products-207-of-213,preServer/fsao.v3_13a-v3_14a.20010924.tar
products-207-of-213,preServer/fslalib.v1_2-v2_1_2aa.20010924.tar
products-207-of-213,preServer/ftcl.v3_3-v3_3b.20010921.tar
products-207-of-213,preServer/ftk.v2_3.20010921.tar
products-207-of-213,preServer/ftt.v1_8-v2_6.20010921.tar
products-207-of-213,preServer/fue.ALL.20010928.tar
products-207-of-213,preServer/fv.v2_0_1.20010918.tar
products-207-of-213,preServer/fvogle.v1_3_0f1-v1_3_0f1a.20010921.tar
products-207-of-213,preServer/fvwm.v2.1.10.20010921.tar
products-207-of-213,preServer/gcc.v2_7_2-v2_95_2.20010918.tar
products-208-of-213,preServer/gdb.v4_16-v4_18.20010918.tar
products-208-of-213,preServer/geomview.v1_6_1.20010928.tar
products-208-of-213,preServer/ghostview.v1_5c-v4_0b.20010921.tar
products-208-of-213,preServer/gimp.v1_0_1.20010928.tar
products-208-of-213,preServer/glib.v1_1_3.20010928.tar
products-208-of-213,preServer/gnuplot.v3_5.20010928.tar
products-208-of-213,preServer/gtk.v1_1_2.20010921.tar
products-208-of-213,preServer/gtools.v1_1-v2_2.20010921.tar
products-208-of-213,preServer/idl.v-idl_5.4.20010920.tar
products-208-of-213,preServer/idlastron.v1_0.20010921.tar
products-208-of-213,preServer/idlspec2d.v1_0-v4_8_2.20010921.tar
products-208-of-213,preServer/idlutils.v1_0-v4_8_2.20010921.tar
products-208-of-213,preServer/imagelibs.v1_0.20010921.tar
products-208-of-213,preServer/imagemagick.v4_04.20010921.tar
products-208-of-213,preServer/insure.v5_1.20010918.tar
products-208-of-213,preServer/iraf_info.GENERIC_UNIX.20010921.tar
products-208-of-213,preServer/iraf.v2_11_1-v2_11_3.20010918.tar
products-208-of-213,preServer/IRIX-ONLY.69-products.20011016.tar
products-208-of-213,preServer/ispell.v3_1a-v3_1_18.20010921.tar
products-208-of-213,preServer/ko.v1_0-v5_2.20010919.tar
products-208-of-213,preServer/ktools.v1_9-v2_3.20010924.tar
products-208-of-213,preServer/lapack.v2_0-v2_1.20010918.tar
products-208-of-213,preServer/libfits.v1_0-v1_2_4.20010921.tar
products-208-of-213,preServer/libtp.v2_3-v2_7_4.20010921.tar
products-208-of-213,preServer/libtppy.v1_0-v1_2_4.20010921.tar
products-208-of-213,preServer/lsf.v3_2.20010918.tar
products-208-of-213,preServer/lsfadm.20010924.tar
products-208-of-213,preServer/lynx.v2_8_3.20010925.tar
products-208-of-213,preServer/makebias.v1_0-v1_1.20010921.tar
products-208-of-213,preServer/metamail.v2_7.20010921.tar
products-208-of-213,preServer/mt.v2_4a-v7_3.20010919.tar
products-208-of-213,preServer/mtSch.v2_2-v2_3.20010920.tar
products-208-of-213,preServer/mtstds.v1_0-v3_3.20010920.tar
products-208-of-213,preServer/ncurses.v1_1.20010927.tar
products-208-of-213,preServer/netscape.v3_0g-v472.20010920.tar
products-208-of-213,preServer/nfcalib.v1_0-v1_8_2.20010921.tar
products-208-of-213,preServer/ngop.b0_4-b0_5.20010921.tar
products-209-of-213,preServer/objbackup.v1_0-v1_1.20010921.tar
products-209-of-213,preServer/objectivity.v4_0_2-v6_0_3.20010914.tar
products-209-of-213,preServer/ocs.v2_5_old-v3_1a.20010921.tar
products-209-of-213,preServer/octave.v1_1_1.20010927.tar
products-209-of-213,preServer/OLDprods-GENERIC_UNIX,IRIX,Linux_sxadmin_Web,cluster_disk,Linux2.2_tiling-v3_8,9,postgresql-FINAL-BKUP.20020423.tar
products-209-of-213,preServer/olscvs.roboRead.sdsscontrib.sdsscvs.sdssidl.sdsstape.secure.setterm.setxwin.shrc.spicam.staroffice.stdcpplib.systools.COMBINED.20011001.tar
products-209-of-213,preServer/orbacus.v3_3_2-v4_0_5.20010921.tar
products-209-of-213,preServer/perl.v4_036.del-v5_005a.syscollect.v1_0-v1_2.COMBINED.tar
products-209-of-213,preServer/pgplot.v5_0_1-v5_1_1fa.20010921.tar
products-209-of-213,preServer/photo.v3_0,x4_6,v5_0_7-v5_2_25-,Part01.20010913.tar
products-209-of-213,preServer/photo.v5_2_22-v5_3_2-,Part02.20010913.tar
products-210-of-213,preServer/photoSch.v2_6-v2_14.20010914.tar
products-210-of-213,preServer/plate.v1_0-c3_5.20010920.tar
products-210-of-213,preServer/postgres.v6_4_2-6.5.3.20010921.tar
products-210-of-213,preServer/pp.v2_0_1a-v3_5.20010920.tar
products-210-of-213,preServer/ptdb.20010921.tar
products-210-of-213,preServer/ptolemy.v0_6.20010921.tar
products-210-of-213,preServer/python.v1_5_1-v1_5_2E.20010921.tar
products-210-of-213,preServer/quasar.v2_0-v2_2.20010921.tar
products-210-of-213,preServer/radio.v1_0-v1_2.20010921.tar
products-210-of-213,preServer/rcs.v5_6-v5_7.20010921.tar
products-210-of-213,preServer/readline.v2_2.20010927.tar
products-210-of-213,preServer/rw.v7_10.20010918.tar
products-210-of-213,preServer/sdb.v2_10-v2_11.20010928.tar
products-210-of-213,preServer/sdssdp.GENERIC_UNIX.20010920.tar
products-210-of-213,preServer/sdssfue.ALL.20010928.tar
products-210-of-213,preServer/sdssmath.v4_5-v5_2.20010918.tar
products-210-of-213,preServer/sdssQT.v2_3_2-v2_3_5.20010926.tar
products-210-of-213,preServer/sdsstools.v3_10-v4_11.20010926.tar
products-210-of-213,preServer/sdssWatch.v1_0-v1_2.20010926.tar
products-210-of-213,preServer/shells.v1_6-v3_0.20010926.tar
products-210-of-213,preServer/shiva.v5_5a-v6_4.20010920.tar
products-210-of-213,preServer/simSurvey.v1_0.20010926.tar
products-210-of-213,preServer/slalib.v1_0.20010926.tar
products-210-of-213,preServer/slatec.v0_8-v0_9a.20010919.tar
products-210-of-213,preServer/sm.v2_3_8.20010927.tar
products-210-of-213,preServer/SpatialIndex.v2_2-v3_1_6.20010919.tar
products-210-of-213,preServer/specflat.v1_2.20010926.tar
products-210-of-213,preServer/spectro.v2_0-7,v3,v4,v5_0_2-v5_4_1-20010913.tar
products-210-of-213,preServer/ssc.v1_1-v4_12.20010918.tar
products-210-of-213,preServer/ssh.v1.2.17.20010920.tar
products-210-of-213,preServer/strategy.v1_0-v1_1.20010918.tar
products-211-of-213,preServer/stsdas.v1_3_1-v2_0_2.20010918.tar
products-211-of-213,preServer/tables.v1_3_4-v2_0_2,misc-files.20010920.tar
products-211-of-213,preServer/target.v1_0-v2_13_8.20010914.tar
products-211-of-213,preServer/tcl.v7_3-v8_1_1.20010918.tar
products-211-of-213,preServer/tcldp.v3_2-v3_2f3.20010925.tar
products-211-of-213,preServer/tclhttpd.v1_3.20010925.tar
products-211-of-213,preServer/tclX.v7_3a.20010925.tar
products-211-of-213,preServer/tclx.v7_4ab-v8_0_2.20010918.tar
products-211-of-213,preServer/tcp_wrapper.v7_6_banners.20010925.tar
products-211-of-213,preServer/tex_files.dp1.16.20011016.tar
products-211-of-213,preServer/tex_files.v3_14159-v3_1415e.20010920.tar
products-211-of-213,preServer/tex.v3_14159-v3_1415a.20010925.tar
products-211-of-213,preServer/tgif.v3_0-v3_0-p13.20010925.tar
products-211-of-213,preServer/tiling.v2_0-v3_5.20010928.tar
products-211-of-213,preServer/tk.v3_6-v8_1_1.20010918.tar
products-211-of-213,preServer/ts.v2_10_1-v3_0_2.20010917.tar
products-211-of-213,preServer/tycho2.v1_0.20010918.tar
products-212-of-213,preServer/ucac.v0_6-v0_6a.20010920.tar
products-212-of-213,preServer/ucac.v0_7.20010924.tar
products-212-of-213,preServer/ups.v3_4-v4_5_3.20010926.tar
products-212-of-213,preServer/varicad.20010925.tar
products-212-of-213,preServer/vogle.v1_3_0-v2.0b0.20010926.tar
products-212-of-213,preServer/wml.v2_0_6.20010925.tar
products-212-of-213,preServer/www.v2_6a-v3_0b5.www_tools.GENERIC_UNIX.20010925.tar
products-212-of-213,preServer/xanim.v2_70_64.20010925.tar
products-212-of-213,preServer/xed.b1_0.20010926.tar
products-212-of-213,preServer/xemacs.v20_4.20010918.tar
products-212-of-213,preServer/ximagetools.v3_0-v4_0.20010925.tar
products-212-of-213,preServer/xntp.v3_5_93-v3_5_93es.20010926.tar
products-212-of-213,preServer/xtools.ALL.20010926.tar
products-212-of-213,preServer/yaccxx.v2_0.20010925.tar
products-213-of-213,singleProds/ftools5.2linux_pc.tar.gz
products-213-of-213,singleProds/ftools5.2src.tar.gz
products-213-of-213,singleProds/gdb.v5_0c.Linux.tar.gz
products-213-of-213,singleProds/ghostview-Fermi-v5_50-From-IRIX6-dir.tar.gz
products-213-of-213,singleProds/idl_v6.2_linux.x86.tar
products-213-of-213,singleProds/ImageMagick-6.0.4-4.tar.gz
products-213-of-213,singleProds/ImageMagick-6.2.6-1.tgz
products-213-of-213,singleProds/iraf.v2_12_1.Linux.tar.gz
products-213-of-213,singleProds/lsf.v5_1.lsfadmHome-ups.B4std.20060510.tgz
products-213-of-213,singleProds/lsf.v5_1.lsfadmHome-ups.CleanAndGood.20060512.tgz
products-213-of-213,singleProds/lsf.v5_1.SciLinux.update.tar
products-213-of-213,singleProds/lsf5.1_linux2.4-glibc2.2-x86.tar.Z
products-213-of-213,singleProds/lsf5.1_linux2.4-glibc2.3-x86.Dec2004.tar.Z
products-213-of-213,singleProds/lsf5.1_linux2.6-glibc2.3-amd64.tar.Z
products-213-of-213,singleProds/lsf5.1_linux2.6-glibc2.3-x86.tar.Z
products-213-of-213,singleProds/lsf5.1_lsfinstall.tar.Dec2004.Z
products-213-of-213,singleProds/lsf5.1_lsfinstall.tar.gz
products-213-of-213,singleProds/lsf5.1_sgi6.5.8.tar.Z
products-213-of-213,singleProds/mathematica-6.0-CDs.From-dp0.a-data-products.tgz
products-213-of-213,singleProds/ncd.v3.3.2.COMBINED.tarFiles.tar
products-213-of-213,singleProds/refdata-for-iraf.COMBINED.5-tar-files.tar
products-213-of-213,singleProds/rsync-2.4.6.tar.gz
products-213-of-213,singleProds/sdssProdsBuiltOn.bldlinuxlts301.forSciLinux.yr2004.tgz
products-213-of-213,singleProds/slalib.leapSecFix.origTarFromJeffPier.20051209.tar
products-213-of-213,singleProds/sm.v2_4_13.tar.gz
products-213-of-213,singleProds/sm.v2_4_27.tar.gz
products-213-of-213,singleProds/sm.v2_4_27a.tgz
products-213-of-213,singleProds/sqlFits2Csv.v4.9.6.SciLnx.BldAndCut.tar
products-213-of-213,singleProds/stsdas-v3_0.bin.redhat.tar.gz
products-213-of-213,singleProds/stsdas-v3_0.tar.gz
products-213-of-213,singleProds/tables-v3_0-bin.redhat.tar.gz
products-213-of-213,singleProds/tables-v3_0.tar.gz
